INFO:ImportIFC:Starting import
INFO:ImportIFC:loading file /home/diana/BIM/Clash H8-2/BIM IFC2/K-15-V-08.ifc
INFO:ImportIFC:Creating object #18=IfcProject('2rE1cFQurCf8n7WoYumwsv',#6,'10108',$,$,'RACKARBERGET TORGET','STATUS',(#13),#10728)
INFO:ImportIFC:Creating object #559=IfcSlab('22Qf$m7qHD0hM1fd6LNihv',#6,'Floor:650 BTG:1607881',$,$,#548,#558,'1607881',.FLOOR.)
INFO:ImportIFC:Creating object #596=IfcSlab('22Qf$m7qHD0hM1fd6LNikJ',#6,'RR pile with Pressure Plate:RD140/10:1608099',$,$,#573,#595,'1608099',.BASESLAB.)
INFO:ImportIFC:Creating object #651=IfcSlab('22Qf$m7qHD0hM1fd6LNimQ',#6,'Floor:650 BTG:1609258',$,$,#640,#650,'1609258',.FLOOR.)
INFO:ImportIFC:Creating object #631=IfcSlab('22Qf$m7qHD0hM1fd6LNibA',#6,'RR pile with Pressure Plate:RD140/10:1608570',$,$,#612,#630,'1608570',.BASESLAB.)
INFO:ImportIFC:Creating object #680=IfcSlab('22Qf$m7qHD0hM1fd6LNim0',#6,'RR pile with Pressure Plate:RD140/10:1609264',$,$,#661,#679,'1609264',.BASESLAB.)
INFO:ImportIFC:Creating object #286=IfcSlab('22Qf$m7qHD0hM1fd6LNiT3',#6,'Floor:600 BTG:1607027',$,$,#59,#285,'1607027',.FLOOR.)
INFO:ImportIFC:Creating object #728=IfcSlab('22Qf$m7qHD0hM1fd6LNinA',#6,'Floor:650 BTG:1609338',$,$,#717,#727,'1609338',.FLOOR.)
INFO:ImportIFC:Creating object #708=IfcSlab('22Qf$m7qHD0hM1fd6LNim1',#6,'RR pile with Pressure Plate:RD140/10:1609265',$,$,#689,#707,'1609265',.BASESLAB.)
INFO:ImportIFC:Creating object #757=IfcSlab('22Qf$m7qHD0hM1fd6LNiom',#6,'RR pile with Pressure Plate:RD140/10:1609344',$,$,#738,#756,'1609344',.BASESLAB.)
INFO:ImportIFC:Creating object #805=IfcSlab('22Qf$m7qHD0hM1fd6LNioX',#6,'Floor:650 BTG:1609361',$,$,#794,#804,'1609361',.FLOOR.)
INFO:ImportIFC:Creating object #785=IfcSlab('22Qf$m7qHD0hM1fd6LNion',#6,'RR pile with Pressure Plate:RD140/10:1609345',$,$,#766,#784,'1609345',.BASESLAB.)
INFO:ImportIFC:Creating object #882=IfcSlab('22Qf$m7qHD0hM1fd6LNipl',#6,'Floor:650 BTG:1609439',$,$,#871,#881,'1609439',.FLOOR.)
INFO:ImportIFC:Creating object #834=IfcSlab('22Qf$m7qHD0hM1fd6LNiod',#6,'RR pile with Pressure Plate:RD140/10:1609367',$,$,#815,#833,'1609367',.BASESLAB.)
INFO:ImportIFC:Creating object #862=IfcSlab('22Qf$m7qHD0hM1fd6LNioe',#6,'RR pile with Pressure Plate:RD140/10:1609368',$,$,#843,#861,'1609368',.BASESLAB.)
INFO:ImportIFC:Creating object #959=IfcSlab('22Qf$m7qHD0hM1fd6LNiqN',#6,'Floor:650 BTG:1609511',$,$,#948,#958,'1609511',.FLOOR.)
INFO:ImportIFC:Creating object #939=IfcSlab('22Qf$m7qHD0hM1fd6LNipM',#6,'RR pile with Pressure Plate:RD140/10:1609446',$,$,#920,#938,'1609446',.BASESLAB.)
INFO:ImportIFC:Creating object #988=IfcSlab('22Qf$m7qHD0hM1fd6LNiqT',#6,'RR pile with Pressure Plate:RD140/10:1609517',$,$,#969,#987,'1609517',.BASESLAB.)
INFO:ImportIFC:Creating object #911=IfcSlab('22Qf$m7qHD0hM1fd6LNipL',#6,'RR pile with Pressure Plate:RD140/10:1609445',$,$,#892,#910,'1609445',.BASESLAB.)
INFO:ImportIFC:Creating object #1036=IfcSlab('22Qf$m7qHD0hM1fd6LNisv',#6,'Floor:650 BTG:1609609',$,$,#1025,#1035,'1609609',.FLOOR.)
INFO:ImportIFC:Creating object #1016=IfcSlab('22Qf$m7qHD0hM1fd6LNiqU',#6,'RR pile with Pressure Plate:RD140/10:1609518',$,$,#997,#1015,'1609518',.BASESLAB.)
INFO:ImportIFC:Creating object #1065=IfcSlab('22Qf$m7qHD0hM1fd6LNis$',#6,'RR pile with Pressure Plate:RD140/10:1609615',$,$,#1046,#1064,'1609615',.BASESLAB.)
INFO:ImportIFC:Creating object #1113=IfcSlab('22Qf$m7qHD0hM1fd6LNisk',#6,'Floor:650 BTG:1609630',$,$,#1102,#1112,'1609630',.FLOOR.)
INFO:ImportIFC:Creating object #1093=IfcSlab('22Qf$m7qHD0hM1fd6LNisW',#6,'RR pile with Pressure Plate:RD140/10:1609616',$,$,#1074,#1092,'1609616',.BASESLAB.)
INFO:ImportIFC:Creating object #1142=IfcSlab('22Qf$m7qHD0hM1fd6LNisK',#6,'RR pile with Pressure Plate:RD140/10:1609636',$,$,#1123,#1141,'1609636',.BASESLAB.)
INFO:ImportIFC:Creating object #1190=IfcSlab('22Qf$m7qHD0hM1fd6LNis5',#6,'Floor:650 BTG:1609653',$,$,#1179,#1189,'1609653',.FLOOR.)
INFO:ImportIFC:Creating object #1170=IfcSlab('22Qf$m7qHD0hM1fd6LNisL',#6,'RR pile with Pressure Plate:RD140/10:1609637',$,$,#1151,#1169,'1609637',.BASESLAB.)
INFO:ImportIFC:Creating object #1267=IfcSlab('22Qf$m7qHD0hM1fd6LNit_',#6,'Floor:650 BTG:1609678',$,$,#1256,#1266,'1609678',.FLOOR.)
INFO:ImportIFC:Creating object #1247=IfcSlab('22Qf$m7qHD0hM1fd6LNisC',#6,'RR pile with Pressure Plate:RD140/10:1609660',$,$,#1228,#1246,'1609660',.BASESLAB.)
INFO:ImportIFC:Creating object #1219=IfcSlab('22Qf$m7qHD0hM1fd6LNisB',#6,'RR pile with Pressure Plate:RD140/10:1609659',$,$,#1200,#1218,'1609659',.BASESLAB.)
INFO:ImportIFC:Creating object #1296=IfcSlab('22Qf$m7qHD0hM1fd6LNita',#6,'RR pile with Pressure Plate:RD140/10:1609684',$,$,#1277,#1295,'1609684',.BASESLAB.)
INFO:ImportIFC:Creating object #1344=IfcSlab('22Qf$m7qHD0hM1fd6LNitP',#6,'Floor:650 BTG:1609705',$,$,#1333,#1343,'1609705',.FLOOR.)
INFO:ImportIFC:Creating object #1324=IfcSlab('22Qf$m7qHD0hM1fd6LNitb',#6,'RR pile with Pressure Plate:RD140/10:1609685',$,$,#1305,#1323,'1609685',.BASESLAB.)
INFO:ImportIFC:Creating object #1401=IfcSlab('22Qf$m7qHD0hM1fd6LNit0',#6,'RR pile with Pressure Plate:RD140/10:1609712',$,$,#1382,#1400,'1609712',.BASESLAB.)
INFO:ImportIFC:Creating object #1373=IfcSlab('22Qf$m7qHD0hM1fd6LNitV',#6,'RR pile with Pressure Plate:RD140/10:1609711',$,$,#1354,#1372,'1609711',.BASESLAB.)
INFO:ImportIFC:Creating object #1421=IfcSlab('22Qf$m7qHD0hM1fd6LNitE',#6,'Floor:650 BTG:1609726',$,$,#1410,#1420,'1609726',.FLOOR.)
INFO:ImportIFC:Creating object #1450=IfcSlab('22Qf$m7qHD0hM1fd6LNj8q',#6,'RR pile with Pressure Plate:RD140/10:1609732',$,$,#1431,#1449,'1609732',.BASESLAB.)
INFO:ImportIFC:Creating object #1498=IfcSlab('22Qf$m7qHD0hM1fd6LNj8b',#6,'Floor:650 BTG:1609749',$,$,#1487,#1497,'1609749',.FLOOR.)
INFO:ImportIFC:Creating object #1478=IfcSlab('22Qf$m7qHD0hM1fd6LNj8r',#6,'RR pile with Pressure Plate:RD140/10:1609733',$,$,#1459,#1477,'1609733',.BASESLAB.)
INFO:ImportIFC:Creating object #1575=IfcSlab('22Qf$m7qHD0hM1fd6LNj8U',#6,'Floor:650 BTG:1609774',$,$,#1564,#1574,'1609774',.FLOOR.)
INFO:ImportIFC:Creating object #1555=IfcSlab('22Qf$m7qHD0hM1fd6LNj8i',#6,'RR pile with Pressure Plate:RD140/10:1609756',$,$,#1536,#1554,'1609756',.BASESLAB.)
INFO:ImportIFC:Creating object #1527=IfcSlab('22Qf$m7qHD0hM1fd6LNj8h',#6,'RR pile with Pressure Plate:RD140/10:1609755',$,$,#1508,#1526,'1609755',.BASESLAB.)
INFO:ImportIFC:Creating object #1652=IfcSlab('22Qf$m7qHD0hM1fd6LNj9p',#6,'Floor:650 BTG:1609795',$,$,#1641,#1651,'1609795',.FLOOR.)
INFO:ImportIFC:Creating object #1604=IfcSlab('22Qf$m7qHD0hM1fd6LNj84',#6,'RR pile with Pressure Plate:RD140/10:1609780',$,$,#1585,#1603,'1609780',.BASESLAB.)
INFO:ImportIFC:Creating object #1632=IfcSlab('22Qf$m7qHD0hM1fd6LNj85',#6,'RR pile with Pressure Plate:RD140/10:1609781',$,$,#1613,#1631,'1609781',.BASESLAB.)
INFO:ImportIFC:Creating object #1681=IfcSlab('22Qf$m7qHD0hM1fd6LNj9v',#6,'RR pile with Pressure Plate:RD140/10:1609801',$,$,#1662,#1680,'1609801',.BASESLAB.)
INFO:ImportIFC:Creating object #1729=IfcSlab('22Qf$m7qHD0hM1fd6LNjFa',#6,'Floor:650 BTG:1610196',$,$,#1718,#1728,'1610196',.FLOOR.)
INFO:ImportIFC:Creating object #1709=IfcSlab('22Qf$m7qHD0hM1fd6LNj9w',#6,'RR pile with Pressure Plate:RD140/10:1609802',$,$,#1690,#1708,'1609802',.BASESLAB.)
INFO:ImportIFC:Creating object #1806=IfcSlab('22Qf$m7qHD0hM1fd6LNjPr',#6,'Floor:650 BTG:1610821',$,$,#1795,#1805,'1610821',.FLOOR.)
INFO:ImportIFC:Creating object #1786=IfcSlab('22Qf$m7qHD0hM1fd6LNjFh',#6,'RR pile with Pressure Plate:RD140/10:1610203',$,$,#1767,#1785,'1610203',.BASESLAB.)
INFO:ImportIFC:Creating object #1758=IfcSlab('22Qf$m7qHD0hM1fd6LNjFg',#6,'RR pile with Pressure Plate:RD140/10:1610202',$,$,#1739,#1757,'1610202',.BASESLAB.)
INFO:ImportIFC:Creating object #1883=IfcSlab('22Qf$m7qHD0hM1fd6LNje8',#6,'Floor:650 BTG:1611832',$,$,#1872,#1882,'1611832',.FLOOR.)
INFO:ImportIFC:Creating object #1863=IfcSlab('22Qf$m7qHD0hM1fd6LNjPy',#6,'RR pile with Pressure Plate:RD140/10:1610828',$,$,#1844,#1862,'1610828',.BASESLAB.)
INFO:ImportIFC:Creating object #1835=IfcSlab('22Qf$m7qHD0hM1fd6LNjPx',#6,'RR pile with Pressure Plate:RD140/10:1610827',$,$,#1816,#1834,'1610827',.BASESLAB.)
INFO:ImportIFC:Creating object #1912=IfcSlab('22Qf$m7qHD0hM1fd6LNjeE',#6,'RR pile with Pressure Plate:RD140/10:1611838',$,$,#1893,#1911,'1611838',.BASESLAB.)
INFO:ImportIFC:Creating object #1960=IfcSlab('1MtA$wfTnE89QqC8Eo6JWM',#6,'Floor:650 BTG:1612922',$,$,#1949,#1959,'1612922',.FLOOR.)
INFO:ImportIFC:Creating object #1940=IfcSlab('22Qf$m7qHD0hM1fd6LNjeF',#6,'RR pile with Pressure Plate:RD140/10:1611839',$,$,#1921,#1939,'1611839',.BASESLAB.)
INFO:ImportIFC:Creating object #1989=IfcSlab('1MtA$wfTnE89QqC8Eo6JZi',#6,'RR pile with Pressure Plate:RD140/10:1612928',$,$,#1970,#1988,'1612928',.BASESLAB.)
INFO:ImportIFC:Creating object #2037=IfcSlab('1MtA$wfTnE89QqC8Eo6Jb_',#6,'Floor:650 BTG:1613074',$,$,#2026,#2036,'1613074',.FLOOR.)
INFO:ImportIFC:Creating object #2017=IfcSlab('1MtA$wfTnE89QqC8Eo6JZj',#6,'RR pile with Pressure Plate:RD140/10:1612929',$,$,#1998,#2016,'1612929',.BASESLAB.)
INFO:ImportIFC:Creating object #2094=IfcSlab('1MtA$wfTnE89QqC8Eo6Jbr',#6,'RR pile with Pressure Plate:RD140/10:1613081',$,$,#2075,#2093,'1613081',.BASESLAB.)
INFO:ImportIFC:Creating object #2066=IfcSlab('1MtA$wfTnE89QqC8Eo6Jbq',#6,'RR pile with Pressure Plate:RD140/10:1613080',$,$,#2047,#2065,'1613080',.BASESLAB.)
INFO:ImportIFC:Creating object #2114=IfcSlab('1MtA$wfTnE89QqC8Eo6Jdm',#6,'Floor:650 BTG:1613212',$,$,#2103,#2113,'1613212',.FLOOR.)
INFO:ImportIFC:Creating object #2191=IfcSlab('1MtA$wfTnE89QqC8Eo6JdV',#6,'Floor:650 BTG:1613235',$,$,#2180,#2190,'1613235',.FLOOR.)
INFO:ImportIFC:Creating object #2171=IfcSlab('1MtA$wfTnE89QqC8Eo6JdF',#6,'RR pile with Pressure Plate:RD140/10:1613219',$,$,#2152,#2170,'1613219',.BASESLAB.)
INFO:ImportIFC:Creating object #2220=IfcSlab('1MtA$wfTnE89QqC8Eo6JdL',#6,'RR pile with Pressure Plate:RD140/10:1613241',$,$,#2201,#2219,'1613241',.BASESLAB.)
INFO:ImportIFC:Creating object #2143=IfcSlab('1MtA$wfTnE89QqC8Eo6JdE',#6,'RR pile with Pressure Plate:RD140/10:1613218',$,$,#2124,#2142,'1613218',.BASESLAB.)
INFO:ImportIFC:Creating object #2316=IfcWall('0vnaqzM3X1993q3wmO1SFC',#6,'Basic Wall:Concrete - Cast-in-Place - 412:1618544',$,$,#2259,#2264,'1618544')
INFO:ImportIFC:Creating object #2348=IfcSlab('2TpkYqaPTCqhVRlCXguJqL',#6,'Floor:500 BTG:1623642',$,$,#2330,#2347,'1623642',.FLOOR.)
INFO:ImportIFC:Creating object #2377=IfcWallStandardCase('3U976yoxP4kAVQbLmq$_qo',#6,'Basic Wall:Concrete - Cast-in-Place - 200:1624429',$,$,#2364,#2368,'1624429')
INFO:ImportIFC:Creating object #2429=IfcWallStandardCase('3U976yoxP4kAVQbLmq$_qf',#6,'Basic Wall:Concrete - Cast-in-Place - 200:1624438',$,$,#2417,#2421,'1624438')
INFO:ImportIFC:Creating object #2248=IfcSlab('1MtA$wfTnE89QqC8Eo6JdM',#6,'RR pile with Pressure Plate:RD140/10:1613242',$,$,#2229,#2247,'1613242',.BASESLAB.)
INFO:ImportIFC:Creating object #2401=IfcSlab('3U976yoxP4kAVQbLmq$_ql',#6,'Floor:250 BTG:1624432',$,$,#2390,#2400,'1624432',.FLOOR.)
INFO:ImportIFC:Creating object #2453=IfcWallStandardCase('3U976yoxP4kAVQbLmq$_qe',#6,'Basic Wall:Concrete - Cast-in-Place - 200:1624439',$,$,#2441,#2445,'1624439')
INFO:ImportIFC:Creating object #2477=IfcWallStandardCase('3U976yoxP4kAVQbLmq$_tB',#6,'Basic Wall:Concrete - Cast-in-Place - 200:1624468',$,$,#2465,#2469,'1624468')
INFO:ImportIFC:Creating object #2498=IfcSlab('0F9t5p45X9Vf$Klq95QZJD',#6,'Floor:550 BTG:1626885',$,$,#2487,#2497,'1626885',.FLOOR.)
INFO:ImportIFC:Creating object #2551=IfcSlab('3IXkosVlr2wuA56b_H17D4',#6,'Floor:650 BTG:1628477',$,$,#2540,#2550,'1628477',.FLOOR.)
INFO:ImportIFC:Creating object #2580=IfcSlab('3IXkosVlr2wuA56b_H17Cw',#6,'RR pile with Pressure Plate:RD140/10:1628483',$,$,#2561,#2579,'1628483',.BASESLAB.)
INFO:ImportIFC:Creating object #2531=IfcSlab('0F9t5p45X9Vf$Klq95QZBK',#6,'RR pile with Pressure Plate:RD140/10:1627420',$,$,#2512,#2530,'1627420',.BASESLAB.)
INFO:ImportIFC:Creating object #2608=IfcSlab('3IXkosVlr2wuA56b_H17Cz',#6,'RR pile with Pressure Plate:RD140/10:1628484',$,$,#2589,#2607,'1628484',.BASESLAB.)
INFO:ImportIFC:Creating object #2628=IfcSlab('3IXkosVlr2wuA56b_H17Cn',#6,'Floor:650 BTG:1628488',$,$,#2617,#2627,'1628488',.FLOOR.)
INFO:ImportIFC:Creating object #2705=IfcSlab('3IXkosVlr2wuA56b_H17CD',#6,'Floor:650 BTG:1628532',$,$,#2694,#2704,'1628532',.FLOOR.)
INFO:ImportIFC:Creating object #2685=IfcSlab('3IXkosVlr2wuA56b_H17Cs',#6,'RR pile with Pressure Plate:RD140/10:1628495',$,$,#2666,#2684,'1628495',.BASESLAB.)
INFO:ImportIFC:Creating object #2657=IfcSlab('3IXkosVlr2wuA56b_H17Ct',#6,'RR pile with Pressure Plate:RD140/10:1628494',$,$,#2638,#2656,'1628494',.BASESLAB.)
INFO:ImportIFC:Creating object #2782=IfcSlab('3IXkosVlr2wuA56b_H17Fi',#6,'Floor:650 BTG:1628565',$,$,#2771,#2781,'1628565',.FLOOR.)
INFO:ImportIFC:Creating object #2762=IfcSlab('3IXkosVlr2wuA56b_H17C2',#6,'RR pile with Pressure Plate:RD140/10:1628539',$,$,#2743,#2761,'1628539',.BASESLAB.)
INFO:ImportIFC:Creating object #2734=IfcSlab('3IXkosVlr2wuA56b_H17C3',#6,'RR pile with Pressure Plate:RD140/10:1628538',$,$,#2715,#2733,'1628538',.BASESLAB.)
INFO:ImportIFC:Creating object #2811=IfcSlab('3IXkosVlr2wuA56b_H17FY',#6,'RR pile with Pressure Plate:RD140/10:1628571',$,$,#2792,#2810,'1628571',.BASESLAB.)
INFO:ImportIFC:Creating object #2859=IfcSlab('3IXkosVlr2wuA56b_H17FP',#6,'Floor:650 BTG:1628576',$,$,#2848,#2858,'1628576',.FLOOR.)
INFO:ImportIFC:Creating object #2839=IfcSlab('3IXkosVlr2wuA56b_H17Fb',#6,'RR pile with Pressure Plate:RD140/10:1628572',$,$,#2820,#2838,'1628572',.BASESLAB.)
INFO:ImportIFC:Creating object #2936=IfcSlab('3IXkosVlr2wuA56b_H17FI',#6,'Floor:650 BTG:1628587',$,$,#2925,#2935,'1628587',.FLOOR.)
INFO:ImportIFC:Creating object #2916=IfcSlab('3IXkosVlr2wuA56b_H17FU',#6,'RR pile with Pressure Plate:RD140/10:1628583',$,$,#2897,#2915,'1628583',.BASESLAB.)
INFO:ImportIFC:Creating object #2888=IfcSlab('3IXkosVlr2wuA56b_H17FV',#6,'RR pile with Pressure Plate:RD140/10:1628582',$,$,#2869,#2887,'1628582',.BASESLAB.)
INFO:ImportIFC:Creating object #3013=IfcSlab('3IXkosVlr2wuA56b_H17Eu',#6,'Floor:650 BTG:1628609',$,$,#3002,#3012,'1628609',.FLOOR.)
INFO:ImportIFC:Creating object #2993=IfcSlab('3IXkosVlr2wuA56b_H17FB',#6,'RR pile with Pressure Plate:RD140/10:1628594',$,$,#2974,#2992,'1628594',.BASESLAB.)
INFO:ImportIFC:Creating object #2965=IfcSlab('3IXkosVlr2wuA56b_H17F8',#6,'RR pile with Pressure Plate:RD140/10:1628593',$,$,#2946,#2964,'1628593',.BASESLAB.)
INFO:ImportIFC:Creating object #3042=IfcSlab('3IXkosVlr2wuA56b_H17E_',#6,'RR pile with Pressure Plate:RD140/10:1628615',$,$,#3023,#3041,'1628615',.BASESLAB.)
INFO:ImportIFC:Creating object #3090=IfcSlab('3IXkosVlr2wuA56b_H17Er',#6,'Floor:650 BTG:1628620',$,$,#3079,#3089,'1628620',.FLOOR.)
INFO:ImportIFC:Creating object #3070=IfcSlab('3IXkosVlr2wuA56b_H17En',#6,'RR pile with Pressure Plate:RD140/10:1628616',$,$,#3051,#3069,'1628616',.BASESLAB.)
INFO:ImportIFC:Creating object #3119=IfcSlab('3IXkosVlr2wuA56b_H17Eh',#6,'RR pile with Pressure Plate:RD140/10:1628626',$,$,#3100,#3118,'1628626',.BASESLAB.)
INFO:ImportIFC:Creating object #3167=IfcSlab('3IXkosVlr2wuA56b_H170I',#6,'Floor:550 BTG:1628779',$,$,#3156,#3166,'1628779',.FLOOR.)
INFO:ImportIFC:Creating object #3216=IfcSlab('3IXkosVlr2wuA56b_H1706',#6,'Floor:550 BTG:1628799',$,$,#3205,#3215,'1628799',.FLOOR.)
INFO:ImportIFC:Creating object #3147=IfcSlab('3IXkosVlr2wuA56b_H17Eg',#6,'RR pile with Pressure Plate:RD140/10:1628627',$,$,#3128,#3146,'1628627',.BASESLAB.)
INFO:ImportIFC:Creating object #3265=IfcSlab('3IXkosVlr2wuA56b_H173g',#6,'Floor:550 BTG:1628819',$,$,#3254,#3264,'1628819',.FLOOR.)
INFO:ImportIFC:Creating object #3196=IfcSlab('3IXkosVlr2wuA56b_H1708',#6,'RR pile with Pressure Plate:RD140/10:1628785',$,$,#3177,#3195,'1628785',.BASESLAB.)
INFO:ImportIFC:Creating object #3314=IfcSlab('3IXkosVlr2wuA56b_H172I',#6,'Floor:550 BTG:1628907',$,$,#3303,#3313,'1628907',.FLOOR.)
INFO:ImportIFC:Creating object #3245=IfcSlab('3IXkosVlr2wuA56b_H173y',#6,'RR pile with Pressure Plate:RD140/10:1628805',$,$,#3226,#3244,'1628805',.BASESLAB.)
INFO:ImportIFC:Creating object #3363=IfcSlab('25R6qIJ7HCRAqxNnHbcXCo',#6,'Floor:650 BTG:1629005',$,$,#3352,#3362,'1629005',.FLOOR.)
INFO:ImportIFC:Creating object #3343=IfcSlab('3IXkosVlr2wuA56b_H1728',#6,'RR pile with Pressure Plate:RD140/10:1628913',$,$,#3324,#3342,'1628913',.BASESLAB.)
INFO:ImportIFC:Creating object #3294=IfcSlab('3IXkosVlr2wuA56b_H173W',#6,'RR pile with Pressure Plate:RD140/10:1628825',$,$,#3275,#3293,'1628825',.BASESLAB.)
INFO:ImportIFC:Creating object #3392=IfcSlab('25R6qIJ7HCRAqxNnHbcXCi',#6,'RR pile with Pressure Plate:RD140/10:1629011',$,$,#3373,#3391,'1629011',.BASESLAB.)
INFO:ImportIFC:Creating object #3420=IfcSlab('25R6qIJ7HCRAqxNnHbcXCh',#6,'RR pile with Pressure Plate:RD140/10:1629012',$,$,#3401,#3419,'1629012',.BASESLAB.)
INFO:ImportIFC:Creating object #3450=IfcSlab('309$ipA4H7Nec9AVcxMgFV',#6,'RR pile with Pressure Plate:RD140/10:1632081',$,$,#3429,#3449,'1632081',.BASESLAB.)
INFO:ImportIFC:Creating object #3479=IfcSlab('1QPOUNVTb3XwCFwF4fpr4h',#6,'RR pile with Pressure Plate:RD140/10:1637161',$,$,#3460,#3478,'1637161',.BASESLAB.)
INFO:ImportIFC:Creating object #3507=IfcSlab('1QPOUNVTb3XwCFwF4fprQO',#6,'RR pile with Pressure Plate:RD140/10:1637530',$,$,#3488,#3506,'1637530',.BASESLAB.)
INFO:ImportIFC:Creating object #3535=IfcSlab('1QPOUNVTb3XwCFwF4fprSD',#6,'RR pile with Pressure Plate:RD140/10:1637647',$,$,#3516,#3534,'1637647',.BASESLAB.)
INFO:ImportIFC:Creating object #3563=IfcSlab('1QPOUNVTb3XwCFwF4fprUy',#6,'RR pile with Pressure Plate:RD140/10:1637822',$,$,#3544,#3562,'1637822',.BASESLAB.)
INFO:ImportIFC:Creating object #3592=IfcSlab('0lEd2Iu$94IQY13zZOhXm5',#6,'Floor:500 BTG:1638230',$,$,#3572,#3591,'1638230',.FLOOR.)
INFO:ImportIFC:Creating object #3652=IfcSlab('0z95fqNuj3bx7HTx6Xs6Mt',#6,'RR pile with Pressure Plate:RD140/10:1642499',$,$,#3633,#3651,'1642499',.BASESLAB.)
INFO:ImportIFC:Creating object #3682=IfcSlab('0z95fqNuj3bx7HTx6Xs6LG',#6,'RR pile with Pressure Plate:RD140/10:1642724',$,$,#3661,#3681,'1642724',.BASESLAB.)
INFO:ImportIFC:Creating object #3623=IfcSlab('0z95fqNuj3bx7HTx6Xs7iP',#6,'RR pile with Pressure Plate:RD140/10:1642157',$,$,#3602,#3622,'1642157',.BASESLAB.)
INFO:ImportIFC:Creating object #3710=IfcSlab('0z95fqNuj3bx7HTx6Xs6JE',#6,'RR pile with Pressure Plate:RD140/10:1642874',$,$,#3691,#3709,'1642874',.BASESLAB.)
INFO:ImportIFC:Creating object #3766=IfcSlab('0z95fqNuj3bx7HTx6Xs6Sy',#6,'RR pile with Pressure Plate:RD140/10:1643144',$,$,#3747,#3765,'1643144',.BASESLAB.)
INFO:ImportIFC:Creating object #3738=IfcSlab('0z95fqNuj3bx7HTx6Xs6Uu',#6,'RR pile with Pressure Plate:RD140/10:1643020',$,$,#3719,#3737,'1643020',.BASESLAB.)
INFO:ImportIFC:Creating object #3848=IfcSlab('0elcjjBqT2WuSfhpvTmG$O',#6,'Floor:500 BTG:1660715',$,$,#3803,#3847,'1660715',.FLOOR.)
INFO:ImportIFC:Creating object #3873=IfcSlab('0elcjjBqT2WuSfhpvTmG7h',#6,'Floor:Concrete - Cast-in-Place - 150:1661208',$,$,#3857,#3872,'1661208',.FLOOR.)
INFO:ImportIFC:Creating object #3901=IfcWallStandardCase('0Dl2Km$jXE1hKGR8r6jn0o',#6,'Basic Wall:Concrete - Cast-in-Place - 200:1667205',$,$,#3889,#3893,'1667205')
INFO:ImportIFC:Creating object #3925=IfcWallStandardCase('0Dl2Km$jXE1hKGR8r6jn0n',#6,'Basic Wall:Concrete - Cast-in-Place - 200:1667206',$,$,#3913,#3917,'1667206')
INFO:ImportIFC:Creating object #3794=IfcSlab('1pYdUfaX9FtQcqpUiHo8RL',#6,'RR pile with Pressure Plate:RD140/10:1654809',$,$,#3775,#3793,'1654809',.BASESLAB.)
INFO:ImportIFC:Creating object #3973=IfcWallStandardCase('0Dl2Km$jXE1hKGR8r6jn0$',#6,'Basic Wall:Concrete - Cast-in-Place - 200:1667208',$,$,#3961,#3965,'1667208')
INFO:ImportIFC:Creating object #3949=IfcWallStandardCase('0Dl2Km$jXE1hKGR8r6jn0m',#6,'Basic Wall:Concrete - Cast-in-Place - 200:1667207',$,$,#3937,#3941,'1667207')
INFO:ImportIFC:Creating object #3997=IfcWallStandardCase('0Dl2Km$jXE1hKGR8r6jn0a',#6,'Basic Wall:Concrete - Cast-in-Place - 200:1667219',$,$,#3985,#3989,'1667219')
INFO:ImportIFC:Creating object #4045=IfcWallStandardCase('0Dl2Km$jXE1hKGR8r6jn0Y',#6,'Basic Wall:Concrete - Cast-in-Place - 200:1667221',$,$,#4033,#4037,'1667221')
INFO:ImportIFC:Creating object #4021=IfcWallStandardCase('0Dl2Km$jXE1hKGR8r6jn0Z',#6,'Basic Wall:Concrete - Cast-in-Place - 200:1667220',$,$,#4009,#4013,'1667220')
INFO:ImportIFC:Creating object #4106=IfcWallStandardCase('0Dl2Km$jXE1hKGR8r6jn0Q',#6,'Basic Wall:Concrete - Cast-in-Place - 200:1667245',$,$,#4094,#4098,'1667245')
INFO:ImportIFC:Creating object #4082=IfcSlab('0Dl2Km$jXE1hKGR8r6jn0l',#6,'Floor:Concrete - Cast-in-Place - 200:1667224',$,$,#4055,#4081,'1667224',.FLOOR.)
INFO:ImportIFC:Creating object #4130=IfcWallStandardCase('0Dl2Km$jXE1hKGR8r6jnCC',#6,'Basic Wall:Concrete - Cast-in-Place - 200:1668027',$,$,#4118,#4122,'1668027')
INFO:ImportIFC:Creating object #4178=IfcWallStandardCase('0Dl2Km$jXE1hKGR8r6jnTM',#6,'Basic Wall:Concrete - Cast-in-Place - 200:1669089',$,$,#4166,#4170,'1669089')
INFO:ImportIFC:Creating object #4154=IfcWallStandardCase('0Dl2Km$jXE1hKGR8r6jnQa',#6,'Basic Wall:Concrete - Cast-in-Place - 200:1668627',$,$,#4142,#4146,'1668627')
INFO:ImportIFC:Creating object #4207=IfcSlab('2W9iUIrLP7xQWljilRVfAP',#6,'RR pile with Pressure Plate:RD140/10:1676344',$,$,#4188,#4206,'1676344',.BASESLAB.)
INFO:ImportIFC:Creating object #4235=IfcSlab('2W9iUIrLP7xQWljilRVf7o',#6,'RR pile with Pressure Plate:RD140/10:1677139',$,$,#4216,#4234,'1677139',.BASESLAB.)
INFO:ImportIFC:Creating object #4263=IfcSlab('2W9iUIrLP7xQWljilRVfwS',#6,'RR pile with Pressure Plate:RD140/10:1677373',$,$,#4244,#4262,'1677373',.BASESLAB.)
INFO:ImportIFC:Creating object #4372=IfcWallStandardCase('2G336sV9rCvAEY_NVepGv3',#6,'Basic Wall:Concrete - Cast-in-Place - 200:1688037',$,$,#4360,#4364,'1688037')
INFO:ImportIFC:Creating object #4348=IfcWallStandardCase('2G336sV9rCvAEY_NVepGuz',#6,'Basic Wall:Concrete - Cast-in-Place - 200:1687963',$,$,#4336,#4340,'1687963')
INFO:ImportIFC:Creating object #4502=IfcWallStandardCase('3E_iZLL3H2vvVGDBOlHiMF',#6,'Basic Wall:Concrete - Cast-in-Place - 200:1689305',$,$,#4490,#4494,'1689305')
INFO:ImportIFC:Creating object #4475=IfcSlab('3E_iZLL3H2vvVGDBOlHi1S',#6,'Floor:265 BTG:1688330',$,$,#4382,#4474,'1688330',.FLOOR.)
INFO:ImportIFC:Creating object #4580=IfcSlab('3E_iZLL3H2vvVGDBOlHiMZ',#6,'Floor:265 BTG:1689333',$,$,#4512,#4579,'1689333',.FLOOR.)
INFO:ImportIFC:Creating object #4603=IfcSlab('3E_iZLL3H2vvVGDBOlHikr',#6,'Floor:265 BTG:1689827',$,$,#4589,#4602,'1689827',.FLOOR.)
INFO:ImportIFC:Creating object #4627=IfcSlab('3E_iZLL3H2vvVGDBOlHi$7',#6,'Floor:200 BTG:1690769',$,$,#4613,#4626,'1690769',.FLOOR.)
INFO:ImportIFC:Creating object #4660=IfcWallStandardCase('1Bln_veFj7puNDSsr8lEvN',#6,'Basic Wall:Concrete - Cast-in-Place - 200:1693045',$,$,#4643,#4647,'1693045')
INFO:ImportIFC:Creating object #4688=IfcWallStandardCase('1Bln_veFj7puNDSsr8lEvP',#6,'Basic Wall:Concrete - Cast-in-Place - 200:1693051',$,$,#4672,#4676,'1693051')
INFO:ImportIFC:Creating object #4716=IfcWallStandardCase('1Bln_veFj7puNDSsr8lEwW',#6,'Basic Wall:Concrete - Cast-in-Place - 200:1693058',$,$,#4700,#4704,'1693058')
INFO:ImportIFC:Creating object #4792=IfcSlab('1Bln_veFj7puNDSsr8lEts',#6,'Floor:200 BTG:1693396',$,$,#4778,#4791,'1693396',.FLOOR.)
INFO:ImportIFC:Creating object #4816=IfcSlab('1Bln_veFj7puNDSsr8lEmX',#6,'Floor:265 BTG:1693443',$,$,#4802,#4815,'1693443',.FLOOR.)
INFO:ImportIFC:Creating object #4840=IfcSlab('1Bln_veFj7puNDSsr8lEm6',#6,'Floor:265 BTG:1693476',$,$,#4826,#4839,'1693476',.FLOOR.)
INFO:ImportIFC:Creating object #4864=IfcWallStandardCase('15AI333QL7C918c1wk5uAx',#6,'Basic Wall:Concrete - Cast-in-Place - 200:1802941',$,$,#4852,#4856,'1802941')
INFO:ImportIFC:Creating object #4893=IfcSlab('32M627M150O9dqKzk0$dgu',#6,'RR pile with Pressure Plate:RD140/10:1966131',$,$,#4874,#4892,'1966131',.BASESLAB.)
INFO:ImportIFC:Creating object #4923=IfcSlab('2wsE$64bfAxOtyS9ts4Wo7',#6,'RR pile with Pressure Plate:RD140/10:1980282',$,$,#4902,#4922,'1980282',.BASESLAB.)
INFO:ImportIFC:Creating object #4954=IfcSlab('2wsE$64bfAxOtyS9ts4W5B',#6,'RR pile with Pressure Plate:RD140/10:1981110',$,$,#4933,#4953,'1981110',.BASESLAB.)
INFO:ImportIFC:Creating object #4985=IfcSlab('1Qm8M6QFL9gBqZjv03DRXL',#6,'RR pile with Pressure Plate:RD140/10:1984021',$,$,#4964,#4984,'1984021',.BASESLAB.)
INFO:ImportIFC:Creating object #5016=IfcSlab('0Qtshb6E1EWPi4a9CLXdXj',#6,'RR pile with Pressure Plate:RD140/10:2025338',$,$,#4995,#5015,'2025338',.BASESLAB.)
INFO:ImportIFC:Creating object #5036=IfcSlab('2optMPCh583eJUrYS1XSuw',#6,'Floor:650 BTG:2118550',$,$,#5025,#5035,'2118550',.FLOOR.)
INFO:ImportIFC:Creating object #5065=IfcSlab('2optMPCh583eJUrYS1XSum',#6,'RR pile with Pressure Plate:RD140/10:2118556',$,$,#5046,#5064,'2118556',.BASESLAB.)
INFO:ImportIFC:Creating object #5093=IfcSlab('2optMPCh583eJUrYS1XSun',#6,'RR pile with Pressure Plate:RD140/10:2118557',$,$,#5074,#5092,'2118557',.BASESLAB.)
INFO:ImportIFC:Creating object #5113=IfcSlab('2optMPCh583eJUrYS1XSvM',#6,'Floor:650 BTG:2118650',$,$,#5102,#5112,'2118650',.FLOOR.)
INFO:ImportIFC:Creating object #5142=IfcSlab('2optMPCh583eJUrYS1XSci',#6,'RR pile with Pressure Plate:RD140/10:2118656',$,$,#5123,#5141,'2118656',.BASESLAB.)
INFO:ImportIFC:Creating object #5170=IfcSlab('2optMPCh583eJUrYS1XScj',#6,'RR pile with Pressure Plate:RD140/10:2118657',$,$,#5151,#5169,'2118657',.BASESLAB.)
INFO:ImportIFC:Creating object #5190=IfcSlab('2optMPCh583eJUrYS1XSWl',#6,'Floor:650 BTG:2119043',$,$,#5179,#5189,'2119043',.FLOOR.)
INFO:ImportIFC:Creating object #5219=IfcSlab('2optMPCh583eJUrYS1XSWb',#6,'RR pile with Pressure Plate:RD140/10:2119049',$,$,#5200,#5218,'2119049',.BASESLAB.)
INFO:ImportIFC:Creating object #5247=IfcSlab('2optMPCh583eJUrYS1XSWc',#6,'RR pile with Pressure Plate:RD140/10:2119050',$,$,#5228,#5246,'2119050',.BASESLAB.)
INFO:ImportIFC:Creating object #5267=IfcSlab('2optMPCh583eJUrYS1XSX3',#6,'Floor:650 BTG:2119151',$,$,#5256,#5266,'2119151',.FLOOR.)
INFO:ImportIFC:Creating object #4747=IfcWallStandardCase('1Bln_veFj7puNDSsr8lEwg',#6,'Basic Wall:Concrete - Cast-in-Place - 200:1693064',$,$,#4728,#4732,'1693064')
INFO:ImportIFC:Creating object #5324=IfcSlab('2optMPCh583eJUrYS1XSXQ',#6,'RR pile with Pressure Plate:RD140/10:2119158',$,$,#5305,#5323,'2119158',.BASESLAB.)
INFO:ImportIFC:Creating object #5344=IfcSlab('2optMPCh583eJUrYS1XSi5',#6,'Floor:650 BTG:2119337',$,$,#5333,#5343,'2119337',.FLOOR.)
INFO:ImportIFC:Creating object #5296=IfcSlab('2optMPCh583eJUrYS1XSXP',#6,'RR pile with Pressure Plate:RD140/10:2119157',$,$,#5277,#5295,'2119157',.BASESLAB.)
INFO:ImportIFC:Creating object #5373=IfcSlab('2optMPCh583eJUrYS1XSi3',#6,'RR pile with Pressure Plate:RD140/10:2119343',$,$,#5354,#5372,'2119343',.BASESLAB.)
INFO:ImportIFC:Creating object #5431=IfcSlab('0XSQ7nlrv2SOLJnqA$n6UU',#6,'RR pile with Pressure Plate:RD140/10:2263637',$,$,#5410,#5430,'2263637',.BASESLAB.)
INFO:ImportIFC:Creating object #5401=IfcSlab('2optMPCh583eJUrYS1XSiS',#6,'RR pile with Pressure Plate:RD140/10:2119344',$,$,#5382,#5400,'2119344',.BASESLAB.)
INFO:ImportIFC:Creating object #5526=IfcSlab('3rxOTX6O16R8Y381PrfeAB',#6,'Floor:650 BTG:2611757',$,$,#5515,#5525,'2611757',.FLOOR.)
INFO:ImportIFC:Creating object #5555=IfcSlab('3rxOTX6O16R8Y381PrfeAL',#6,'RR pile with Pressure Plate:RD140/10:2611763',$,$,#5536,#5554,'2611763',.BASESLAB.)
INFO:ImportIFC:Creating object #5583=IfcSlab('3rxOTX6O16R8Y381PrfeAI',#6,'RR pile with Pressure Plate:RD140/10:2611764',$,$,#5564,#5582,'2611764',.BASESLAB.)
INFO:ImportIFC:Creating object #5603=IfcSlab('3rxOTX6O16R8Y381PrfeCh',#6,'Floor:650 BTG:2612109',$,$,#5592,#5602,'2612109',.FLOOR.)
INFO:ImportIFC:Creating object #5632=IfcSlab('3rxOTX6O16R8Y381PrfeCr',#6,'RR pile with Pressure Plate:RD140/10:2612115',$,$,#5613,#5631,'2612115',.BASESLAB.)
INFO:ImportIFC:Creating object #5660=IfcSlab('3rxOTX6O16R8Y381PrfeCo',#6,'RR pile with Pressure Plate:RD140/10:2612116',$,$,#5641,#5659,'2612116',.BASESLAB.)
INFO:ImportIFC:Creating object #4286=IfcWallStandardCase('2G336sV9rCvAEY_NVepG_X',#6,'Basic Wall:Concrete - Cast-in-Place - 200:1687559',$,$,#4274,#4278,'1687559')
INFO:ImportIFC:Creating object #5680=IfcSlab('3rxOTX6O16R8Y381PrfeJX',#6,'Floor:650 BTG:2612295',$,$,#5669,#5679,'2612295',.FLOOR.)
INFO:ImportIFC:Creating object #5737=IfcSlab('3rxOTX6O16R8Y381PrfeJe',#6,'RR pile with Pressure Plate:RD140/10:2612302',$,$,#5718,#5736,'2612302',.BASESLAB.)
INFO:ImportIFC:Creating object #5709=IfcSlab('3rxOTX6O16R8Y381PrfeJh',#6,'RR pile with Pressure Plate:RD140/10:2612301',$,$,#5690,#5708,'2612301',.BASESLAB.)
INFO:ImportIFC:Creating object #5757=IfcSlab('1IzND9vID1TxKyM4ksLu$1',#6,'Floor:650 BTG:2614588',$,$,#5746,#5756,'2614588',.FLOOR.)
INFO:ImportIFC:Creating object #5814=IfcSlab('1IzND9vID1TxKyM4ksLu__',#6,'RR pile with Pressure Plate:RD140/10:2614595',$,$,#5795,#5813,'2614595',.BASESLAB.)
INFO:ImportIFC:Creating object #5786=IfcSlab('1IzND9vID1TxKyM4ksLu_$',#6,'RR pile with Pressure Plate:RD140/10:2614594',$,$,#5767,#5785,'2614594',.BASESLAB.)
INFO:ImportIFC:Creating object #5842=IfcSlab('3sn7W$0ePC2ev$$yCd5Hv_',#6,'RR pile with Pressure Plate:RD140/10:2619759',$,$,#5823,#5841,'2619759',.BASESLAB.)
INFO:ImportIFC:Creating object #5862=IfcSlab('3sn7W$0ePC2ev$$yCd5HvZ',#6,'Floor:100 BTG:2619762',$,$,#5851,#5861,'2619762',.FLOOR.)
INFO:ImportIFC:Creating object #5911=IfcSlab('3sn7W$0ePC2ev$$yCd5Hw8',#6,'Floor:100 BTG:2619801',$,$,#5900,#5910,'2619801',.FLOOR.)
INFO:ImportIFC:Creating object #5891=IfcSlab('3sn7W$0ePC2ev$$yCd5Hw7',#6,'RR pile with Pressure Plate:RD140/10:2619798',$,$,#5872,#5890,'2619798',.BASESLAB.)
INFO:ImportIFC:Creating object #5960=IfcSlab('3sn7W$0ePC2ev$$yCd5HxH',#6,'Floor:100 BTG:2619840',$,$,#5949,#5959,'2619840',.FLOOR.)
INFO:ImportIFC:Creating object #5940=IfcSlab('3sn7W$0ePC2ev$$yCd5Hwi',#6,'RR pile with Pressure Plate:RD140/10:2619837',$,$,#5921,#5939,'2619837',.BASESLAB.)
INFO:ImportIFC:Creating object #5989=IfcSlab('3sn7W$0ePC2ev$$yCd5Hxr',#6,'RR pile with Pressure Plate:RD140/10:2619876',$,$,#5970,#5988,'2619876',.BASESLAB.)
INFO:ImportIFC:Creating object #6009=IfcSlab('3sn7W$0ePC2ev$$yCd5Hxs',#6,'Floor:100 BTG:2619879',$,$,#5998,#6008,'2619879',.FLOOR.)
INFO:ImportIFC:Creating object #6033=IfcWallStandardCase('2GJ687PRH0mw5XoMlivwnw',#6,'Basic Wall:Concrete - Cast-in-Place - 300:2649525',$,$,#6021,#6025,'2649525')
INFO:ImportIFC:Creating object #6058=IfcSlab('01Icbl$RfFpOj$md1Yy6iq',#6,'Floor:280 BTG:2652429',$,$,#6047,#6057,'2652429',.FLOOR.)
INFO:ImportIFC:Creating object #6104=IfcWallStandardCase('01Icbl$RfFpOj$md1Yy6oU',#6,'Basic Wall:Concrete - Cast-in-Place - 300:2653863',$,$,#6092,#6096,'2653863')
INFO:ImportIFC:Creating object #6125=IfcSlab('01Icbl$RfFpOj$md1Yy6oJ',#6,'Floor:280 BTG:2653866',$,$,#6114,#6124,'2653866',.FLOOR.)
INFO:ImportIFC:Creating object #6149=IfcWallStandardCase('01Icbl$RfFpOj$md1Yy6qj',#6,'Basic Wall:Concrete - Cast-in-Place - 300:2653972',$,$,#6137,#6141,'2653972')
INFO:ImportIFC:Creating object #6194=IfcWallStandardCase('01Icbl$RfFpOj$md1Yy6qM',#6,'Basic Wall:Concrete - Cast-in-Place - 300:2653999',$,$,#6182,#6186,'2653999')
INFO:ImportIFC:Creating object #6170=IfcSlab('01Icbl$RfFpOj$md1Yy6qk',#6,'Floor:280 BTG:2653975',$,$,#6159,#6169,'2653975',.FLOOR.)
INFO:ImportIFC:Creating object #6215=IfcSlab('01Icbl$RfFpOj$md1Yy6qB',#6,'Floor:280 BTG:2654002',$,$,#6204,#6214,'2654002',.FLOOR.)
INFO:ImportIFC:Creating object #6284=IfcWallStandardCase('3K8C6GlZfE3QlT3xAYvUWt',#6,'Basic Wall:Concrete - Cast-in-Place - 235:2795778',$,$,#6272,#6276,'2795778')
INFO:ImportIFC:Creating object #6312=IfcWallStandardCase('3K8C6GlZfE3QlT3xAYvUeU',#6,'Basic Wall:Concrete - Cast-in-Place - 255:2796331',$,$,#6300,#6304,'2796331')
INFO:ImportIFC:Creating object #6340=IfcWallStandardCase('3K8C6GlZfE3QlT3xAYvUtO',#6,'Basic Wall:Concrete - Cast-in-Place - 255:2796781',$,$,#6328,#6332,'2796781')
INFO:ImportIFC:Creating object #6364=IfcWallStandardCase('3K8C6GlZfE3QlT3xAYvUpo',#6,'Basic Wall:Concrete - Cast-in-Place - 255:2796999',$,$,#6352,#6356,'2796999')
INFO:ImportIFC:Creating object #6388=IfcWallStandardCase('3K8C6GlZfE3QlT3xAYvVCK',#6,'Basic Wall:Concrete - Cast-in-Place - 235:2798113',$,$,#6376,#6380,'2798113')
INFO:ImportIFC:Creating object #6412=IfcWallStandardCase('3TGLzgck1BcAIvkHAqUuVz',#6,'Basic Wall:Concrete - Cast-in-Place - 360:2798497',$,$,#6400,#6404,'2798497')
INFO:ImportIFC:Creating object #6440=IfcWallStandardCase('3TGLzgck1BcAIvkHAqUu6H',#6,'Basic Wall:Concrete - Cast-in-Place - 360:2799053',$,$,#6428,#6432,'2799053')
INFO:ImportIFC:Creating object #6464=IfcWallStandardCase('3TGLzgck1BcAIvkHAqUu66',#6,'Basic Wall:Concrete - Cast-in-Place - 360:2799066',$,$,#6452,#6456,'2799066')
INFO:ImportIFC:Creating object #6488=IfcWallStandardCase('3TGLzgck1BcAIvkHAqUu6$',#6,'Basic Wall:Concrete - Cast-in-Place - 360:2799075',$,$,#6476,#6480,'2799075')
INFO:ImportIFC:Creating object #6512=IfcWallStandardCase('3TGLzgck1BcAIvkHAqUu6m',#6,'Basic Wall:Concrete - Cast-in-Place - 360:2799084',$,$,#6500,#6504,'2799084')
INFO:ImportIFC:Creating object #6536=IfcWallStandardCase('3TGLzgck1BcAIvkHAqUuAH',#6,'Basic Wall:Concrete - Cast-in-Place - 235:2799309',$,$,#6524,#6528,'2799309')
INFO:ImportIFC:Creating object #6560=IfcWallStandardCase('3TGLzgck1BcAIvkHAqUunQ',#6,'Basic Wall:Concrete - Cast-in-Place - 235:2799622',$,$,#6548,#6552,'2799622')
INFO:ImportIFC:Creating object #6584=IfcWallStandardCase('3TGLzgck1BcAIvkHAqUuvR',#6,'Basic Wall:Concrete - Cast-in-Place - 235:2800135',$,$,#6572,#6576,'2800135')
INFO:ImportIFC:Creating object #6608=IfcWallStandardCase('3TGLzgck1BcAIvkHAqUu$9',#6,'Basic Wall:Concrete - Cast-in-Place - 235:2800533',$,$,#6596,#6600,'2800533')
INFO:ImportIFC:Creating object #6653=IfcWall('3TGLzgck1BcAIvkHAqUugz',#6,'Basic Wall:Concrete - Cast-in-Place - 235:2801377',$,$,#6620,#6624,'2801377')
INFO:ImportIFC:Creating object #6676=IfcWallStandardCase('3TGLzgck1BcAIvkHAqU$LB',#6,'Basic Wall:Concrete - Cast-in-Place - 235:2801943',$,$,#6664,#6668,'2801943')
INFO:ImportIFC:Creating object #6700=IfcWallStandardCase('3TGLzgck1BcAIvkHAqU$nG',#6,'Basic Wall:Concrete - Cast-in-Place - 360:2803724',$,$,#6688,#6692,'2803724')
INFO:ImportIFC:Creating object #6724=IfcWallStandardCase('3TGLzgck1BcAIvkHAqU$os',#6,'Basic Wall:Concrete - Cast-in-Place - 315:2803946',$,$,#6712,#6716,'2803946')
INFO:ImportIFC:Creating object #6752=IfcWallStandardCase('3TGLzgck1BcAIvkHAqU$ux',#6,'Basic Wall:Concrete - Cast-in-Place - 315:2804327',$,$,#6740,#6744,'2804327')
INFO:ImportIFC:Creating object #6776=IfcWallStandardCase('3TGLzgck1BcAIvkHAqU$uk',#6,'Basic Wall:Concrete - Cast-in-Place - 315:2804338',$,$,#6764,#6768,'2804338')
INFO:ImportIFC:Creating object #6255=IfcSlab('01Icbl$RfFpOj$md1Yy6sg',#6,'Floor:150 BTG:2654099',$,$,#6225,#6254,'2654099',.FLOOR.)
INFO:ImportIFC:Creating object #6824=IfcWallStandardCase('3TGLzgck1BcAIvkHAqU_Ns',#6,'Basic Wall:Concrete - Cast-in-Place - 235:2806186',$,$,#6812,#6816,'2806186')
INFO:ImportIFC:Creating object #6800=IfcWallStandardCase('3TGLzgck1BcAIvkHAqU$uX',#6,'Basic Wall:Concrete - Cast-in-Place - 315:2804349',$,$,#6788,#6792,'2804349')
INFO:ImportIFC:Creating object #6848=IfcWallStandardCase('3TGLzgck1BcAIvkHAqU_R9',#6,'Basic Wall:Concrete - Cast-in-Place - 235:2806421',$,$,#6836,#6840,'2806421')
INFO:ImportIFC:Creating object #6872=IfcWallStandardCase('3TGLzgck1BcAIvkHAqU_Vg',#6,'Basic Wall:Concrete - Cast-in-Place - 235:2806710',$,$,#6860,#6864,'2806710')
INFO:ImportIFC:Creating object #6896=IfcWallStandardCase('3TGLzgck1BcAIvkHAqU_2V',#6,'Basic Wall:Concrete - Cast-in-Place - 235:2806979',$,$,#6884,#6888,'2806979')
INFO:ImportIFC:Creating object #6920=IfcWallStandardCase('3TGLzgck1BcAIvkHAqU_4N',#6,'Basic Wall:Concrete - Cast-in-Place - 235:2807115',$,$,#6908,#6912,'2807115')
INFO:ImportIFC:Creating object #6968=IfcWallStandardCase('3TGLzgck1BcAIvkHAqU_Eh',#6,'Basic Wall:Concrete - Cast-in-Place - 255:2807799',$,$,#6956,#6960,'2807799')
INFO:ImportIFC:Creating object #6944=IfcWallStandardCase('3TGLzgck1BcAIvkHAqU_D4',#6,'Basic Wall:Concrete - Cast-in-Place - 255:2807576',$,$,#6932,#6936,'2807576')
INFO:ImportIFC:Creating object #7016=IfcWallStandardCase('3TGLzgck1BcAIvkHAqU_vf',#6,'Basic Wall:Concrete - Cast-in-Place - 235:2808373',$,$,#7004,#7008,'2808373')
INFO:ImportIFC:Creating object #6992=IfcWallStandardCase('3TGLzgck1BcAIvkHAqU_r$',#6,'Basic Wall:Concrete - Cast-in-Place - 235:2808099',$,$,#6980,#6984,'2808099')
INFO:ImportIFC:Creating object #7064=IfcWallStandardCase('3TGLzgck1BcAIvkHAqU_XF',#6,'Basic Wall:Concrete - Cast-in-Place - 235:2808851',$,$,#7052,#7056,'2808851')
INFO:ImportIFC:Creating object #7040=IfcWallStandardCase('3TGLzgck1BcAIvkHAqU_$H',#6,'Basic Wall:Concrete - Cast-in-Place - 235:2808717',$,$,#7028,#7032,'2808717')
INFO:ImportIFC:Creating object #7088=IfcWallStandardCase('3TGLzgck1BcAIvkHAqU_cR',#6,'Basic Wall:Concrete - Cast-in-Place - 235:2809287',$,$,#7076,#7080,'2809287')
INFO:ImportIFC:Creating object #7112=IfcWallStandardCase('3TGLzgck1BcAIvkHAqU_j6',#6,'Basic Wall:Concrete - Cast-in-Place - 235:2809626',$,$,#7100,#7104,'2809626')
INFO:ImportIFC:Creating object #7136=IfcWallStandardCase('3TGLzgck1BcAIvkHAqU_kh',#6,'Basic Wall:Concrete - Cast-in-Place - 235:2809847',$,$,#7124,#7128,'2809847')
INFO:ImportIFC:Creating object #7160=IfcWallStandardCase('3TGLzgck1BcAIvkHAqUzRQ',#6,'Basic Wall:Concrete - Cast-in-Place - 255:2810502',$,$,#7148,#7152,'2810502')
INFO:ImportIFC:Creating object #7222=IfcSlab('3RESZ2oR91geH7xhiMBeE4',#6,'RR pile with Pressure Plate:RD140/10:2884038',$,$,#7201,#7221,'2884038',.BASESLAB.)
INFO:ImportIFC:Creating object #7191=IfcSlab('3RESZ2oR91geH7xhiMANos',#6,'RR pile with Pressure Plate:RD140/10:2883316',$,$,#7170,#7190,'2883316',.BASESLAB.)
INFO:ImportIFC:Creating object #7253=IfcSlab('3RESZ2oR91geH7xhiMBeTd',#6,'RR pile with Pressure Plate:RD140/10:2884901',$,$,#7232,#7252,'2884901',.BASESLAB.)
INFO:ImportIFC:Creating object #7284=IfcSlab('3RESZ2oR91geH7xhiMBeZP',#6,'RR pile with Pressure Plate:RD140/10:2886299',$,$,#7263,#7283,'2886299',.BASESLAB.)
INFO:ImportIFC:Creating object #7315=IfcSlab('3RESZ2oR91geH7xhiMBfDx',#6,'RR pile with Pressure Plate:RD140/10:2887993',$,$,#7294,#7314,'2887993',.BASESLAB.)
INFO:ImportIFC:Creating object #7377=IfcSlab('3n8VBWUkj2U9HO5tehhmuk',#6,'RR pile with Pressure Plate:RD140/10:2889120',$,$,#7356,#7376,'2889120',.BASESLAB.)
INFO:ImportIFC:Creating object #7346=IfcSlab('3n8VBWUkj2U9HO5tehhmXn',#6,'RR pile with Pressure Plate:RD140/10:2888703',$,$,#7325,#7345,'2888703',.BASESLAB.)
INFO:ImportIFC:Creating object #7406=IfcSlab('3n8VBWUkj2U9HO5tehhmtB',#6,'RR pile with Pressure Plate:RD140/10:2889285',$,$,#7387,#7405,'2889285',.BASESLAB.)
INFO:ImportIFC:Creating object #7434=IfcSlab('3n8VBWUkj2U9HO5tehhmAZ',#6,'RR pile with Pressure Plate:RD140/10:2890029',$,$,#7415,#7433,'2890029',.BASESLAB.)
INFO:ImportIFC:Creating object #7462=IfcSlab('3n8VBWUkj2U9HO5tehhmBr',#6,'RR pile with Pressure Plate:RD140/10:2890107',$,$,#7443,#7461,'2890107',.BASESLAB.)
INFO:ImportIFC:Creating object #7520=IfcSlab('3n8VBWUkj2U9HO5tehhm4i',#6,'RR pile with Pressure Plate:RD140/10:2890402',$,$,#7499,#7519,'2890402',.BASESLAB.)
INFO:ImportIFC:Creating object #7490=IfcSlab('3n8VBWUkj2U9HO5tehhm8n',#6,'RR pile with Pressure Plate:RD140/10:2890175',$,$,#7471,#7489,'2890175',.BASESLAB.)
INFO:ImportIFC:Creating object #7582=IfcSlab('1hC1DwmIv5hePyymrFEjCQ',#6,'RR pile with Pressure Plate:RD140/10:2890961',$,$,#7561,#7581,'2890961',.BASESLAB.)
INFO:ImportIFC:Creating object #7551=IfcSlab('1hC1DwmIv5hePyymrFEjEC',#6,'RR pile with Pressure Plate:RD140/10:2890823',$,$,#7530,#7550,'2890823',.BASESLAB.)
INFO:ImportIFC:Creating object #7642=IfcSlab('1hC1DwmIv5hePyymrFEk_w',#6,'RR pile with Pressure Plate:RD140/10:2891889',$,$,#7623,#7641,'2891889',.BASESLAB.)
INFO:ImportIFC:Creating object #7613=IfcSlab('1hC1DwmIv5hePyymrFEj3L',#6,'RR pile with Pressure Plate:RD140/10:2891550',$,$,#7592,#7612,'2891550',.BASESLAB.)
INFO:ImportIFC:Creating object #7670=IfcSlab('1hC1DwmIv5hePyymrFEkxR',#6,'RR pile with Pressure Plate:RD140/10:2892048',$,$,#7651,#7669,'2892048',.BASESLAB.)
INFO:ImportIFC:Creating object #7728=IfcSlab('3du7D3jRjCOenpOtofUmle',#6,'RR pile with Pressure Plate:RD140/10:2893343',$,$,#7707,#7727,'2893343',.BASESLAB.)
INFO:ImportIFC:Creating object #7698=IfcSlab('3du7D3jRjCOenpOtofUmZT',#6,'RR pile with Pressure Plate:RD140/10:2893098',$,$,#7679,#7697,'2893098',.BASESLAB.)
INFO:ImportIFC:Creating object #7788=IfcSlab('3du7D3jRjCOenpOtofUmf4',#6,'RR pile with Pressure Plate:RD140/10:2893747',$,$,#7767,#7787,'2893747',.BASESLAB.)
INFO:ImportIFC:Creating object #7758=IfcSlab('3du7D3jRjCOenpOtofUmhK',#6,'RR pile with Pressure Plate:RD140/10:2893603',$,$,#7737,#7757,'2893603',.BASESLAB.)
INFO:ImportIFC:Creating object #7819=IfcSlab('3du7D3jRjCOenpOtofUmeJ',#6,'RR pile with Pressure Plate:RD140/10:2893796',$,$,#7798,#7818,'2893796',.BASESLAB.)
INFO:ImportIFC:Creating object #7850=IfcSlab('3du7D3jRjCOenpOtofUm1G',#6,'RR pile with Pressure Plate:RD140/10:2895271',$,$,#7829,#7849,'2895271',.BASESLAB.)
INFO:ImportIFC:Creating object #7910=IfcSlab('3du7D3jRjCOenpOtofUm99',#6,'RR pile with Pressure Plate:RD140/10:2895806',$,$,#7889,#7909,'2895806',.BASESLAB.)
INFO:ImportIFC:Creating object #7880=IfcSlab('3du7D3jRjCOenpOtofUm0b',#6,'RR pile with Pressure Plate:RD140/10:2895314',$,$,#7859,#7879,'2895314',.BASESLAB.)
INFO:ImportIFC:Creating object #7941=IfcSlab('1GpqQWs8X3MvNQ69_aP4qC',#6,'RR pile with Pressure Plate:RD140/10:2897528',$,$,#7920,#7940,'2897528',.BASESLAB.)
INFO:ImportIFC:Creating object #7972=IfcSlab('1GpqQWs8X3MvNQ69_aP4pK',#6,'RR pile with Pressure Plate:RD140/10:2897824',$,$,#7951,#7971,'2897824',.BASESLAB.)
INFO:ImportIFC:Creating object #8034=IfcSlab('1GpqQWs8X3MvNQ69_aP4Fk',#6,'RR pile with Pressure Plate:RD140/10:2898074',$,$,#8013,#8033,'2898074',.BASESLAB.)
INFO:ImportIFC:Creating object #8003=IfcSlab('1GpqQWs8X3MvNQ69_aP4oO',#6,'RR pile with Pressure Plate:RD140/10:2897900',$,$,#7982,#8002,'2897900',.BASESLAB.)
INFO:ImportIFC:Creating object #8065=IfcSlab('1GpqQWs8X3MvNQ69_aP4Bf',#6,'RR pile with Pressure Plate:RD140/10:2898333',$,$,#8044,#8064,'2898333',.BASESLAB.)
INFO:ImportIFC:Creating object #8096=IfcSlab('1GpqQWs8X3MvNQ69_aP45_',#6,'RR pile with Pressure Plate:RD140/10:2898442',$,$,#8075,#8095,'2898442',.BASESLAB.)
INFO:ImportIFC:Creating object #8127=IfcSlab('1GpqQWs8X3MvNQ69_aP438',#6,'RR pile with Pressure Plate:RD140/10:2898876',$,$,#8106,#8126,'2898876',.BASESLAB.)
INFO:ImportIFC:Creating object #8158=IfcSlab('1GpqQWs8X3MvNQ69_aP4SL',#6,'RR pile with Pressure Plate:RD140/10:2899041',$,$,#8137,#8157,'2899041',.BASESLAB.)
INFO:ImportIFC:Creating object #8187=IfcSlab('1GpqQWs8X3MvNQ69_aP4Pi',#6,'RR pile with Pressure Plate:RD140/10:2899224',$,$,#8168,#8186,'2899224',.BASESLAB.)
INFO:ImportIFC:Creating object #8217=IfcSlab('1GpqQWs8X3MvNQ69_aP3g4',#6,'RR pile with Pressure Plate:RD140/10:2900464',$,$,#8196,#8216,'2900464',.BASESLAB.)
INFO:ImportIFC:Creating object #8248=IfcSlab('1GpqQWs8X3MvNQ69_aP3$s',#6,'RR pile with Pressure Plate:RD140/10:2901122',$,$,#8227,#8247,'2901122',.BASESLAB.)
INFO:ImportIFC:Creating object #8279=IfcSlab('1GpqQWs8X3MvNQ69_aP3qZ',#6,'RR pile with Pressure Plate:RD140/10:2901591',$,$,#8258,#8278,'2901591',.BASESLAB.)
INFO:ImportIFC:Creating object #8310=IfcSlab('1GpqQWs8X3MvNQ69_aP3sL',#6,'RR pile with Pressure Plate:RD140/10:2901729',$,$,#8289,#8309,'2901729',.BASESLAB.)
INFO:ImportIFC:Creating object #8341=IfcSlab('1GpqQWs8X3MvNQ69_aP3O3',#6,'RR pile with Pressure Plate:RD140/10:2903415',$,$,#8320,#8340,'2903415',.BASESLAB.)
INFO:ImportIFC:Creating object #8370=IfcSlab('1GpqQWs8X3MvNQ69_aP3QL',#6,'RR pile with Pressure Plate:RD140/10:2903521',$,$,#8351,#8369,'2903521',.BASESLAB.)
INFO:ImportIFC:Creating object #8400=IfcSlab('1GpqQWs8X3MvNQ69_aP3M4',#6,'RR pile with Pressure Plate:RD140/10:2903792',$,$,#8379,#8399,'2903792',.BASESLAB.)
INFO:ImportIFC:Creating object #8431=IfcSlab('1GpqQWs8X3MvNQ69_aP3Gk',#6,'RR pile with Pressure Plate:RD140/10:2903898',$,$,#8410,#8430,'2903898',.BASESLAB.)
INFO:ImportIFC:Creating object #8460=IfcSlab('1GpqQWs8X3MvNQ69_aP2cg',#6,'RR pile with Pressure Plate:RD140/10:2904798',$,$,#8441,#8459,'2904798',.BASESLAB.)
INFO:ImportIFC:Creating object #8490=IfcSlab('1GpqQWs8X3MvNQ69_aP2yb',#6,'RR pile with Pressure Plate:RD140/10:2905169',$,$,#8469,#8489,'2905169',.BASESLAB.)
INFO:ImportIFC:Creating object #8519=IfcSlab('1GpqQWs8X3MvNQ69_aP2tD',#6,'RR pile with Pressure Plate:RD140/10:2905785',$,$,#8500,#8518,'2905785',.BASESLAB.)
INFO:ImportIFC:Creating object #8577=IfcSlab('1GpqQWs8X3MvNQ69_aP21L',#6,'RR pile with Pressure Plate:RD140/10:2906913',$,$,#8558,#8576,'2906913',.BASESLAB.)
INFO:ImportIFC:Creating object #8549=IfcSlab('1GpqQWs8X3MvNQ69_aP2Bo',#6,'RR pile with Pressure Plate:RD140/10:2906502',$,$,#8528,#8548,'2906502',.BASESLAB.)
INFO:ImportIFC:Creating object #8607=IfcSlab('1GpqQWs8X3MvNQ69_aP2TL',#6,'RR pile with Pressure Plate:RD140/10:2907169',$,$,#8586,#8606,'2907169',.BASESLAB.)
INFO:ImportIFC:Creating object #8636=IfcSlab('1GpqQWs8X3MvNQ69_aP2RI',#6,'RR pile with Pressure Plate:RD140/10:2907558',$,$,#8617,#8635,'2907558',.BASESLAB.)
INFO:ImportIFC:Creating object #8664=IfcSlab('1GpqQWs8X3MvNQ69_aP2Mo',#6,'RR pile with Pressure Plate:RD140/10:2907846',$,$,#8645,#8663,'2907846',.BASESLAB.)
INFO:ImportIFC:Creating object #8692=IfcSlab('1GpqQWs8X3MvNQ69_aP1id',#6,'RR pile with Pressure Plate:RD140/10:2908243',$,$,#8673,#8691,'2908243',.BASESLAB.)
INFO:ImportIFC:Creating object #8712=IfcSlab('2d2Z9OQurDJwlOUIhLw21O',#6,'Floor:100 BTG:2966356',$,$,#8701,#8711,'2966356',.FLOOR.)
INFO:ImportIFC:Creating object #8741=IfcSlab('2d2Z9OQurDJwlOUIhLw2T4',#6,'RR pile with Pressure Plate:RD140/10:2966600',$,$,#8722,#8740,'2966600',.BASESLAB.)
INFO:ImportIFC:Creating object #5475=IfcSlab('3u7HSm7d91peYOx7Iha1qV',#6,'Floor:100 BTG:2597512',$,$,#5441,#5474,'2597512',.FLOOR.)
INFO:ImportIFC:Creating object #9825=IfcBuildingElementProxy('0$RtYNfo15W9nqagerlexp',#6,'Welda:WELDA 300x300-165:3043446',$,$,#9824,#9820,'3043446',$)
INFO:ImportIFC:Creating object #9840=IfcBuildingElementProxy('0$RtYNfo15W9nqagerley8',#6,'Welda:WELDA 300x300-165:3043725',$,$,#9839,#9835,'3043725',$)
INFO:ImportIFC:Creating object #9852=IfcBuildingElementProxy('0$RtYNfo15W9nqagerleot',#6,'Welda:WELDA 300x300-165:3043890',$,$,#9851,#9847,'3043890',$)
INFO:ImportIFC:Creating object #9864=IfcBuildingElementProxy('0$RtYNfo15W9nqagerleou',#6,'Welda:WELDA 300x300-165:3043901',$,$,#9863,#9859,'3043901',$)
INFO:ImportIFC:Creating object #9876=IfcBuildingElementProxy('0$RtYNfo15W9nqagerlepD',#6,'Welda:WELDA 300x300-165:3043912',$,$,#9875,#9871,'3043912',$)
INFO:ImportIFC:Creating object #9888=IfcBuildingElementProxy('0$RtYNfo15W9nqagerlepM',#6,'Welda:WELDA 300x300-165:3043923',$,$,#9887,#9883,'3043923',$)
INFO:ImportIFC:Creating object #9900=IfcBuildingElementProxy('0$RtYNfo15W9nqagerlesK',#6,'Welda:WELDA 300x300-165:3044113',$,$,#9899,#9895,'3044113',$)
INFO:ImportIFC:Creating object #9912=IfcBuildingElementProxy('0$RtYNfo15W9nqagerlehE',#6,'Welda:WELDA 300x300-165:3044427',$,$,#9911,#9907,'3044427',$)
INFO:ImportIFC:Creating object #9924=IfcBuildingElementProxy('0$RtYNfo15W9nqagerlehH',#6,'Welda:WELDA 300x300-165:3044436',$,$,#9923,#9919,'3044436',$)
INFO:ImportIFC:Creating object #9936=IfcBuildingElementProxy('0$RtYNfo15W9nqagerlehO',#6,'Welda:WELDA 300x300-165:3044445',$,$,#9935,#9931,'3044445',$)
INFO:ImportIFC:Creating object #10074=IfcWallStandardCase('3cE4fXcRb6D9sJuwD7_362',#6,'Basic Wall:Concrete - Cast-in-Place - 150:3168399',$,$,#10062,#10066,'3168399')
INFO:ImportIFC:Creating object #10101=IfcWallStandardCase('3cE4fXcRb6D9sJuwD7_30S',#6,'Basic Wall:Concrete - Cast-in-Place - 150:3168529',$,$,#10089,#10093,'3168529')
INFO:ImportIFC:Creating object #10125=IfcWallStandardCase('3cE4fXcRb6D9sJuwD7_30V',#6,'Basic Wall:Concrete - Cast-in-Place - 150:3168530',$,$,#10113,#10117,'3168530')
INFO:ImportIFC:Creating object #10146=IfcSlab('26LkqnWpbCvRoBsHuGgEtp',#6,'Floor:200 BTG:3169975',$,$,#10135,#10145,'3169975',.FLOOR.)
INFO:ImportIFC:Creating object #10167=IfcSlab('26LkqnWpbCvRoBsHuGgD8z',#6,'Floor:200 BTG:3170681',$,$,#10156,#10166,'3170681',.FLOOR.)
INFO:ImportIFC:Creating object #10191=IfcWallStandardCase('3DdC$kV0P3qgwlsTMA3gUx',#6,'Basic Wall:Concrete - Cast-in-Place - 200:3173557',$,$,#10179,#10183,'3173557')
INFO:ImportIFC:Creating object #10215=IfcWallStandardCase('2sDBeaUyXDLeJH4a7Be5x6',#6,'Basic Wall:Concrete - Cast-in-Place - 200:3173935',$,$,#10203,#10207,'3173935')
INFO:ImportIFC:Creating object #10239=IfcWallStandardCase('2mVBUjHAz7ChtC5HZbHqCv',#6,'Basic Wall:Concrete - Cast-in-Place - 150:3191350',$,$,#10227,#10231,'3191350')
INFO:ImportIFC:Creating object #10263=IfcSlab('2QFUWnyNbFNQSPyBozqONK',#6,'Floor:200 BTG:3261054',$,$,#10249,#10262,'3261054',.FLOOR.)
INFO:ImportIFC:Creating object #10015=IfcBuildingElementProxy('0liQvotF559AKLbN3k$oIs',#6,'Welda:WELDA 300x300-165 invändig:3138993',$,$,#10014,#10010,'3138993',$)
INFO:ImportIFC:Creating object #10030=IfcBuildingElementProxy('0liQvotF559AKLbN3k$oOv',#6,'Welda:WELDA 300x300-165 invändig:3139390',$,$,#10029,#10025,'3139390',$)
INFO:ImportIFC:Creating object #10042=IfcBuildingElementProxy('0liQvotF559AKLbN3k$oPe',#6,'Welda:WELDA 300x300-165 invändig:3139439',$,$,#10041,#10037,'3139439',$)
INFO:ImportIFC:Creating object #10054=IfcBuildingElementProxy('0liQvotF559AKLbN3k$oQe',#6,'Welda:WELDA 300x300-165 invändig:3139503',$,$,#10053,#10049,'3139503',$)
INFO:ImportIFC:Creating object #418=IfcSlab('22Qf$m7qHD0hM1fd6LNieU',#6,'Floor:Concrete - Cast-in-Place - 200:1607726',$,$,#311,#417,'1607726',.FLOOR.)
INFO:ImportIFC:Creating object #9733=IfcBuildingElementProxy('3kbFmF4MH4KfNDRl5Rs5Xi',#6,'PSB group:8xPSB-10/160-3/331:2976189',$,$,#9732,#9728,'2976189',$)
INFO:ImportIFC:Creating object #10287=IfcWallStandardCase('2QFUWnyNbFNQSPyBozqO99',#6,'Basic Wall:Concrete - Cast-in-Place - 120:3261923',$,$,#10275,#10279,'3261923')
INFO:ImportIFC:Creating object #6088=IfcAnnotation('01Icbl$RfFpOj$md1Yy6un',#6,'Model Lines:2653192',$,$,#6072,#6086)
INFO:ImportIFC:Creating object #54=IfcBuildingStorey('3adfCpgMzF4eaVp1jlOR4V',#6,'PLAN 16',$,$,#53,$,'PLAN 16',.ELEMENT.,42519.99999999994)
INFO:ImportIFC:Creating object #34=IfcBuildingStorey('0Nv1MkV6PCfgKgMyZEhNXd',#6,'PLAN 11',$,$,#33,$,'PLAN 11',.ELEMENT.,27520.00000000026)
INFO:ImportIFC:Creating object #38=IfcBuildingStorey('3MF1NPWfHAjA1o$xSBfZDg',#6,'PLAN 12',$,$,#37,$,'PLAN 12',.ELEMENT.,30319.99999999871)
INFO:ImportIFC:Creating object #42=IfcBuildingStorey('1ONfzxsYjB7uTz72mS9pCn',#6,'PLAN 13',$,$,#41,$,'PLAN 13',.ELEMENT.,33120.00000000026)
INFO:ImportIFC:Creating object #46=IfcBuildingStorey('1ONfzxsYjB7uTz72mS9pCu',#6,'PLAN 14',$,$,#45,$,'PLAN 14',.ELEMENT.,35920.00000000026)
INFO:ImportIFC:Creating object #50=IfcBuildingStorey('1ONfzxsYjB7uTz72mS9pIO',#6,'PLAN 15',$,$,#49,$,'PLAN 15',.ELEMENT.,38720.00000000026)
INFO:ImportIFC:Creating object #22=IfcBuilding('2rE1cFQurCf8n7WoYumwsu',#6,'',$,$,#21,$,'',.ELEMENT.,$,$,#19)
INFO:ImportIFC:Creating object #57=IfcSite('2rE1cFQurCf8n7WoYumwsx',#6,'Default',$,$,#56,$,$,.ELEMENT.,(42,24,53,508911),(-71,-15,-29,-58837),0.,$,$)
INFO:ImportIFC:Creating object #26=IfcBuildingStorey('1ONfzxsYjB7uTz72mS9pHB',#6,'Plan 09',$,$,#25,$,'Plan 09',.ELEMENT.,19020.)
INFO:ImportIFC:Creating object #30=IfcBuildingStorey('3MF1NPWfHAjA1o$xSBfZCz',#6,'PLAN 10',$,$,#29,$,'PLAN 10',.ELEMENT.,22319.999999999996)
INFO:ImportIFC:Creating object #6288=IfcWallType('3K8C6GlZfE3QlT3xAYvUc4',#6,'Basic Wall:Concrete - Cast-in-Place - 235',$,$,$,$,'2795697',$,.STANDARD.)
INFO:ImportIFC:Creating object #10007=IfcBuildingElementProxyType('0liQvotF559AKLbN3k$oam',#6,'Welda:WELDA 300x300-165 invändig',$,$,(#10022),(#10006),'3139639',$,.NOTDEFINED.)
INFO:ImportIFC:Creating object #6416=IfcWallType('1vm5Iemq56sRvVLWhCLg5j',#6,'Basic Wall:Concrete - Cast-in-Place - 360',$,$,$,$,'3019991',$,.STANDARD.)
INFO:ImportIFC:Creating object #6059=IfcSlabType('0oJkaNwLzEHucGR9RgBy3c',#6,'Floor:280 BTG',$,$,$,$,'2682848',$,.FLOOR.)
INFO:ImportIFC:Creating object #2319=IfcWallType('1qcvbNWYT0He9_0uBi_HHe',#6,'Basic Wall:Concrete - Cast-in-Place - 412',$,$,$,$,'3085448',$,.STANDARD.)
INFO:ImportIFC:Creating object #597=IfcSlabType('2W9iUIrLP7xQWljilRVfK5',#6,'RR pile with Pressure Plate:RD140/10',$,$,$,$,'1676196',$,.BASESLAB.)
INFO:ImportIFC:Creating object #6316=IfcWallType('3K8C6GlZfE3QlT3xAYvUlI',#6,'Basic Wall:Concrete - Cast-in-Place - 255',$,$,$,$,'2796263',$,.STANDARD.)
INFO:ImportIFC:Creating object #10291=IfcWallType('0RhD8vHcH4z9qVQKrIIS27',#6,'Basic Wall:Concrete - Cast-in-Place - 120',$,$,$,$,'1203952',$,.STANDARD.)
INFO:ImportIFC:Creating object #2349=IfcSlabType('0elcjjBqT2WuSfhpvTmG$T',#6,'Floor:500 BTG',$,$,$,$,'1660718',$,.FLOOR.)
INFO:ImportIFC:Creating object #4476=IfcSlabType('2optMPCh583eJUrYS1XSuE',#6,'Floor:265 BTG',$,$,$,$,'2118562',$,.FLOOR.)
INFO:ImportIFC:Creating object #4628=IfcSlabType('1lV$H8koL1ThgNcsLUcvpq',#6,'Floor:200 BTG',$,$,$,$,'1042477',$,.FLOOR.)
INFO:ImportIFC:Creating object #9811=IfcBuildingElementProxyType('0$RtYNfo15W9nqagerlex6',#6,'Welda:WELDA 300x300-165',$,$,(#9832),(#9810),'3043395',$,.NOTDEFINED.)
INFO:ImportIFC:Creating object #511=IfcSlabType('3Ur97l8tb2hvscQW6NfvwP',#6,'Floor:Concrete - Cast-in-Place - 200',$,$,$,$,'56006',$,.FLOOR.)
INFO:ImportIFC:Creating object #5498=IfcSlabType('2CuZC4bor7uvnT2e1UeJ4k',#6,'Floor:100 BTG',$,$,$,$,'1622578',$,.FLOOR.)
INFO:ImportIFC:Creating object #6728=IfcWallType('1vm5Iemq56sRvVLWhCLgFv',#6,'Basic Wall:Concrete - Cast-in-Place - 315',$,$,$,$,'3020355',$,.STANDARD.)
INFO:ImportIFC:Creating object #10078=IfcWallType('0zAQyGfQj7mgGjK8aC8x4E',#6,'Basic Wall:Concrete - Cast-in-Place - 150',$,$,$,$,'60865',$,.STANDARD.)
INFO:ImportIFC:Creating object #2499=IfcSlabType('0F9t5p45X9Vf$Klq95QZJ0',#6,'Floor:550 BTG',$,$,$,$,'1626888',$,.FLOOR.)
INFO:ImportIFC:Creating object #2381=IfcWallType('0zAQyGfQj7mgGjK8aC8x4C',#6,'Basic Wall:Concrete - Cast-in-Place - 200',$,$,$,$,'60867',$,.STANDARD.)
INFO:ImportIFC:Creating object #287=IfcSlabType('22Qf$m7qHD0hM1fd6LNjQK',#6,'Floor:600 BTG',$,$,$,$,'1610916',$,.FLOOR.)
INFO:ImportIFC:Creating object #6256=IfcSlabType('01Icbl$RfFpOj$md1Yy6sU',#6,'Floor:150 BTG',$,$,$,$,'2654119',$,.FLOOR.)
INFO:ImportIFC:Creating object #9717=IfcBuildingElementProxyType('3kbFmF4MH4KfNDRl5Rs4xG',#6,'PSB group:8xPSB-10/160-3/331',$,$,(#9740),(#9716),'2980933',$,.NOTDEFINED.)
INFO:ImportIFC:Creating object #3874=IfcSlabType('1JGRULYwvA9ez$E2wjdWMq',#6,'Floor:Concrete - Cast-in-Place - 150',$,$,$,$,'493406',$,.FLOOR.)
INFO:ImportIFC:Creating object #2402=IfcSlabType('1cHwC47F18mB_F9n9W$INT',#6,'Floor:250 BTG',$,$,$,$,'1790302',$,.FLOOR.)
INFO:ImportIFC:Creating object #560=IfcSlabType('1GpqQWs8X3MvNQ69_aP1Wv',#6,'Floor:650 BTG',$,$,$,$,'2909005',$,.FLOOR.)
INFO:ImportIFC:Creating object #6037=IfcWallType('1Qm8M6QFL9gBqZjv03DQXf',#6,'Basic Wall:Concrete - Cast-in-Place - 300',$,$,$,$,'1988137',$,.STANDARD.)
INFO:ImportIFC:Import finished in 1.48 seconds
INFO:ExportIFC:Starting export
INFO:ExportIFC:Export finished in 0.02 seconds
INFO:BlenderClash:BlenderClash: '001mergetest' (intersection)
INFO:BlenderClash:Metadata (sqlite): 8404 elements from V-57-V-08.ifc
INFO:BlenderClash:Collected 6905 elements from V-57-V-08.ifc
INFO:BlenderClash:  Group A: 6905 elements
INFO:BlenderClash:Metadata (sqlite): 47169 elements from VS-50-V-08.ifc
INFO:BlenderClash:Collected 27670 elements from VS-50-V-08.ifc
INFO:BlenderClash:  Group B: 27670 elements
INFO:BlenderClash:  AB: 2221 candidates → BVH check...
INFO:BlenderClash:  → 56 clashes found in 8.3s
INFO:Clash:Took 56 clashes in 1 clash sets and turned them into 16 smart groups in 1 clash sets
INFO:ImportIFC:Starting import
INFO:ImportIFC:loading file /home/diana/BIM/releases/upstream-0.9.0/smoketest/K15-copy.ifc
INFO:ImportIFC:Creating object #18=IfcProject('2rE1cFQurCf8n7WoYumwsv',#6,'10108',$,$,'RACKARBERGET TORGET','STATUS',(#13),#10728)
INFO:ImportIFC:Creating object #559=IfcSlab('22Qf$m7qHD0hM1fd6LNihv',#6,'Floor:650 BTG:1607881',$,$,#548,#558,'1607881',.FLOOR.)
INFO:ImportIFC:Creating object #596=IfcSlab('22Qf$m7qHD0hM1fd6LNikJ',#6,'RR pile with Pressure Plate:RD140/10:1608099',$,$,#573,#595,'1608099',.BASESLAB.)
INFO:ImportIFC:Creating object #651=IfcSlab('22Qf$m7qHD0hM1fd6LNimQ',#6,'Floor:650 BTG:1609258',$,$,#640,#650,'1609258',.FLOOR.)
INFO:ImportIFC:Creating object #631=IfcSlab('22Qf$m7qHD0hM1fd6LNibA',#6,'RR pile with Pressure Plate:RD140/10:1608570',$,$,#612,#630,'1608570',.BASESLAB.)
INFO:ImportIFC:Creating object #286=IfcSlab('22Qf$m7qHD0hM1fd6LNiT3',#6,'Floor:600 BTG:1607027',$,$,#59,#285,'1607027',.FLOOR.)
INFO:ImportIFC:Creating object #728=IfcSlab('22Qf$m7qHD0hM1fd6LNinA',#6,'Floor:650 BTG:1609338',$,$,#717,#727,'1609338',.FLOOR.)
INFO:ImportIFC:Creating object #680=IfcSlab('22Qf$m7qHD0hM1fd6LNim0',#6,'RR pile with Pressure Plate:RD140/10:1609264',$,$,#661,#679,'1609264',.BASESLAB.)
INFO:ImportIFC:Creating object #708=IfcSlab('22Qf$m7qHD0hM1fd6LNim1',#6,'RR pile with Pressure Plate:RD140/10:1609265',$,$,#689,#707,'1609265',.BASESLAB.)
INFO:ImportIFC:Creating object #757=IfcSlab('22Qf$m7qHD0hM1fd6LNiom',#6,'RR pile with Pressure Plate:RD140/10:1609344',$,$,#738,#756,'1609344',.BASESLAB.)
INFO:ImportIFC:Creating object #805=IfcSlab('22Qf$m7qHD0hM1fd6LNioX',#6,'Floor:650 BTG:1609361',$,$,#794,#804,'1609361',.FLOOR.)
INFO:ImportIFC:Creating object #785=IfcSlab('22Qf$m7qHD0hM1fd6LNion',#6,'RR pile with Pressure Plate:RD140/10:1609345',$,$,#766,#784,'1609345',.BASESLAB.)
INFO:ImportIFC:Creating object #834=IfcSlab('22Qf$m7qHD0hM1fd6LNiod',#6,'RR pile with Pressure Plate:RD140/10:1609367',$,$,#815,#833,'1609367',.BASESLAB.)
INFO:ImportIFC:Creating object #882=IfcSlab('22Qf$m7qHD0hM1fd6LNipl',#6,'Floor:650 BTG:1609439',$,$,#871,#881,'1609439',.FLOOR.)
INFO:ImportIFC:Creating object #862=IfcSlab('22Qf$m7qHD0hM1fd6LNioe',#6,'RR pile with Pressure Plate:RD140/10:1609368',$,$,#843,#861,'1609368',.BASESLAB.)
INFO:ImportIFC:Creating object #939=IfcSlab('22Qf$m7qHD0hM1fd6LNipM',#6,'RR pile with Pressure Plate:RD140/10:1609446',$,$,#920,#938,'1609446',.BASESLAB.)
INFO:ImportIFC:Creating object #959=IfcSlab('22Qf$m7qHD0hM1fd6LNiqN',#6,'Floor:650 BTG:1609511',$,$,#948,#958,'1609511',.FLOOR.)
INFO:ImportIFC:Creating object #911=IfcSlab('22Qf$m7qHD0hM1fd6LNipL',#6,'RR pile with Pressure Plate:RD140/10:1609445',$,$,#892,#910,'1609445',.BASESLAB.)
INFO:ImportIFC:Creating object #1036=IfcSlab('22Qf$m7qHD0hM1fd6LNisv',#6,'Floor:650 BTG:1609609',$,$,#1025,#1035,'1609609',.FLOOR.)
INFO:ImportIFC:Creating object #988=IfcSlab('22Qf$m7qHD0hM1fd6LNiqT',#6,'RR pile with Pressure Plate:RD140/10:1609517',$,$,#969,#987,'1609517',.BASESLAB.)
INFO:ImportIFC:Creating object #1016=IfcSlab('22Qf$m7qHD0hM1fd6LNiqU',#6,'RR pile with Pressure Plate:RD140/10:1609518',$,$,#997,#1015,'1609518',.BASESLAB.)
INFO:ImportIFC:Creating object #1113=IfcSlab('22Qf$m7qHD0hM1fd6LNisk',#6,'Floor:650 BTG:1609630',$,$,#1102,#1112,'1609630',.FLOOR.)
INFO:ImportIFC:Creating object #1065=IfcSlab('22Qf$m7qHD0hM1fd6LNis$',#6,'RR pile with Pressure Plate:RD140/10:1609615',$,$,#1046,#1064,'1609615',.BASESLAB.)
INFO:ImportIFC:Creating object #1093=IfcSlab('22Qf$m7qHD0hM1fd6LNisW',#6,'RR pile with Pressure Plate:RD140/10:1609616',$,$,#1074,#1092,'1609616',.BASESLAB.)
INFO:ImportIFC:Creating object #1170=IfcSlab('22Qf$m7qHD0hM1fd6LNisL',#6,'RR pile with Pressure Plate:RD140/10:1609637',$,$,#1151,#1169,'1609637',.BASESLAB.)
INFO:ImportIFC:Creating object #1190=IfcSlab('22Qf$m7qHD0hM1fd6LNis5',#6,'Floor:650 BTG:1609653',$,$,#1179,#1189,'1609653',.FLOOR.)
INFO:ImportIFC:Creating object #1247=IfcSlab('22Qf$m7qHD0hM1fd6LNisC',#6,'RR pile with Pressure Plate:RD140/10:1609660',$,$,#1228,#1246,'1609660',.BASESLAB.)
INFO:ImportIFC:Creating object #1142=IfcSlab('22Qf$m7qHD0hM1fd6LNisK',#6,'RR pile with Pressure Plate:RD140/10:1609636',$,$,#1123,#1141,'1609636',.BASESLAB.)
INFO:ImportIFC:Creating object #1267=IfcSlab('22Qf$m7qHD0hM1fd6LNit_',#6,'Floor:650 BTG:1609678',$,$,#1256,#1266,'1609678',.FLOOR.)
INFO:ImportIFC:Creating object #1219=IfcSlab('22Qf$m7qHD0hM1fd6LNisB',#6,'RR pile with Pressure Plate:RD140/10:1609659',$,$,#1200,#1218,'1609659',.BASESLAB.)
INFO:ImportIFC:Creating object #1324=IfcSlab('22Qf$m7qHD0hM1fd6LNitb',#6,'RR pile with Pressure Plate:RD140/10:1609685',$,$,#1305,#1323,'1609685',.BASESLAB.)
INFO:ImportIFC:Creating object #1344=IfcSlab('22Qf$m7qHD0hM1fd6LNitP',#6,'Floor:650 BTG:1609705',$,$,#1333,#1343,'1609705',.FLOOR.)
INFO:ImportIFC:Creating object #1296=IfcSlab('22Qf$m7qHD0hM1fd6LNita',#6,'RR pile with Pressure Plate:RD140/10:1609684',$,$,#1277,#1295,'1609684',.BASESLAB.)
INFO:ImportIFC:Creating object #1401=IfcSlab('22Qf$m7qHD0hM1fd6LNit0',#6,'RR pile with Pressure Plate:RD140/10:1609712',$,$,#1382,#1400,'1609712',.BASESLAB.)
INFO:ImportIFC:Creating object #1421=IfcSlab('22Qf$m7qHD0hM1fd6LNitE',#6,'Floor:650 BTG:1609726',$,$,#1410,#1420,'1609726',.FLOOR.)
INFO:ImportIFC:Creating object #1450=IfcSlab('22Qf$m7qHD0hM1fd6LNj8q',#6,'RR pile with Pressure Plate:RD140/10:1609732',$,$,#1431,#1449,'1609732',.BASESLAB.)
INFO:ImportIFC:Creating object #1373=IfcSlab('22Qf$m7qHD0hM1fd6LNitV',#6,'RR pile with Pressure Plate:RD140/10:1609711',$,$,#1354,#1372,'1609711',.BASESLAB.)
INFO:ImportIFC:Creating object #1498=IfcSlab('22Qf$m7qHD0hM1fd6LNj8b',#6,'Floor:650 BTG:1609749',$,$,#1487,#1497,'1609749',.FLOOR.)
INFO:ImportIFC:Creating object #1478=IfcSlab('22Qf$m7qHD0hM1fd6LNj8r',#6,'RR pile with Pressure Plate:RD140/10:1609733',$,$,#1459,#1477,'1609733',.BASESLAB.)
INFO:ImportIFC:Creating object #1575=IfcSlab('22Qf$m7qHD0hM1fd6LNj8U',#6,'Floor:650 BTG:1609774',$,$,#1564,#1574,'1609774',.FLOOR.)
INFO:ImportIFC:Creating object #1555=IfcSlab('22Qf$m7qHD0hM1fd6LNj8i',#6,'RR pile with Pressure Plate:RD140/10:1609756',$,$,#1536,#1554,'1609756',.BASESLAB.)
INFO:ImportIFC:Creating object #1604=IfcSlab('22Qf$m7qHD0hM1fd6LNj84',#6,'RR pile with Pressure Plate:RD140/10:1609780',$,$,#1585,#1603,'1609780',.BASESLAB.)
INFO:ImportIFC:Creating object #1652=IfcSlab('22Qf$m7qHD0hM1fd6LNj9p',#6,'Floor:650 BTG:1609795',$,$,#1641,#1651,'1609795',.FLOOR.)
INFO:ImportIFC:Creating object #1632=IfcSlab('22Qf$m7qHD0hM1fd6LNj85',#6,'RR pile with Pressure Plate:RD140/10:1609781',$,$,#1613,#1631,'1609781',.BASESLAB.)
INFO:ImportIFC:Creating object #1527=IfcSlab('22Qf$m7qHD0hM1fd6LNj8h',#6,'RR pile with Pressure Plate:RD140/10:1609755',$,$,#1508,#1526,'1609755',.BASESLAB.)
INFO:ImportIFC:Creating object #1729=IfcSlab('22Qf$m7qHD0hM1fd6LNjFa',#6,'Floor:650 BTG:1610196',$,$,#1718,#1728,'1610196',.FLOOR.)
INFO:ImportIFC:Creating object #1681=IfcSlab('22Qf$m7qHD0hM1fd6LNj9v',#6,'RR pile with Pressure Plate:RD140/10:1609801',$,$,#1662,#1680,'1609801',.BASESLAB.)
INFO:ImportIFC:Creating object #1758=IfcSlab('22Qf$m7qHD0hM1fd6LNjFg',#6,'RR pile with Pressure Plate:RD140/10:1610202',$,$,#1739,#1757,'1610202',.BASESLAB.)
INFO:ImportIFC:Creating object #1806=IfcSlab('22Qf$m7qHD0hM1fd6LNjPr',#6,'Floor:650 BTG:1610821',$,$,#1795,#1805,'1610821',.FLOOR.)
INFO:ImportIFC:Creating object #1786=IfcSlab('22Qf$m7qHD0hM1fd6LNjFh',#6,'RR pile with Pressure Plate:RD140/10:1610203',$,$,#1767,#1785,'1610203',.BASESLAB.)
INFO:ImportIFC:Creating object #1863=IfcSlab('22Qf$m7qHD0hM1fd6LNjPy',#6,'RR pile with Pressure Plate:RD140/10:1610828',$,$,#1844,#1862,'1610828',.BASESLAB.)
INFO:ImportIFC:Creating object #1883=IfcSlab('22Qf$m7qHD0hM1fd6LNje8',#6,'Floor:650 BTG:1611832',$,$,#1872,#1882,'1611832',.FLOOR.)
INFO:ImportIFC:Creating object #1709=IfcSlab('22Qf$m7qHD0hM1fd6LNj9w',#6,'RR pile with Pressure Plate:RD140/10:1609802',$,$,#1690,#1708,'1609802',.BASESLAB.)
INFO:ImportIFC:Creating object #1835=IfcSlab('22Qf$m7qHD0hM1fd6LNjPx',#6,'RR pile with Pressure Plate:RD140/10:1610827',$,$,#1816,#1834,'1610827',.BASESLAB.)
INFO:ImportIFC:Creating object #1960=IfcSlab('1MtA$wfTnE89QqC8Eo6JWM',#6,'Floor:650 BTG:1612922',$,$,#1949,#1959,'1612922',.FLOOR.)
INFO:ImportIFC:Creating object #1940=IfcSlab('22Qf$m7qHD0hM1fd6LNjeF',#6,'RR pile with Pressure Plate:RD140/10:1611839',$,$,#1921,#1939,'1611839',.BASESLAB.)
INFO:ImportIFC:Creating object #1912=IfcSlab('22Qf$m7qHD0hM1fd6LNjeE',#6,'RR pile with Pressure Plate:RD140/10:1611838',$,$,#1893,#1911,'1611838',.BASESLAB.)
INFO:ImportIFC:Creating object #1989=IfcSlab('1MtA$wfTnE89QqC8Eo6JZi',#6,'RR pile with Pressure Plate:RD140/10:1612928',$,$,#1970,#1988,'1612928',.BASESLAB.)
INFO:ImportIFC:Creating object #2037=IfcSlab('1MtA$wfTnE89QqC8Eo6Jb_',#6,'Floor:650 BTG:1613074',$,$,#2026,#2036,'1613074',.FLOOR.)
INFO:ImportIFC:Creating object #2017=IfcSlab('1MtA$wfTnE89QqC8Eo6JZj',#6,'RR pile with Pressure Plate:RD140/10:1612929',$,$,#1998,#2016,'1612929',.BASESLAB.)
INFO:ImportIFC:Creating object #2094=IfcSlab('1MtA$wfTnE89QqC8Eo6Jbr',#6,'RR pile with Pressure Plate:RD140/10:1613081',$,$,#2075,#2093,'1613081',.BASESLAB.)
INFO:ImportIFC:Creating object #2066=IfcSlab('1MtA$wfTnE89QqC8Eo6Jbq',#6,'RR pile with Pressure Plate:RD140/10:1613080',$,$,#2047,#2065,'1613080',.BASESLAB.)
INFO:ImportIFC:Creating object #2114=IfcSlab('1MtA$wfTnE89QqC8Eo6Jdm',#6,'Floor:650 BTG:1613212',$,$,#2103,#2113,'1613212',.FLOOR.)
INFO:ImportIFC:Creating object #2191=IfcSlab('1MtA$wfTnE89QqC8Eo6JdV',#6,'Floor:650 BTG:1613235',$,$,#2180,#2190,'1613235',.FLOOR.)
INFO:ImportIFC:Creating object #2143=IfcSlab('1MtA$wfTnE89QqC8Eo6JdE',#6,'RR pile with Pressure Plate:RD140/10:1613218',$,$,#2124,#2142,'1613218',.BASESLAB.)
INFO:ImportIFC:Creating object #2171=IfcSlab('1MtA$wfTnE89QqC8Eo6JdF',#6,'RR pile with Pressure Plate:RD140/10:1613219',$,$,#2152,#2170,'1613219',.BASESLAB.)
INFO:ImportIFC:Creating object #2220=IfcSlab('1MtA$wfTnE89QqC8Eo6JdL',#6,'RR pile with Pressure Plate:RD140/10:1613241',$,$,#2201,#2219,'1613241',.BASESLAB.)
INFO:ImportIFC:Creating object #2248=IfcSlab('1MtA$wfTnE89QqC8Eo6JdM',#6,'RR pile with Pressure Plate:RD140/10:1613242',$,$,#2229,#2247,'1613242',.BASESLAB.)
INFO:ImportIFC:Creating object #2316=IfcWall('0vnaqzM3X1993q3wmO1SFC',#6,'Basic Wall:Concrete - Cast-in-Place - 412:1618544',$,$,#2259,#2264,'1618544')
INFO:ImportIFC:Creating object #2348=IfcSlab('2TpkYqaPTCqhVRlCXguJqL',#6,'Floor:500 BTG:1623642',$,$,#2330,#2347,'1623642',.FLOOR.)
INFO:ImportIFC:Creating object #2377=IfcWallStandardCase('3U976yoxP4kAVQbLmq$_qo',#6,'Basic Wall:Concrete - Cast-in-Place - 200:1624429',$,$,#2364,#2368,'1624429')
INFO:ImportIFC:Creating object #2401=IfcSlab('3U976yoxP4kAVQbLmq$_ql',#6,'Floor:250 BTG:1624432',$,$,#2390,#2400,'1624432',.FLOOR.)
INFO:ImportIFC:Creating object #2453=IfcWallStandardCase('3U976yoxP4kAVQbLmq$_qe',#6,'Basic Wall:Concrete - Cast-in-Place - 200:1624439',$,$,#2441,#2445,'1624439')
INFO:ImportIFC:Creating object #2429=IfcWallStandardCase('3U976yoxP4kAVQbLmq$_qf',#6,'Basic Wall:Concrete - Cast-in-Place - 200:1624438',$,$,#2417,#2421,'1624438')
INFO:ImportIFC:Creating object #2498=IfcSlab('0F9t5p45X9Vf$Klq95QZJD',#6,'Floor:550 BTG:1626885',$,$,#2487,#2497,'1626885',.FLOOR.)
INFO:ImportIFC:Creating object #2477=IfcWallStandardCase('3U976yoxP4kAVQbLmq$_tB',#6,'Basic Wall:Concrete - Cast-in-Place - 200:1624468',$,$,#2465,#2469,'1624468')
INFO:ImportIFC:Creating object #2551=IfcSlab('3IXkosVlr2wuA56b_H17D4',#6,'Floor:650 BTG:1628477',$,$,#2540,#2550,'1628477',.FLOOR.)
INFO:ImportIFC:Creating object #2531=IfcSlab('0F9t5p45X9Vf$Klq95QZBK',#6,'RR pile with Pressure Plate:RD140/10:1627420',$,$,#2512,#2530,'1627420',.BASESLAB.)
INFO:ImportIFC:Creating object #2580=IfcSlab('3IXkosVlr2wuA56b_H17Cw',#6,'RR pile with Pressure Plate:RD140/10:1628483',$,$,#2561,#2579,'1628483',.BASESLAB.)
INFO:ImportIFC:Creating object #2628=IfcSlab('3IXkosVlr2wuA56b_H17Cn',#6,'Floor:650 BTG:1628488',$,$,#2617,#2627,'1628488',.FLOOR.)
INFO:ImportIFC:Creating object #2608=IfcSlab('3IXkosVlr2wuA56b_H17Cz',#6,'RR pile with Pressure Plate:RD140/10:1628484',$,$,#2589,#2607,'1628484',.BASESLAB.)
INFO:ImportIFC:Creating object #2705=IfcSlab('3IXkosVlr2wuA56b_H17CD',#6,'Floor:650 BTG:1628532',$,$,#2694,#2704,'1628532',.FLOOR.)
INFO:ImportIFC:Creating object #2685=IfcSlab('3IXkosVlr2wuA56b_H17Cs',#6,'RR pile with Pressure Plate:RD140/10:1628495',$,$,#2666,#2684,'1628495',.BASESLAB.)
INFO:ImportIFC:Creating object #2657=IfcSlab('3IXkosVlr2wuA56b_H17Ct',#6,'RR pile with Pressure Plate:RD140/10:1628494',$,$,#2638,#2656,'1628494',.BASESLAB.)
INFO:ImportIFC:Creating object #2782=IfcSlab('3IXkosVlr2wuA56b_H17Fi',#6,'Floor:650 BTG:1628565',$,$,#2771,#2781,'1628565',.FLOOR.)
INFO:ImportIFC:Creating object #2734=IfcSlab('3IXkosVlr2wuA56b_H17C3',#6,'RR pile with Pressure Plate:RD140/10:1628538',$,$,#2715,#2733,'1628538',.BASESLAB.)
INFO:ImportIFC:Creating object #2762=IfcSlab('3IXkosVlr2wuA56b_H17C2',#6,'RR pile with Pressure Plate:RD140/10:1628539',$,$,#2743,#2761,'1628539',.BASESLAB.)
INFO:ImportIFC:Creating object #2859=IfcSlab('3IXkosVlr2wuA56b_H17FP',#6,'Floor:650 BTG:1628576',$,$,#2848,#2858,'1628576',.FLOOR.)
INFO:ImportIFC:Creating object #2839=IfcSlab('3IXkosVlr2wuA56b_H17Fb',#6,'RR pile with Pressure Plate:RD140/10:1628572',$,$,#2820,#2838,'1628572',.BASESLAB.)
INFO:ImportIFC:Creating object #2916=IfcSlab('3IXkosVlr2wuA56b_H17FU',#6,'RR pile with Pressure Plate:RD140/10:1628583',$,$,#2897,#2915,'1628583',.BASESLAB.)
INFO:ImportIFC:Creating object #2811=IfcSlab('3IXkosVlr2wuA56b_H17FY',#6,'RR pile with Pressure Plate:RD140/10:1628571',$,$,#2792,#2810,'1628571',.BASESLAB.)
INFO:ImportIFC:Creating object #2936=IfcSlab('3IXkosVlr2wuA56b_H17FI',#6,'Floor:650 BTG:1628587',$,$,#2925,#2935,'1628587',.FLOOR.)
INFO:ImportIFC:Creating object #2888=IfcSlab('3IXkosVlr2wuA56b_H17FV',#6,'RR pile with Pressure Plate:RD140/10:1628582',$,$,#2869,#2887,'1628582',.BASESLAB.)
INFO:ImportIFC:Creating object #2965=IfcSlab('3IXkosVlr2wuA56b_H17F8',#6,'RR pile with Pressure Plate:RD140/10:1628593',$,$,#2946,#2964,'1628593',.BASESLAB.)
INFO:ImportIFC:Creating object #3013=IfcSlab('3IXkosVlr2wuA56b_H17Eu',#6,'Floor:650 BTG:1628609',$,$,#3002,#3012,'1628609',.FLOOR.)
INFO:ImportIFC:Creating object #2993=IfcSlab('3IXkosVlr2wuA56b_H17FB',#6,'RR pile with Pressure Plate:RD140/10:1628594',$,$,#2974,#2992,'1628594',.BASESLAB.)
INFO:ImportIFC:Creating object #3042=IfcSlab('3IXkosVlr2wuA56b_H17E_',#6,'RR pile with Pressure Plate:RD140/10:1628615',$,$,#3023,#3041,'1628615',.BASESLAB.)
INFO:ImportIFC:Creating object #3070=IfcSlab('3IXkosVlr2wuA56b_H17En',#6,'RR pile with Pressure Plate:RD140/10:1628616',$,$,#3051,#3069,'1628616',.BASESLAB.)
INFO:ImportIFC:Creating object #3090=IfcSlab('3IXkosVlr2wuA56b_H17Er',#6,'Floor:650 BTG:1628620',$,$,#3079,#3089,'1628620',.FLOOR.)
INFO:ImportIFC:Creating object #3167=IfcSlab('3IXkosVlr2wuA56b_H170I',#6,'Floor:550 BTG:1628779',$,$,#3156,#3166,'1628779',.FLOOR.)
INFO:ImportIFC:Creating object #3147=IfcSlab('3IXkosVlr2wuA56b_H17Eg',#6,'RR pile with Pressure Plate:RD140/10:1628627',$,$,#3128,#3146,'1628627',.BASESLAB.)
INFO:ImportIFC:Creating object #3119=IfcSlab('3IXkosVlr2wuA56b_H17Eh',#6,'RR pile with Pressure Plate:RD140/10:1628626',$,$,#3100,#3118,'1628626',.BASESLAB.)
INFO:ImportIFC:Creating object #3216=IfcSlab('3IXkosVlr2wuA56b_H1706',#6,'Floor:550 BTG:1628799',$,$,#3205,#3215,'1628799',.FLOOR.)
INFO:ImportIFC:Creating object #3196=IfcSlab('3IXkosVlr2wuA56b_H1708',#6,'RR pile with Pressure Plate:RD140/10:1628785',$,$,#3177,#3195,'1628785',.BASESLAB.)
INFO:ImportIFC:Creating object #3265=IfcSlab('3IXkosVlr2wuA56b_H173g',#6,'Floor:550 BTG:1628819',$,$,#3254,#3264,'1628819',.FLOOR.)
INFO:ImportIFC:Creating object #3245=IfcSlab('3IXkosVlr2wuA56b_H173y',#6,'RR pile with Pressure Plate:RD140/10:1628805',$,$,#3226,#3244,'1628805',.BASESLAB.)
INFO:ImportIFC:Creating object #3314=IfcSlab('3IXkosVlr2wuA56b_H172I',#6,'Floor:550 BTG:1628907',$,$,#3303,#3313,'1628907',.FLOOR.)
INFO:ImportIFC:Creating object #3363=IfcSlab('25R6qIJ7HCRAqxNnHbcXCo',#6,'Floor:650 BTG:1629005',$,$,#3352,#3362,'1629005',.FLOOR.)
INFO:ImportIFC:Creating object #3343=IfcSlab('3IXkosVlr2wuA56b_H1728',#6,'RR pile with Pressure Plate:RD140/10:1628913',$,$,#3324,#3342,'1628913',.BASESLAB.)
INFO:ImportIFC:Creating object #3294=IfcSlab('3IXkosVlr2wuA56b_H173W',#6,'RR pile with Pressure Plate:RD140/10:1628825',$,$,#3275,#3293,'1628825',.BASESLAB.)
INFO:ImportIFC:Creating object #3392=IfcSlab('25R6qIJ7HCRAqxNnHbcXCi',#6,'RR pile with Pressure Plate:RD140/10:1629011',$,$,#3373,#3391,'1629011',.BASESLAB.)
INFO:ImportIFC:Creating object #3420=IfcSlab('25R6qIJ7HCRAqxNnHbcXCh',#6,'RR pile with Pressure Plate:RD140/10:1629012',$,$,#3401,#3419,'1629012',.BASESLAB.)
INFO:ImportIFC:Creating object #3450=IfcSlab('309$ipA4H7Nec9AVcxMgFV',#6,'RR pile with Pressure Plate:RD140/10:1632081',$,$,#3429,#3449,'1632081',.BASESLAB.)
INFO:ImportIFC:Creating object #3507=IfcSlab('1QPOUNVTb3XwCFwF4fprQO',#6,'RR pile with Pressure Plate:RD140/10:1637530',$,$,#3488,#3506,'1637530',.BASESLAB.)
INFO:ImportIFC:Creating object #3479=IfcSlab('1QPOUNVTb3XwCFwF4fpr4h',#6,'RR pile with Pressure Plate:RD140/10:1637161',$,$,#3460,#3478,'1637161',.BASESLAB.)
INFO:ImportIFC:Creating object #3535=IfcSlab('1QPOUNVTb3XwCFwF4fprSD',#6,'RR pile with Pressure Plate:RD140/10:1637647',$,$,#3516,#3534,'1637647',.BASESLAB.)
INFO:ImportIFC:Creating object #3563=IfcSlab('1QPOUNVTb3XwCFwF4fprUy',#6,'RR pile with Pressure Plate:RD140/10:1637822',$,$,#3544,#3562,'1637822',.BASESLAB.)
INFO:ImportIFC:Creating object #3592=IfcSlab('0lEd2Iu$94IQY13zZOhXm5',#6,'Floor:500 BTG:1638230',$,$,#3572,#3591,'1638230',.FLOOR.)
INFO:ImportIFC:Creating object #3623=IfcSlab('0z95fqNuj3bx7HTx6Xs7iP',#6,'RR pile with Pressure Plate:RD140/10:1642157',$,$,#3602,#3622,'1642157',.BASESLAB.)
INFO:ImportIFC:Creating object #3652=IfcSlab('0z95fqNuj3bx7HTx6Xs6Mt',#6,'RR pile with Pressure Plate:RD140/10:1642499',$,$,#3633,#3651,'1642499',.BASESLAB.)
INFO:ImportIFC:Creating object #3682=IfcSlab('0z95fqNuj3bx7HTx6Xs6LG',#6,'RR pile with Pressure Plate:RD140/10:1642724',$,$,#3661,#3681,'1642724',.BASESLAB.)
INFO:ImportIFC:Creating object #3710=IfcSlab('0z95fqNuj3bx7HTx6Xs6JE',#6,'RR pile with Pressure Plate:RD140/10:1642874',$,$,#3691,#3709,'1642874',.BASESLAB.)
INFO:ImportIFC:Creating object #3738=IfcSlab('0z95fqNuj3bx7HTx6Xs6Uu',#6,'RR pile with Pressure Plate:RD140/10:1643020',$,$,#3719,#3737,'1643020',.BASESLAB.)
INFO:ImportIFC:Creating object #3848=IfcSlab('0elcjjBqT2WuSfhpvTmG$O',#6,'Floor:500 BTG:1660715',$,$,#3803,#3847,'1660715',.FLOOR.)
INFO:ImportIFC:Creating object #3794=IfcSlab('1pYdUfaX9FtQcqpUiHo8RL',#6,'RR pile with Pressure Plate:RD140/10:1654809',$,$,#3775,#3793,'1654809',.BASESLAB.)
INFO:ImportIFC:Creating object #3873=IfcSlab('0elcjjBqT2WuSfhpvTmG7h',#6,'Floor:Concrete - Cast-in-Place - 150:1661208',$,$,#3857,#3872,'1661208',.FLOOR.)
INFO:ImportIFC:Creating object #3901=IfcWallStandardCase('0Dl2Km$jXE1hKGR8r6jn0o',#6,'Basic Wall:Concrete - Cast-in-Place - 200:1667205',$,$,#3889,#3893,'1667205')
INFO:ImportIFC:Creating object #3766=IfcSlab('0z95fqNuj3bx7HTx6Xs6Sy',#6,'RR pile with Pressure Plate:RD140/10:1643144',$,$,#3747,#3765,'1643144',.BASESLAB.)
INFO:ImportIFC:Creating object #3925=IfcWallStandardCase('0Dl2Km$jXE1hKGR8r6jn0n',#6,'Basic Wall:Concrete - Cast-in-Place - 200:1667206',$,$,#3913,#3917,'1667206')
INFO:ImportIFC:Creating object #3949=IfcWallStandardCase('0Dl2Km$jXE1hKGR8r6jn0m',#6,'Basic Wall:Concrete - Cast-in-Place - 200:1667207',$,$,#3937,#3941,'1667207')
INFO:ImportIFC:Creating object #4021=IfcWallStandardCase('0Dl2Km$jXE1hKGR8r6jn0Z',#6,'Basic Wall:Concrete - Cast-in-Place - 200:1667220',$,$,#4009,#4013,'1667220')
INFO:ImportIFC:Creating object #3973=IfcWallStandardCase('0Dl2Km$jXE1hKGR8r6jn0$',#6,'Basic Wall:Concrete - Cast-in-Place - 200:1667208',$,$,#3961,#3965,'1667208')
INFO:ImportIFC:Creating object #3997=IfcWallStandardCase('0Dl2Km$jXE1hKGR8r6jn0a',#6,'Basic Wall:Concrete - Cast-in-Place - 200:1667219',$,$,#3985,#3989,'1667219')
INFO:ImportIFC:Creating object #4045=IfcWallStandardCase('0Dl2Km$jXE1hKGR8r6jn0Y',#6,'Basic Wall:Concrete - Cast-in-Place - 200:1667221',$,$,#4033,#4037,'1667221')
INFO:ImportIFC:Creating object #4106=IfcWallStandardCase('0Dl2Km$jXE1hKGR8r6jn0Q',#6,'Basic Wall:Concrete - Cast-in-Place - 200:1667245',$,$,#4094,#4098,'1667245')
INFO:ImportIFC:Creating object #4082=IfcSlab('0Dl2Km$jXE1hKGR8r6jn0l',#6,'Floor:Concrete - Cast-in-Place - 200:1667224',$,$,#4055,#4081,'1667224',.FLOOR.)
INFO:ImportIFC:Creating object #4130=IfcWallStandardCase('0Dl2Km$jXE1hKGR8r6jnCC',#6,'Basic Wall:Concrete - Cast-in-Place - 200:1668027',$,$,#4118,#4122,'1668027')
INFO:ImportIFC:Creating object #4178=IfcWallStandardCase('0Dl2Km$jXE1hKGR8r6jnTM',#6,'Basic Wall:Concrete - Cast-in-Place - 200:1669089',$,$,#4166,#4170,'1669089')
INFO:ImportIFC:Creating object #4154=IfcWallStandardCase('0Dl2Km$jXE1hKGR8r6jnQa',#6,'Basic Wall:Concrete - Cast-in-Place - 200:1668627',$,$,#4142,#4146,'1668627')
INFO:ImportIFC:Creating object #4263=IfcSlab('2W9iUIrLP7xQWljilRVfwS',#6,'RR pile with Pressure Plate:RD140/10:1677373',$,$,#4244,#4262,'1677373',.BASESLAB.)
INFO:ImportIFC:Creating object #4235=IfcSlab('2W9iUIrLP7xQWljilRVf7o',#6,'RR pile with Pressure Plate:RD140/10:1677139',$,$,#4216,#4234,'1677139',.BASESLAB.)
INFO:ImportIFC:Creating object #4207=IfcSlab('2W9iUIrLP7xQWljilRVfAP',#6,'RR pile with Pressure Plate:RD140/10:1676344',$,$,#4188,#4206,'1676344',.BASESLAB.)
INFO:ImportIFC:Creating object #4348=IfcWallStandardCase('2G336sV9rCvAEY_NVepGuz',#6,'Basic Wall:Concrete - Cast-in-Place - 200:1687963',$,$,#4336,#4340,'1687963')
INFO:ImportIFC:Creating object #4372=IfcWallStandardCase('2G336sV9rCvAEY_NVepGv3',#6,'Basic Wall:Concrete - Cast-in-Place - 200:1688037',$,$,#4360,#4364,'1688037')
INFO:ImportIFC:Creating object #4475=IfcSlab('3E_iZLL3H2vvVGDBOlHi1S',#6,'Floor:265 BTG:1688330',$,$,#4382,#4474,'1688330',.FLOOR.)
INFO:ImportIFC:Creating object #4580=IfcSlab('3E_iZLL3H2vvVGDBOlHiMZ',#6,'Floor:265 BTG:1689333',$,$,#4512,#4579,'1689333',.FLOOR.)
INFO:ImportIFC:Creating object #4502=IfcWallStandardCase('3E_iZLL3H2vvVGDBOlHiMF',#6,'Basic Wall:Concrete - Cast-in-Place - 200:1689305',$,$,#4490,#4494,'1689305')
INFO:ImportIFC:Creating object #4627=IfcSlab('3E_iZLL3H2vvVGDBOlHi$7',#6,'Floor:200 BTG:1690769',$,$,#4613,#4626,'1690769',.FLOOR.)
INFO:ImportIFC:Creating object #4603=IfcSlab('3E_iZLL3H2vvVGDBOlHikr',#6,'Floor:265 BTG:1689827',$,$,#4589,#4602,'1689827',.FLOOR.)
INFO:ImportIFC:Creating object #4660=IfcWallStandardCase('1Bln_veFj7puNDSsr8lEvN',#6,'Basic Wall:Concrete - Cast-in-Place - 200:1693045',$,$,#4643,#4647,'1693045')
INFO:ImportIFC:Creating object #4716=IfcWallStandardCase('1Bln_veFj7puNDSsr8lEwW',#6,'Basic Wall:Concrete - Cast-in-Place - 200:1693058',$,$,#4700,#4704,'1693058')
INFO:ImportIFC:Creating object #4688=IfcWallStandardCase('1Bln_veFj7puNDSsr8lEvP',#6,'Basic Wall:Concrete - Cast-in-Place - 200:1693051',$,$,#4672,#4676,'1693051')
INFO:ImportIFC:Creating object #4792=IfcSlab('1Bln_veFj7puNDSsr8lEts',#6,'Floor:200 BTG:1693396',$,$,#4778,#4791,'1693396',.FLOOR.)
INFO:ImportIFC:Creating object #4816=IfcSlab('1Bln_veFj7puNDSsr8lEmX',#6,'Floor:265 BTG:1693443',$,$,#4802,#4815,'1693443',.FLOOR.)
INFO:ImportIFC:Creating object #4840=IfcSlab('1Bln_veFj7puNDSsr8lEm6',#6,'Floor:265 BTG:1693476',$,$,#4826,#4839,'1693476',.FLOOR.)
INFO:ImportIFC:Creating object #4864=IfcWallStandardCase('15AI333QL7C918c1wk5uAx',#6,'Basic Wall:Concrete - Cast-in-Place - 200:1802941',$,$,#4852,#4856,'1802941')
INFO:ImportIFC:Creating object #4893=IfcSlab('32M627M150O9dqKzk0$dgu',#6,'RR pile with Pressure Plate:RD140/10:1966131',$,$,#4874,#4892,'1966131',.BASESLAB.)
INFO:ImportIFC:Creating object #4923=IfcSlab('2wsE$64bfAxOtyS9ts4Wo7',#6,'RR pile with Pressure Plate:RD140/10:1980282',$,$,#4902,#4922,'1980282',.BASESLAB.)
INFO:ImportIFC:Creating object #4954=IfcSlab('2wsE$64bfAxOtyS9ts4W5B',#6,'RR pile with Pressure Plate:RD140/10:1981110',$,$,#4933,#4953,'1981110',.BASESLAB.)
INFO:ImportIFC:Creating object #4985=IfcSlab('1Qm8M6QFL9gBqZjv03DRXL',#6,'RR pile with Pressure Plate:RD140/10:1984021',$,$,#4964,#4984,'1984021',.BASESLAB.)
INFO:ImportIFC:Creating object #5016=IfcSlab('0Qtshb6E1EWPi4a9CLXdXj',#6,'RR pile with Pressure Plate:RD140/10:2025338',$,$,#4995,#5015,'2025338',.BASESLAB.)
INFO:ImportIFC:Creating object #5036=IfcSlab('2optMPCh583eJUrYS1XSuw',#6,'Floor:650 BTG:2118550',$,$,#5025,#5035,'2118550',.FLOOR.)
INFO:ImportIFC:Creating object #5065=IfcSlab('2optMPCh583eJUrYS1XSum',#6,'RR pile with Pressure Plate:RD140/10:2118556',$,$,#5046,#5064,'2118556',.BASESLAB.)
INFO:ImportIFC:Creating object #5093=IfcSlab('2optMPCh583eJUrYS1XSun',#6,'RR pile with Pressure Plate:RD140/10:2118557',$,$,#5074,#5092,'2118557',.BASESLAB.)
INFO:ImportIFC:Creating object #5113=IfcSlab('2optMPCh583eJUrYS1XSvM',#6,'Floor:650 BTG:2118650',$,$,#5102,#5112,'2118650',.FLOOR.)
INFO:ImportIFC:Creating object #5142=IfcSlab('2optMPCh583eJUrYS1XSci',#6,'RR pile with Pressure Plate:RD140/10:2118656',$,$,#5123,#5141,'2118656',.BASESLAB.)
INFO:ImportIFC:Creating object #5170=IfcSlab('2optMPCh583eJUrYS1XScj',#6,'RR pile with Pressure Plate:RD140/10:2118657',$,$,#5151,#5169,'2118657',.BASESLAB.)
INFO:ImportIFC:Creating object #4286=IfcWallStandardCase('2G336sV9rCvAEY_NVepG_X',#6,'Basic Wall:Concrete - Cast-in-Place - 200:1687559',$,$,#4274,#4278,'1687559')
INFO:ImportIFC:Creating object #5190=IfcSlab('2optMPCh583eJUrYS1XSWl',#6,'Floor:650 BTG:2119043',$,$,#5179,#5189,'2119043',.FLOOR.)
INFO:ImportIFC:Creating object #5219=IfcSlab('2optMPCh583eJUrYS1XSWb',#6,'RR pile with Pressure Plate:RD140/10:2119049',$,$,#5200,#5218,'2119049',.BASESLAB.)
INFO:ImportIFC:Creating object #5247=IfcSlab('2optMPCh583eJUrYS1XSWc',#6,'RR pile with Pressure Plate:RD140/10:2119050',$,$,#5228,#5246,'2119050',.BASESLAB.)
INFO:ImportIFC:Creating object #5296=IfcSlab('2optMPCh583eJUrYS1XSXP',#6,'RR pile with Pressure Plate:RD140/10:2119157',$,$,#5277,#5295,'2119157',.BASESLAB.)
INFO:ImportIFC:Creating object #5267=IfcSlab('2optMPCh583eJUrYS1XSX3',#6,'Floor:650 BTG:2119151',$,$,#5256,#5266,'2119151',.FLOOR.)
INFO:ImportIFC:Creating object #5344=IfcSlab('2optMPCh583eJUrYS1XSi5',#6,'Floor:650 BTG:2119337',$,$,#5333,#5343,'2119337',.FLOOR.)
INFO:ImportIFC:Creating object #4747=IfcWallStandardCase('1Bln_veFj7puNDSsr8lEwg',#6,'Basic Wall:Concrete - Cast-in-Place - 200:1693064',$,$,#4728,#4732,'1693064')
INFO:ImportIFC:Creating object #5324=IfcSlab('2optMPCh583eJUrYS1XSXQ',#6,'RR pile with Pressure Plate:RD140/10:2119158',$,$,#5305,#5323,'2119158',.BASESLAB.)
INFO:ImportIFC:Creating object #5373=IfcSlab('2optMPCh583eJUrYS1XSi3',#6,'RR pile with Pressure Plate:RD140/10:2119343',$,$,#5354,#5372,'2119343',.BASESLAB.)
INFO:ImportIFC:Creating object #5401=IfcSlab('2optMPCh583eJUrYS1XSiS',#6,'RR pile with Pressure Plate:RD140/10:2119344',$,$,#5382,#5400,'2119344',.BASESLAB.)
INFO:ImportIFC:Creating object #5526=IfcSlab('3rxOTX6O16R8Y381PrfeAB',#6,'Floor:650 BTG:2611757',$,$,#5515,#5525,'2611757',.FLOOR.)
INFO:ImportIFC:Creating object #5431=IfcSlab('0XSQ7nlrv2SOLJnqA$n6UU',#6,'RR pile with Pressure Plate:RD140/10:2263637',$,$,#5410,#5430,'2263637',.BASESLAB.)
INFO:ImportIFC:Creating object #5555=IfcSlab('3rxOTX6O16R8Y381PrfeAL',#6,'RR pile with Pressure Plate:RD140/10:2611763',$,$,#5536,#5554,'2611763',.BASESLAB.)
INFO:ImportIFC:Creating object #5603=IfcSlab('3rxOTX6O16R8Y381PrfeCh',#6,'Floor:650 BTG:2612109',$,$,#5592,#5602,'2612109',.FLOOR.)
INFO:ImportIFC:Creating object #5632=IfcSlab('3rxOTX6O16R8Y381PrfeCr',#6,'RR pile with Pressure Plate:RD140/10:2612115',$,$,#5613,#5631,'2612115',.BASESLAB.)
INFO:ImportIFC:Creating object #5660=IfcSlab('3rxOTX6O16R8Y381PrfeCo',#6,'RR pile with Pressure Plate:RD140/10:2612116',$,$,#5641,#5659,'2612116',.BASESLAB.)
INFO:ImportIFC:Creating object #5680=IfcSlab('3rxOTX6O16R8Y381PrfeJX',#6,'Floor:650 BTG:2612295',$,$,#5669,#5679,'2612295',.FLOOR.)
INFO:ImportIFC:Creating object #5583=IfcSlab('3rxOTX6O16R8Y381PrfeAI',#6,'RR pile with Pressure Plate:RD140/10:2611764',$,$,#5564,#5582,'2611764',.BASESLAB.)
INFO:ImportIFC:Creating object #5709=IfcSlab('3rxOTX6O16R8Y381PrfeJh',#6,'RR pile with Pressure Plate:RD140/10:2612301',$,$,#5690,#5708,'2612301',.BASESLAB.)
INFO:ImportIFC:Creating object #5757=IfcSlab('1IzND9vID1TxKyM4ksLu$1',#6,'Floor:650 BTG:2614588',$,$,#5746,#5756,'2614588',.FLOOR.)
INFO:ImportIFC:Creating object #5737=IfcSlab('3rxOTX6O16R8Y381PrfeJe',#6,'RR pile with Pressure Plate:RD140/10:2612302',$,$,#5718,#5736,'2612302',.BASESLAB.)
INFO:ImportIFC:Creating object #5786=IfcSlab('1IzND9vID1TxKyM4ksLu_$',#6,'RR pile with Pressure Plate:RD140/10:2614594',$,$,#5767,#5785,'2614594',.BASESLAB.)
INFO:ImportIFC:Creating object #5814=IfcSlab('1IzND9vID1TxKyM4ksLu__',#6,'RR pile with Pressure Plate:RD140/10:2614595',$,$,#5795,#5813,'2614595',.BASESLAB.)
INFO:ImportIFC:Creating object #5862=IfcSlab('3sn7W$0ePC2ev$$yCd5HvZ',#6,'Floor:100 BTG:2619762',$,$,#5851,#5861,'2619762',.FLOOR.)
INFO:ImportIFC:Creating object #5891=IfcSlab('3sn7W$0ePC2ev$$yCd5Hw7',#6,'RR pile with Pressure Plate:RD140/10:2619798',$,$,#5872,#5890,'2619798',.BASESLAB.)
INFO:ImportIFC:Creating object #5911=IfcSlab('3sn7W$0ePC2ev$$yCd5Hw8',#6,'Floor:100 BTG:2619801',$,$,#5900,#5910,'2619801',.FLOOR.)
INFO:ImportIFC:Creating object #5842=IfcSlab('3sn7W$0ePC2ev$$yCd5Hv_',#6,'RR pile with Pressure Plate:RD140/10:2619759',$,$,#5823,#5841,'2619759',.BASESLAB.)
INFO:ImportIFC:Creating object #5960=IfcSlab('3sn7W$0ePC2ev$$yCd5HxH',#6,'Floor:100 BTG:2619840',$,$,#5949,#5959,'2619840',.FLOOR.)
INFO:ImportIFC:Creating object #5940=IfcSlab('3sn7W$0ePC2ev$$yCd5Hwi',#6,'RR pile with Pressure Plate:RD140/10:2619837',$,$,#5921,#5939,'2619837',.BASESLAB.)
INFO:ImportIFC:Creating object #6009=IfcSlab('3sn7W$0ePC2ev$$yCd5Hxs',#6,'Floor:100 BTG:2619879',$,$,#5998,#6008,'2619879',.FLOOR.)
INFO:ImportIFC:Creating object #6033=IfcWallStandardCase('2GJ687PRH0mw5XoMlivwnw',#6,'Basic Wall:Concrete - Cast-in-Place - 300:2649525',$,$,#6021,#6025,'2649525')
INFO:ImportIFC:Creating object #6058=IfcSlab('01Icbl$RfFpOj$md1Yy6iq',#6,'Floor:280 BTG:2652429',$,$,#6047,#6057,'2652429',.FLOOR.)
INFO:ImportIFC:Creating object #5989=IfcSlab('3sn7W$0ePC2ev$$yCd5Hxr',#6,'RR pile with Pressure Plate:RD140/10:2619876',$,$,#5970,#5988,'2619876',.BASESLAB.)
INFO:ImportIFC:Creating object #6125=IfcSlab('01Icbl$RfFpOj$md1Yy6oJ',#6,'Floor:280 BTG:2653866',$,$,#6114,#6124,'2653866',.FLOOR.)
INFO:ImportIFC:Creating object #6104=IfcWallStandardCase('01Icbl$RfFpOj$md1Yy6oU',#6,'Basic Wall:Concrete - Cast-in-Place - 300:2653863',$,$,#6092,#6096,'2653863')
INFO:ImportIFC:Creating object #6170=IfcSlab('01Icbl$RfFpOj$md1Yy6qk',#6,'Floor:280 BTG:2653975',$,$,#6159,#6169,'2653975',.FLOOR.)
INFO:ImportIFC:Creating object #6194=IfcWallStandardCase('01Icbl$RfFpOj$md1Yy6qM',#6,'Basic Wall:Concrete - Cast-in-Place - 300:2653999',$,$,#6182,#6186,'2653999')
INFO:ImportIFC:Creating object #6149=IfcWallStandardCase('01Icbl$RfFpOj$md1Yy6qj',#6,'Basic Wall:Concrete - Cast-in-Place - 300:2653972',$,$,#6137,#6141,'2653972')
INFO:ImportIFC:Creating object #6215=IfcSlab('01Icbl$RfFpOj$md1Yy6qB',#6,'Floor:280 BTG:2654002',$,$,#6204,#6214,'2654002',.FLOOR.)
INFO:ImportIFC:Creating object #6284=IfcWallStandardCase('3K8C6GlZfE3QlT3xAYvUWt',#6,'Basic Wall:Concrete - Cast-in-Place - 235:2795778',$,$,#6272,#6276,'2795778')
INFO:ImportIFC:Creating object #6312=IfcWallStandardCase('3K8C6GlZfE3QlT3xAYvUeU',#6,'Basic Wall:Concrete - Cast-in-Place - 255:2796331',$,$,#6300,#6304,'2796331')
INFO:ImportIFC:Creating object #6340=IfcWallStandardCase('3K8C6GlZfE3QlT3xAYvUtO',#6,'Basic Wall:Concrete - Cast-in-Place - 255:2796781',$,$,#6328,#6332,'2796781')
INFO:ImportIFC:Creating object #6364=IfcWallStandardCase('3K8C6GlZfE3QlT3xAYvUpo',#6,'Basic Wall:Concrete - Cast-in-Place - 255:2796999',$,$,#6352,#6356,'2796999')
INFO:ImportIFC:Creating object #6388=IfcWallStandardCase('3K8C6GlZfE3QlT3xAYvVCK',#6,'Basic Wall:Concrete - Cast-in-Place - 235:2798113',$,$,#6376,#6380,'2798113')
INFO:ImportIFC:Creating object #6412=IfcWallStandardCase('3TGLzgck1BcAIvkHAqUuVz',#6,'Basic Wall:Concrete - Cast-in-Place - 360:2798497',$,$,#6400,#6404,'2798497')
INFO:ImportIFC:Creating object #6440=IfcWallStandardCase('3TGLzgck1BcAIvkHAqUu6H',#6,'Basic Wall:Concrete - Cast-in-Place - 360:2799053',$,$,#6428,#6432,'2799053')
INFO:ImportIFC:Creating object #6464=IfcWallStandardCase('3TGLzgck1BcAIvkHAqUu66',#6,'Basic Wall:Concrete - Cast-in-Place - 360:2799066',$,$,#6452,#6456,'2799066')
INFO:ImportIFC:Creating object #6488=IfcWallStandardCase('3TGLzgck1BcAIvkHAqUu6$',#6,'Basic Wall:Concrete - Cast-in-Place - 360:2799075',$,$,#6476,#6480,'2799075')
INFO:ImportIFC:Creating object #6512=IfcWallStandardCase('3TGLzgck1BcAIvkHAqUu6m',#6,'Basic Wall:Concrete - Cast-in-Place - 360:2799084',$,$,#6500,#6504,'2799084')
INFO:ImportIFC:Creating object #6536=IfcWallStandardCase('3TGLzgck1BcAIvkHAqUuAH',#6,'Basic Wall:Concrete - Cast-in-Place - 235:2799309',$,$,#6524,#6528,'2799309')
INFO:ImportIFC:Creating object #6560=IfcWallStandardCase('3TGLzgck1BcAIvkHAqUunQ',#6,'Basic Wall:Concrete - Cast-in-Place - 235:2799622',$,$,#6548,#6552,'2799622')
INFO:ImportIFC:Creating object #6584=IfcWallStandardCase('3TGLzgck1BcAIvkHAqUuvR',#6,'Basic Wall:Concrete - Cast-in-Place - 235:2800135',$,$,#6572,#6576,'2800135')
INFO:ImportIFC:Creating object #6608=IfcWallStandardCase('3TGLzgck1BcAIvkHAqUu$9',#6,'Basic Wall:Concrete - Cast-in-Place - 235:2800533',$,$,#6596,#6600,'2800533')
INFO:ImportIFC:Creating object #6653=IfcWall('3TGLzgck1BcAIvkHAqUugz',#6,'Basic Wall:Concrete - Cast-in-Place - 235:2801377',$,$,#6620,#6624,'2801377')
INFO:ImportIFC:Creating object #6676=IfcWallStandardCase('3TGLzgck1BcAIvkHAqU$LB',#6,'Basic Wall:Concrete - Cast-in-Place - 235:2801943',$,$,#6664,#6668,'2801943')
INFO:ImportIFC:Creating object #6700=IfcWallStandardCase('3TGLzgck1BcAIvkHAqU$nG',#6,'Basic Wall:Concrete - Cast-in-Place - 360:2803724',$,$,#6688,#6692,'2803724')
INFO:ImportIFC:Creating object #6724=IfcWallStandardCase('3TGLzgck1BcAIvkHAqU$os',#6,'Basic Wall:Concrete - Cast-in-Place - 315:2803946',$,$,#6712,#6716,'2803946')
INFO:ImportIFC:Creating object #6752=IfcWallStandardCase('3TGLzgck1BcAIvkHAqU$ux',#6,'Basic Wall:Concrete - Cast-in-Place - 315:2804327',$,$,#6740,#6744,'2804327')
INFO:ImportIFC:Creating object #6776=IfcWallStandardCase('3TGLzgck1BcAIvkHAqU$uk',#6,'Basic Wall:Concrete - Cast-in-Place - 315:2804338',$,$,#6764,#6768,'2804338')
INFO:ImportIFC:Creating object #6800=IfcWallStandardCase('3TGLzgck1BcAIvkHAqU$uX',#6,'Basic Wall:Concrete - Cast-in-Place - 315:2804349',$,$,#6788,#6792,'2804349')
INFO:ImportIFC:Creating object #6824=IfcWallStandardCase('3TGLzgck1BcAIvkHAqU_Ns',#6,'Basic Wall:Concrete - Cast-in-Place - 235:2806186',$,$,#6812,#6816,'2806186')
INFO:ImportIFC:Creating object #6848=IfcWallStandardCase('3TGLzgck1BcAIvkHAqU_R9',#6,'Basic Wall:Concrete - Cast-in-Place - 235:2806421',$,$,#6836,#6840,'2806421')
INFO:ImportIFC:Creating object #6872=IfcWallStandardCase('3TGLzgck1BcAIvkHAqU_Vg',#6,'Basic Wall:Concrete - Cast-in-Place - 235:2806710',$,$,#6860,#6864,'2806710')
INFO:ImportIFC:Creating object #6896=IfcWallStandardCase('3TGLzgck1BcAIvkHAqU_2V',#6,'Basic Wall:Concrete - Cast-in-Place - 235:2806979',$,$,#6884,#6888,'2806979')
INFO:ImportIFC:Creating object #6920=IfcWallStandardCase('3TGLzgck1BcAIvkHAqU_4N',#6,'Basic Wall:Concrete - Cast-in-Place - 235:2807115',$,$,#6908,#6912,'2807115')
INFO:ImportIFC:Creating object #6944=IfcWallStandardCase('3TGLzgck1BcAIvkHAqU_D4',#6,'Basic Wall:Concrete - Cast-in-Place - 255:2807576',$,$,#6932,#6936,'2807576')
INFO:ImportIFC:Creating object #6968=IfcWallStandardCase('3TGLzgck1BcAIvkHAqU_Eh',#6,'Basic Wall:Concrete - Cast-in-Place - 255:2807799',$,$,#6956,#6960,'2807799')
INFO:ImportIFC:Creating object #6992=IfcWallStandardCase('3TGLzgck1BcAIvkHAqU_r$',#6,'Basic Wall:Concrete - Cast-in-Place - 235:2808099',$,$,#6980,#6984,'2808099')
INFO:ImportIFC:Creating object #7016=IfcWallStandardCase('3TGLzgck1BcAIvkHAqU_vf',#6,'Basic Wall:Concrete - Cast-in-Place - 235:2808373',$,$,#7004,#7008,'2808373')
INFO:ImportIFC:Creating object #7040=IfcWallStandardCase('3TGLzgck1BcAIvkHAqU_$H',#6,'Basic Wall:Concrete - Cast-in-Place - 235:2808717',$,$,#7028,#7032,'2808717')
INFO:ImportIFC:Creating object #7064=IfcWallStandardCase('3TGLzgck1BcAIvkHAqU_XF',#6,'Basic Wall:Concrete - Cast-in-Place - 235:2808851',$,$,#7052,#7056,'2808851')
INFO:ImportIFC:Creating object #7088=IfcWallStandardCase('3TGLzgck1BcAIvkHAqU_cR',#6,'Basic Wall:Concrete - Cast-in-Place - 235:2809287',$,$,#7076,#7080,'2809287')
INFO:ImportIFC:Creating object #7112=IfcWallStandardCase('3TGLzgck1BcAIvkHAqU_j6',#6,'Basic Wall:Concrete - Cast-in-Place - 235:2809626',$,$,#7100,#7104,'2809626')
INFO:ImportIFC:Creating object #6255=IfcSlab('01Icbl$RfFpOj$md1Yy6sg',#6,'Floor:150 BTG:2654099',$,$,#6225,#6254,'2654099',.FLOOR.)
INFO:ImportIFC:Creating object #7136=IfcWallStandardCase('3TGLzgck1BcAIvkHAqU_kh',#6,'Basic Wall:Concrete - Cast-in-Place - 235:2809847',$,$,#7124,#7128,'2809847')
INFO:ImportIFC:Creating object #7160=IfcWallStandardCase('3TGLzgck1BcAIvkHAqUzRQ',#6,'Basic Wall:Concrete - Cast-in-Place - 255:2810502',$,$,#7148,#7152,'2810502')
INFO:ImportIFC:Creating object #7191=IfcSlab('3RESZ2oR91geH7xhiMANos',#6,'RR pile with Pressure Plate:RD140/10:2883316',$,$,#7170,#7190,'2883316',.BASESLAB.)
INFO:ImportIFC:Creating object #7222=IfcSlab('3RESZ2oR91geH7xhiMBeE4',#6,'RR pile with Pressure Plate:RD140/10:2884038',$,$,#7201,#7221,'2884038',.BASESLAB.)
INFO:ImportIFC:Creating object #7253=IfcSlab('3RESZ2oR91geH7xhiMBeTd',#6,'RR pile with Pressure Plate:RD140/10:2884901',$,$,#7232,#7252,'2884901',.BASESLAB.)
INFO:ImportIFC:Creating object #7284=IfcSlab('3RESZ2oR91geH7xhiMBeZP',#6,'RR pile with Pressure Plate:RD140/10:2886299',$,$,#7263,#7283,'2886299',.BASESLAB.)
INFO:ImportIFC:Creating object #7315=IfcSlab('3RESZ2oR91geH7xhiMBfDx',#6,'RR pile with Pressure Plate:RD140/10:2887993',$,$,#7294,#7314,'2887993',.BASESLAB.)
INFO:ImportIFC:Creating object #7346=IfcSlab('3n8VBWUkj2U9HO5tehhmXn',#6,'RR pile with Pressure Plate:RD140/10:2888703',$,$,#7325,#7345,'2888703',.BASESLAB.)
INFO:ImportIFC:Creating object #7377=IfcSlab('3n8VBWUkj2U9HO5tehhmuk',#6,'RR pile with Pressure Plate:RD140/10:2889120',$,$,#7356,#7376,'2889120',.BASESLAB.)
INFO:ImportIFC:Creating object #7434=IfcSlab('3n8VBWUkj2U9HO5tehhmAZ',#6,'RR pile with Pressure Plate:RD140/10:2890029',$,$,#7415,#7433,'2890029',.BASESLAB.)
INFO:ImportIFC:Creating object #7406=IfcSlab('3n8VBWUkj2U9HO5tehhmtB',#6,'RR pile with Pressure Plate:RD140/10:2889285',$,$,#7387,#7405,'2889285',.BASESLAB.)
INFO:ImportIFC:Creating object #7462=IfcSlab('3n8VBWUkj2U9HO5tehhmBr',#6,'RR pile with Pressure Plate:RD140/10:2890107',$,$,#7443,#7461,'2890107',.BASESLAB.)
INFO:ImportIFC:Creating object #7490=IfcSlab('3n8VBWUkj2U9HO5tehhm8n',#6,'RR pile with Pressure Plate:RD140/10:2890175',$,$,#7471,#7489,'2890175',.BASESLAB.)
INFO:ImportIFC:Creating object #7520=IfcSlab('3n8VBWUkj2U9HO5tehhm4i',#6,'RR pile with Pressure Plate:RD140/10:2890402',$,$,#7499,#7519,'2890402',.BASESLAB.)
INFO:ImportIFC:Creating object #7582=IfcSlab('1hC1DwmIv5hePyymrFEjCQ',#6,'RR pile with Pressure Plate:RD140/10:2890961',$,$,#7561,#7581,'2890961',.BASESLAB.)
INFO:ImportIFC:Creating object #7551=IfcSlab('1hC1DwmIv5hePyymrFEjEC',#6,'RR pile with Pressure Plate:RD140/10:2890823',$,$,#7530,#7550,'2890823',.BASESLAB.)
INFO:ImportIFC:Creating object #7613=IfcSlab('1hC1DwmIv5hePyymrFEj3L',#6,'RR pile with Pressure Plate:RD140/10:2891550',$,$,#7592,#7612,'2891550',.BASESLAB.)
INFO:ImportIFC:Creating object #7642=IfcSlab('1hC1DwmIv5hePyymrFEk_w',#6,'RR pile with Pressure Plate:RD140/10:2891889',$,$,#7623,#7641,'2891889',.BASESLAB.)
INFO:ImportIFC:Creating object #7670=IfcSlab('1hC1DwmIv5hePyymrFEkxR',#6,'RR pile with Pressure Plate:RD140/10:2892048',$,$,#7651,#7669,'2892048',.BASESLAB.)
INFO:ImportIFC:Creating object #7698=IfcSlab('3du7D3jRjCOenpOtofUmZT',#6,'RR pile with Pressure Plate:RD140/10:2893098',$,$,#7679,#7697,'2893098',.BASESLAB.)
INFO:ImportIFC:Creating object #7728=IfcSlab('3du7D3jRjCOenpOtofUmle',#6,'RR pile with Pressure Plate:RD140/10:2893343',$,$,#7707,#7727,'2893343',.BASESLAB.)
INFO:ImportIFC:Creating object #7758=IfcSlab('3du7D3jRjCOenpOtofUmhK',#6,'RR pile with Pressure Plate:RD140/10:2893603',$,$,#7737,#7757,'2893603',.BASESLAB.)
INFO:ImportIFC:Creating object #7819=IfcSlab('3du7D3jRjCOenpOtofUmeJ',#6,'RR pile with Pressure Plate:RD140/10:2893796',$,$,#7798,#7818,'2893796',.BASESLAB.)
INFO:ImportIFC:Creating object #7788=IfcSlab('3du7D3jRjCOenpOtofUmf4',#6,'RR pile with Pressure Plate:RD140/10:2893747',$,$,#7767,#7787,'2893747',.BASESLAB.)
INFO:ImportIFC:Creating object #7850=IfcSlab('3du7D3jRjCOenpOtofUm1G',#6,'RR pile with Pressure Plate:RD140/10:2895271',$,$,#7829,#7849,'2895271',.BASESLAB.)
INFO:ImportIFC:Creating object #7880=IfcSlab('3du7D3jRjCOenpOtofUm0b',#6,'RR pile with Pressure Plate:RD140/10:2895314',$,$,#7859,#7879,'2895314',.BASESLAB.)
INFO:ImportIFC:Creating object #7941=IfcSlab('1GpqQWs8X3MvNQ69_aP4qC',#6,'RR pile with Pressure Plate:RD140/10:2897528',$,$,#7920,#7940,'2897528',.BASESLAB.)
INFO:ImportIFC:Creating object #7910=IfcSlab('3du7D3jRjCOenpOtofUm99',#6,'RR pile with Pressure Plate:RD140/10:2895806',$,$,#7889,#7909,'2895806',.BASESLAB.)
INFO:ImportIFC:Creating object #8003=IfcSlab('1GpqQWs8X3MvNQ69_aP4oO',#6,'RR pile with Pressure Plate:RD140/10:2897900',$,$,#7982,#8002,'2897900',.BASESLAB.)
INFO:ImportIFC:Creating object #7972=IfcSlab('1GpqQWs8X3MvNQ69_aP4pK',#6,'RR pile with Pressure Plate:RD140/10:2897824',$,$,#7951,#7971,'2897824',.BASESLAB.)
INFO:ImportIFC:Creating object #8034=IfcSlab('1GpqQWs8X3MvNQ69_aP4Fk',#6,'RR pile with Pressure Plate:RD140/10:2898074',$,$,#8013,#8033,'2898074',.BASESLAB.)
INFO:ImportIFC:Creating object #8065=IfcSlab('1GpqQWs8X3MvNQ69_aP4Bf',#6,'RR pile with Pressure Plate:RD140/10:2898333',$,$,#8044,#8064,'2898333',.BASESLAB.)
INFO:ImportIFC:Creating object #8096=IfcSlab('1GpqQWs8X3MvNQ69_aP45_',#6,'RR pile with Pressure Plate:RD140/10:2898442',$,$,#8075,#8095,'2898442',.BASESLAB.)
INFO:ImportIFC:Creating object #8127=IfcSlab('1GpqQWs8X3MvNQ69_aP438',#6,'RR pile with Pressure Plate:RD140/10:2898876',$,$,#8106,#8126,'2898876',.BASESLAB.)
INFO:ImportIFC:Creating object #8158=IfcSlab('1GpqQWs8X3MvNQ69_aP4SL',#6,'RR pile with Pressure Plate:RD140/10:2899041',$,$,#8137,#8157,'2899041',.BASESLAB.)
INFO:ImportIFC:Creating object #8187=IfcSlab('1GpqQWs8X3MvNQ69_aP4Pi',#6,'RR pile with Pressure Plate:RD140/10:2899224',$,$,#8168,#8186,'2899224',.BASESLAB.)
INFO:ImportIFC:Creating object #8248=IfcSlab('1GpqQWs8X3MvNQ69_aP3$s',#6,'RR pile with Pressure Plate:RD140/10:2901122',$,$,#8227,#8247,'2901122',.BASESLAB.)
INFO:ImportIFC:Creating object #8217=IfcSlab('1GpqQWs8X3MvNQ69_aP3g4',#6,'RR pile with Pressure Plate:RD140/10:2900464',$,$,#8196,#8216,'2900464',.BASESLAB.)
INFO:ImportIFC:Creating object #8310=IfcSlab('1GpqQWs8X3MvNQ69_aP3sL',#6,'RR pile with Pressure Plate:RD140/10:2901729',$,$,#8289,#8309,'2901729',.BASESLAB.)
INFO:ImportIFC:Creating object #8279=IfcSlab('1GpqQWs8X3MvNQ69_aP3qZ',#6,'RR pile with Pressure Plate:RD140/10:2901591',$,$,#8258,#8278,'2901591',.BASESLAB.)
INFO:ImportIFC:Creating object #8370=IfcSlab('1GpqQWs8X3MvNQ69_aP3QL',#6,'RR pile with Pressure Plate:RD140/10:2903521',$,$,#8351,#8369,'2903521',.BASESLAB.)
INFO:ImportIFC:Creating object #8341=IfcSlab('1GpqQWs8X3MvNQ69_aP3O3',#6,'RR pile with Pressure Plate:RD140/10:2903415',$,$,#8320,#8340,'2903415',.BASESLAB.)
INFO:ImportIFC:Creating object #8431=IfcSlab('1GpqQWs8X3MvNQ69_aP3Gk',#6,'RR pile with Pressure Plate:RD140/10:2903898',$,$,#8410,#8430,'2903898',.BASESLAB.)
INFO:ImportIFC:Creating object #8400=IfcSlab('1GpqQWs8X3MvNQ69_aP3M4',#6,'RR pile with Pressure Plate:RD140/10:2903792',$,$,#8379,#8399,'2903792',.BASESLAB.)
INFO:ImportIFC:Creating object #8460=IfcSlab('1GpqQWs8X3MvNQ69_aP2cg',#6,'RR pile with Pressure Plate:RD140/10:2904798',$,$,#8441,#8459,'2904798',.BASESLAB.)
INFO:ImportIFC:Creating object #8490=IfcSlab('1GpqQWs8X3MvNQ69_aP2yb',#6,'RR pile with Pressure Plate:RD140/10:2905169',$,$,#8469,#8489,'2905169',.BASESLAB.)
INFO:ImportIFC:Creating object #8519=IfcSlab('1GpqQWs8X3MvNQ69_aP2tD',#6,'RR pile with Pressure Plate:RD140/10:2905785',$,$,#8500,#8518,'2905785',.BASESLAB.)
INFO:ImportIFC:Creating object #8577=IfcSlab('1GpqQWs8X3MvNQ69_aP21L',#6,'RR pile with Pressure Plate:RD140/10:2906913',$,$,#8558,#8576,'2906913',.BASESLAB.)
INFO:ImportIFC:Creating object #8549=IfcSlab('1GpqQWs8X3MvNQ69_aP2Bo',#6,'RR pile with Pressure Plate:RD140/10:2906502',$,$,#8528,#8548,'2906502',.BASESLAB.)
INFO:ImportIFC:Creating object #8636=IfcSlab('1GpqQWs8X3MvNQ69_aP2RI',#6,'RR pile with Pressure Plate:RD140/10:2907558',$,$,#8617,#8635,'2907558',.BASESLAB.)
INFO:ImportIFC:Creating object #8664=IfcSlab('1GpqQWs8X3MvNQ69_aP2Mo',#6,'RR pile with Pressure Plate:RD140/10:2907846',$,$,#8645,#8663,'2907846',.BASESLAB.)
INFO:ImportIFC:Creating object #8607=IfcSlab('1GpqQWs8X3MvNQ69_aP2TL',#6,'RR pile with Pressure Plate:RD140/10:2907169',$,$,#8586,#8606,'2907169',.BASESLAB.)
INFO:ImportIFC:Creating object #8712=IfcSlab('2d2Z9OQurDJwlOUIhLw21O',#6,'Floor:100 BTG:2966356',$,$,#8701,#8711,'2966356',.FLOOR.)
INFO:ImportIFC:Creating object #8692=IfcSlab('1GpqQWs8X3MvNQ69_aP1id',#6,'RR pile with Pressure Plate:RD140/10:2908243',$,$,#8673,#8691,'2908243',.BASESLAB.)
INFO:ImportIFC:Creating object #8741=IfcSlab('2d2Z9OQurDJwlOUIhLw2T4',#6,'RR pile with Pressure Plate:RD140/10:2966600',$,$,#8722,#8740,'2966600',.BASESLAB.)
INFO:ImportIFC:Creating object #5475=IfcSlab('3u7HSm7d91peYOx7Iha1qV',#6,'Floor:100 BTG:2597512',$,$,#5441,#5474,'2597512',.FLOOR.)
INFO:ImportIFC:Creating object #9825=IfcBuildingElementProxy('0$RtYNfo15W9nqagerlexp',#6,'Welda:WELDA 300x300-165:3043446',$,$,#9824,#9820,'3043446',$)
INFO:ImportIFC:Creating object #9840=IfcBuildingElementProxy('0$RtYNfo15W9nqagerley8',#6,'Welda:WELDA 300x300-165:3043725',$,$,#9839,#9835,'3043725',$)
INFO:ImportIFC:Creating object #9852=IfcBuildingElementProxy('0$RtYNfo15W9nqagerleot',#6,'Welda:WELDA 300x300-165:3043890',$,$,#9851,#9847,'3043890',$)
INFO:ImportIFC:Creating object #9864=IfcBuildingElementProxy('0$RtYNfo15W9nqagerleou',#6,'Welda:WELDA 300x300-165:3043901',$,$,#9863,#9859,'3043901',$)
INFO:ImportIFC:Creating object #9876=IfcBuildingElementProxy('0$RtYNfo15W9nqagerlepD',#6,'Welda:WELDA 300x300-165:3043912',$,$,#9875,#9871,'3043912',$)
INFO:ImportIFC:Creating object #9888=IfcBuildingElementProxy('0$RtYNfo15W9nqagerlepM',#6,'Welda:WELDA 300x300-165:3043923',$,$,#9887,#9883,'3043923',$)
INFO:ImportIFC:Creating object #9900=IfcBuildingElementProxy('0$RtYNfo15W9nqagerlesK',#6,'Welda:WELDA 300x300-165:3044113',$,$,#9899,#9895,'3044113',$)
INFO:ImportIFC:Creating object #9912=IfcBuildingElementProxy('0$RtYNfo15W9nqagerlehE',#6,'Welda:WELDA 300x300-165:3044427',$,$,#9911,#9907,'3044427',$)
INFO:ImportIFC:Creating object #9924=IfcBuildingElementProxy('0$RtYNfo15W9nqagerlehH',#6,'Welda:WELDA 300x300-165:3044436',$,$,#9923,#9919,'3044436',$)
INFO:ImportIFC:Creating object #9936=IfcBuildingElementProxy('0$RtYNfo15W9nqagerlehO',#6,'Welda:WELDA 300x300-165:3044445',$,$,#9935,#9931,'3044445',$)
INFO:ImportIFC:Creating object #10074=IfcWallStandardCase('3cE4fXcRb6D9sJuwD7_362',#6,'Basic Wall:Concrete - Cast-in-Place - 150:3168399',$,$,#10062,#10066,'3168399')
INFO:ImportIFC:Creating object #10101=IfcWallStandardCase('3cE4fXcRb6D9sJuwD7_30S',#6,'Basic Wall:Concrete - Cast-in-Place - 150:3168529',$,$,#10089,#10093,'3168529')
INFO:ImportIFC:Creating object #10125=IfcWallStandardCase('3cE4fXcRb6D9sJuwD7_30V',#6,'Basic Wall:Concrete - Cast-in-Place - 150:3168530',$,$,#10113,#10117,'3168530')
INFO:ImportIFC:Creating object #10146=IfcSlab('26LkqnWpbCvRoBsHuGgEtp',#6,'Floor:200 BTG:3169975',$,$,#10135,#10145,'3169975',.FLOOR.)
INFO:ImportIFC:Creating object #10167=IfcSlab('26LkqnWpbCvRoBsHuGgD8z',#6,'Floor:200 BTG:3170681',$,$,#10156,#10166,'3170681',.FLOOR.)
INFO:ImportIFC:Creating object #10191=IfcWallStandardCase('3DdC$kV0P3qgwlsTMA3gUx',#6,'Basic Wall:Concrete - Cast-in-Place - 200:3173557',$,$,#10179,#10183,'3173557')
INFO:ImportIFC:Creating object #10215=IfcWallStandardCase('2sDBeaUyXDLeJH4a7Be5x6',#6,'Basic Wall:Concrete - Cast-in-Place - 200:3173935',$,$,#10203,#10207,'3173935')
INFO:ImportIFC:Creating object #10239=IfcWallStandardCase('2mVBUjHAz7ChtC5HZbHqCv',#6,'Basic Wall:Concrete - Cast-in-Place - 150:3191350',$,$,#10227,#10231,'3191350')
INFO:ImportIFC:Creating object #10015=IfcBuildingElementProxy('0liQvotF559AKLbN3k$oIs',#6,'Welda:WELDA 300x300-165 invändig:3138993',$,$,#10014,#10010,'3138993',$)
INFO:ImportIFC:Creating object #10030=IfcBuildingElementProxy('0liQvotF559AKLbN3k$oOv',#6,'Welda:WELDA 300x300-165 invändig:3139390',$,$,#10029,#10025,'3139390',$)
INFO:ImportIFC:Creating object #10042=IfcBuildingElementProxy('0liQvotF559AKLbN3k$oPe',#6,'Welda:WELDA 300x300-165 invändig:3139439',$,$,#10041,#10037,'3139439',$)
INFO:ImportIFC:Creating object #10054=IfcBuildingElementProxy('0liQvotF559AKLbN3k$oQe',#6,'Welda:WELDA 300x300-165 invändig:3139503',$,$,#10053,#10049,'3139503',$)
INFO:ImportIFC:Creating object #9733=IfcBuildingElementProxy('3kbFmF4MH4KfNDRl5Rs5Xi',#6,'PSB group:8xPSB-10/160-3/331:2976189',$,$,#9732,#9728,'2976189',$)
INFO:ImportIFC:Creating object #418=IfcSlab('22Qf$m7qHD0hM1fd6LNieU',#6,'Floor:Concrete - Cast-in-Place - 200:1607726',$,$,#311,#417,'1607726',.FLOOR.)
INFO:ImportIFC:Creating object #10263=IfcSlab('2QFUWnyNbFNQSPyBozqONK',#6,'Floor:200 BTG:3261054',$,$,#10249,#10262,'3261054',.FLOOR.)
INFO:ImportIFC:Creating object #10287=IfcWallStandardCase('2QFUWnyNbFNQSPyBozqO99',#6,'Basic Wall:Concrete - Cast-in-Place - 120:3261923',$,$,#10275,#10279,'3261923')
INFO:ImportIFC:Creating object #6088=IfcAnnotation('01Icbl$RfFpOj$md1Yy6un',#6,'Model Lines:2653192',$,$,#6072,#6086)
INFO:ImportIFC:Creating object #54=IfcBuildingStorey('3adfCpgMzF4eaVp1jlOR4V',#6,'PLAN 16',$,$,#53,$,'PLAN 16',.ELEMENT.,42519.99999999994)
INFO:ImportIFC:Creating object #34=IfcBuildingStorey('0Nv1MkV6PCfgKgMyZEhNXd',#6,'PLAN 11',$,$,#33,$,'PLAN 11',.ELEMENT.,27520.00000000026)
INFO:ImportIFC:Creating object #38=IfcBuildingStorey('3MF1NPWfHAjA1o$xSBfZDg',#6,'PLAN 12',$,$,#37,$,'PLAN 12',.ELEMENT.,30319.99999999871)
INFO:ImportIFC:Creating object #42=IfcBuildingStorey('1ONfzxsYjB7uTz72mS9pCn',#6,'PLAN 13',$,$,#41,$,'PLAN 13',.ELEMENT.,33120.00000000026)
INFO:ImportIFC:Creating object #46=IfcBuildingStorey('1ONfzxsYjB7uTz72mS9pCu',#6,'PLAN 14',$,$,#45,$,'PLAN 14',.ELEMENT.,35920.00000000026)
INFO:ImportIFC:Creating object #50=IfcBuildingStorey('1ONfzxsYjB7uTz72mS9pIO',#6,'PLAN 15',$,$,#49,$,'PLAN 15',.ELEMENT.,38720.00000000026)
INFO:ImportIFC:Creating object #22=IfcBuilding('2rE1cFQurCf8n7WoYumwsu',#6,'',$,$,#21,$,'',.ELEMENT.,$,$,#19)
INFO:ImportIFC:Creating object #57=IfcSite('2rE1cFQurCf8n7WoYumwsx',#6,'Default',$,$,#56,$,$,.ELEMENT.,(42,24,53,508911),(-71,-15,-29,-58837),0.,$,$)
INFO:ImportIFC:Creating object #26=IfcBuildingStorey('1ONfzxsYjB7uTz72mS9pHB',#6,'Plan 09',$,$,#25,$,'Plan 09',.ELEMENT.,19020.)
INFO:ImportIFC:Creating object #30=IfcBuildingStorey('3MF1NPWfHAjA1o$xSBfZCz',#6,'PLAN 10',$,$,#29,$,'PLAN 10',.ELEMENT.,22319.999999999996)
INFO:ImportIFC:Creating object #6288=IfcWallType('3K8C6GlZfE3QlT3xAYvUc4',#6,'Basic Wall:Concrete - Cast-in-Place - 235',$,$,$,$,'2795697',$,.STANDARD.)
INFO:ImportIFC:Creating object #10007=IfcBuildingElementProxyType('0liQvotF559AKLbN3k$oam',#6,'Welda:WELDA 300x300-165 invändig',$,$,(#10022),(#10006),'3139639',$,.NOTDEFINED.)
INFO:ImportIFC:Creating object #6416=IfcWallType('1vm5Iemq56sRvVLWhCLg5j',#6,'Basic Wall:Concrete - Cast-in-Place - 360',$,$,$,$,'3019991',$,.STANDARD.)
INFO:ImportIFC:Creating object #6059=IfcSlabType('0oJkaNwLzEHucGR9RgBy3c',#6,'Floor:280 BTG',$,$,$,$,'2682848',$,.FLOOR.)
INFO:ImportIFC:Creating object #2319=IfcWallType('1qcvbNWYT0He9_0uBi_HHe',#6,'Basic Wall:Concrete - Cast-in-Place - 412',$,$,$,$,'3085448',$,.STANDARD.)
INFO:ImportIFC:Creating object #597=IfcSlabType('2W9iUIrLP7xQWljilRVfK5',#6,'RR pile with Pressure Plate:RD140/10',$,$,$,$,'1676196',$,.BASESLAB.)
INFO:ImportIFC:Creating object #6316=IfcWallType('3K8C6GlZfE3QlT3xAYvUlI',#6,'Basic Wall:Concrete - Cast-in-Place - 255',$,$,$,$,'2796263',$,.STANDARD.)
INFO:ImportIFC:Creating object #10291=IfcWallType('0RhD8vHcH4z9qVQKrIIS27',#6,'Basic Wall:Concrete - Cast-in-Place - 120',$,$,$,$,'1203952',$,.STANDARD.)
INFO:ImportIFC:Creating object #2349=IfcSlabType('0elcjjBqT2WuSfhpvTmG$T',#6,'Floor:500 BTG',$,$,$,$,'1660718',$,.FLOOR.)
INFO:ImportIFC:Creating object #4476=IfcSlabType('2optMPCh583eJUrYS1XSuE',#6,'Floor:265 BTG',$,$,$,$,'2118562',$,.FLOOR.)
INFO:ImportIFC:Creating object #4628=IfcSlabType('1lV$H8koL1ThgNcsLUcvpq',#6,'Floor:200 BTG',$,$,$,$,'1042477',$,.FLOOR.)
INFO:ImportIFC:Creating object #9811=IfcBuildingElementProxyType('0$RtYNfo15W9nqagerlex6',#6,'Welda:WELDA 300x300-165',$,$,(#9832),(#9810),'3043395',$,.NOTDEFINED.)
INFO:ImportIFC:Creating object #511=IfcSlabType('3Ur97l8tb2hvscQW6NfvwP',#6,'Floor:Concrete - Cast-in-Place - 200',$,$,$,$,'56006',$,.FLOOR.)
INFO:ImportIFC:Creating object #5498=IfcSlabType('2CuZC4bor7uvnT2e1UeJ4k',#6,'Floor:100 BTG',$,$,$,$,'1622578',$,.FLOOR.)
INFO:ImportIFC:Creating object #6728=IfcWallType('1vm5Iemq56sRvVLWhCLgFv',#6,'Basic Wall:Concrete - Cast-in-Place - 315',$,$,$,$,'3020355',$,.STANDARD.)
INFO:ImportIFC:Creating object #10078=IfcWallType('0zAQyGfQj7mgGjK8aC8x4E',#6,'Basic Wall:Concrete - Cast-in-Place - 150',$,$,$,$,'60865',$,.STANDARD.)
INFO:ImportIFC:Creating object #2499=IfcSlabType('0F9t5p45X9Vf$Klq95QZJ0',#6,'Floor:550 BTG',$,$,$,$,'1626888',$,.FLOOR.)
INFO:ImportIFC:Creating object #2381=IfcWallType('0zAQyGfQj7mgGjK8aC8x4C',#6,'Basic Wall:Concrete - Cast-in-Place - 200',$,$,$,$,'60867',$,.STANDARD.)
INFO:ImportIFC:Creating object #287=IfcSlabType('22Qf$m7qHD0hM1fd6LNjQK',#6,'Floor:600 BTG',$,$,$,$,'1610916',$,.FLOOR.)
INFO:ImportIFC:Creating object #6256=IfcSlabType('01Icbl$RfFpOj$md1Yy6sU',#6,'Floor:150 BTG',$,$,$,$,'2654119',$,.FLOOR.)
INFO:ImportIFC:Creating object #9717=IfcBuildingElementProxyType('3kbFmF4MH4KfNDRl5Rs4xG',#6,'PSB group:8xPSB-10/160-3/331',$,$,(#9740),(#9716),'2980933',$,.NOTDEFINED.)
INFO:ImportIFC:Creating object #3874=IfcSlabType('1JGRULYwvA9ez$E2wjdWMq',#6,'Floor:Concrete - Cast-in-Place - 150',$,$,$,$,'493406',$,.FLOOR.)
INFO:ImportIFC:Creating object #2402=IfcSlabType('1cHwC47F18mB_F9n9W$INT',#6,'Floor:250 BTG',$,$,$,$,'1790302',$,.FLOOR.)
INFO:ImportIFC:Creating object #560=IfcSlabType('1GpqQWs8X3MvNQ69_aP1Wv',#6,'Floor:650 BTG',$,$,$,$,'2909005',$,.FLOOR.)
INFO:ImportIFC:Creating object #6037=IfcWallType('1Qm8M6QFL9gBqZjv03DQXf',#6,'Basic Wall:Concrete - Cast-in-Place - 300',$,$,$,$,'1988137',$,.STANDARD.)
INFO:ImportIFC:Import finished in 1.48 seconds
DEBUG:git.util:sys.platform='linux', git_executable='git'
DEBUG:git.util:sys.platform='linux', git_executable='git'
INFO:ImportIFC:Starting import
INFO:ImportIFC:loading file /home/diana/BIM/releases/upstream-0.9.0/smoketest/K15-copy.ifc
INFO:ImportIFC:Creating object #18=IfcProject('2rE1cFQurCf8n7WoYumwsv',#6,'10108',$,$,'RACKARBERGET TORGET','STATUS',(#13),#10728)
INFO:ImportIFC:Creating object #559=IfcSlab('22Qf$m7qHD0hM1fd6LNihv',#6,'Floor:650 BTG:1607881',$,$,#548,#558,'1607881',.FLOOR.)
INFO:ImportIFC:Creating object #596=IfcSlab('22Qf$m7qHD0hM1fd6LNikJ',#6,'RR pile with Pressure Plate:RD140/10:1608099',$,$,#573,#595,'1608099',.BASESLAB.)
INFO:ImportIFC:Creating object #286=IfcSlab('22Qf$m7qHD0hM1fd6LNiT3',#6,'Floor:600 BTG:1607027',$,$,#59,#285,'1607027',.FLOOR.)
INFO:ImportIFC:Creating object #651=IfcSlab('22Qf$m7qHD0hM1fd6LNimQ',#6,'Floor:650 BTG:1609258',$,$,#640,#650,'1609258',.FLOOR.)
INFO:ImportIFC:Creating object #631=IfcSlab('22Qf$m7qHD0hM1fd6LNibA',#6,'RR pile with Pressure Plate:RD140/10:1608570',$,$,#612,#630,'1608570',.BASESLAB.)
INFO:ImportIFC:Creating object #680=IfcSlab('22Qf$m7qHD0hM1fd6LNim0',#6,'RR pile with Pressure Plate:RD140/10:1609264',$,$,#661,#679,'1609264',.BASESLAB.)
INFO:ImportIFC:Creating object #728=IfcSlab('22Qf$m7qHD0hM1fd6LNinA',#6,'Floor:650 BTG:1609338',$,$,#717,#727,'1609338',.FLOOR.)
INFO:ImportIFC:Creating object #708=IfcSlab('22Qf$m7qHD0hM1fd6LNim1',#6,'RR pile with Pressure Plate:RD140/10:1609265',$,$,#689,#707,'1609265',.BASESLAB.)
INFO:ImportIFC:Creating object #805=IfcSlab('22Qf$m7qHD0hM1fd6LNioX',#6,'Floor:650 BTG:1609361',$,$,#794,#804,'1609361',.FLOOR.)
INFO:ImportIFC:Creating object #757=IfcSlab('22Qf$m7qHD0hM1fd6LNiom',#6,'RR pile with Pressure Plate:RD140/10:1609344',$,$,#738,#756,'1609344',.BASESLAB.)
INFO:ImportIFC:Creating object #785=IfcSlab('22Qf$m7qHD0hM1fd6LNion',#6,'RR pile with Pressure Plate:RD140/10:1609345',$,$,#766,#784,'1609345',.BASESLAB.)
INFO:ImportIFC:Creating object #862=IfcSlab('22Qf$m7qHD0hM1fd6LNioe',#6,'RR pile with Pressure Plate:RD140/10:1609368',$,$,#843,#861,'1609368',.BASESLAB.)
INFO:ImportIFC:Creating object #882=IfcSlab('22Qf$m7qHD0hM1fd6LNipl',#6,'Floor:650 BTG:1609439',$,$,#871,#881,'1609439',.FLOOR.)
INFO:ImportIFC:Creating object #834=IfcSlab('22Qf$m7qHD0hM1fd6LNiod',#6,'RR pile with Pressure Plate:RD140/10:1609367',$,$,#815,#833,'1609367',.BASESLAB.)
INFO:ImportIFC:Creating object #939=IfcSlab('22Qf$m7qHD0hM1fd6LNipM',#6,'RR pile with Pressure Plate:RD140/10:1609446',$,$,#920,#938,'1609446',.BASESLAB.)
INFO:ImportIFC:Creating object #959=IfcSlab('22Qf$m7qHD0hM1fd6LNiqN',#6,'Floor:650 BTG:1609511',$,$,#948,#958,'1609511',.FLOOR.)
INFO:ImportIFC:Creating object #911=IfcSlab('22Qf$m7qHD0hM1fd6LNipL',#6,'RR pile with Pressure Plate:RD140/10:1609445',$,$,#892,#910,'1609445',.BASESLAB.)
INFO:ImportIFC:Creating object #988=IfcSlab('22Qf$m7qHD0hM1fd6LNiqT',#6,'RR pile with Pressure Plate:RD140/10:1609517',$,$,#969,#987,'1609517',.BASESLAB.)
INFO:ImportIFC:Creating object #1036=IfcSlab('22Qf$m7qHD0hM1fd6LNisv',#6,'Floor:650 BTG:1609609',$,$,#1025,#1035,'1609609',.FLOOR.)
INFO:ImportIFC:Creating object #1016=IfcSlab('22Qf$m7qHD0hM1fd6LNiqU',#6,'RR pile with Pressure Plate:RD140/10:1609518',$,$,#997,#1015,'1609518',.BASESLAB.)
INFO:ImportIFC:Creating object #1065=IfcSlab('22Qf$m7qHD0hM1fd6LNis$',#6,'RR pile with Pressure Plate:RD140/10:1609615',$,$,#1046,#1064,'1609615',.BASESLAB.)
INFO:ImportIFC:Creating object #1093=IfcSlab('22Qf$m7qHD0hM1fd6LNisW',#6,'RR pile with Pressure Plate:RD140/10:1609616',$,$,#1074,#1092,'1609616',.BASESLAB.)
INFO:ImportIFC:Creating object #1113=IfcSlab('22Qf$m7qHD0hM1fd6LNisk',#6,'Floor:650 BTG:1609630',$,$,#1102,#1112,'1609630',.FLOOR.)
INFO:ImportIFC:Creating object #1142=IfcSlab('22Qf$m7qHD0hM1fd6LNisK',#6,'RR pile with Pressure Plate:RD140/10:1609636',$,$,#1123,#1141,'1609636',.BASESLAB.)
INFO:ImportIFC:Creating object #1190=IfcSlab('22Qf$m7qHD0hM1fd6LNis5',#6,'Floor:650 BTG:1609653',$,$,#1179,#1189,'1609653',.FLOOR.)
INFO:ImportIFC:Creating object #1170=IfcSlab('22Qf$m7qHD0hM1fd6LNisL',#6,'RR pile with Pressure Plate:RD140/10:1609637',$,$,#1151,#1169,'1609637',.BASESLAB.)
INFO:ImportIFC:Creating object #1267=IfcSlab('22Qf$m7qHD0hM1fd6LNit_',#6,'Floor:650 BTG:1609678',$,$,#1256,#1266,'1609678',.FLOOR.)
INFO:ImportIFC:Creating object #1247=IfcSlab('22Qf$m7qHD0hM1fd6LNisC',#6,'RR pile with Pressure Plate:RD140/10:1609660',$,$,#1228,#1246,'1609660',.BASESLAB.)
INFO:ImportIFC:Creating object #1219=IfcSlab('22Qf$m7qHD0hM1fd6LNisB',#6,'RR pile with Pressure Plate:RD140/10:1609659',$,$,#1200,#1218,'1609659',.BASESLAB.)
INFO:ImportIFC:Creating object #1344=IfcSlab('22Qf$m7qHD0hM1fd6LNitP',#6,'Floor:650 BTG:1609705',$,$,#1333,#1343,'1609705',.FLOOR.)
INFO:ImportIFC:Creating object #1296=IfcSlab('22Qf$m7qHD0hM1fd6LNita',#6,'RR pile with Pressure Plate:RD140/10:1609684',$,$,#1277,#1295,'1609684',.BASESLAB.)
INFO:ImportIFC:Creating object #1373=IfcSlab('22Qf$m7qHD0hM1fd6LNitV',#6,'RR pile with Pressure Plate:RD140/10:1609711',$,$,#1354,#1372,'1609711',.BASESLAB.)
INFO:ImportIFC:Creating object #1324=IfcSlab('22Qf$m7qHD0hM1fd6LNitb',#6,'RR pile with Pressure Plate:RD140/10:1609685',$,$,#1305,#1323,'1609685',.BASESLAB.)
INFO:ImportIFC:Creating object #1421=IfcSlab('22Qf$m7qHD0hM1fd6LNitE',#6,'Floor:650 BTG:1609726',$,$,#1410,#1420,'1609726',.FLOOR.)
INFO:ImportIFC:Creating object #1450=IfcSlab('22Qf$m7qHD0hM1fd6LNj8q',#6,'RR pile with Pressure Plate:RD140/10:1609732',$,$,#1431,#1449,'1609732',.BASESLAB.)
INFO:ImportIFC:Creating object #1401=IfcSlab('22Qf$m7qHD0hM1fd6LNit0',#6,'RR pile with Pressure Plate:RD140/10:1609712',$,$,#1382,#1400,'1609712',.BASESLAB.)
INFO:ImportIFC:Creating object #1498=IfcSlab('22Qf$m7qHD0hM1fd6LNj8b',#6,'Floor:650 BTG:1609749',$,$,#1487,#1497,'1609749',.FLOOR.)
INFO:ImportIFC:Creating object #1478=IfcSlab('22Qf$m7qHD0hM1fd6LNj8r',#6,'RR pile with Pressure Plate:RD140/10:1609733',$,$,#1459,#1477,'1609733',.BASESLAB.)
INFO:ImportIFC:Creating object #1527=IfcSlab('22Qf$m7qHD0hM1fd6LNj8h',#6,'RR pile with Pressure Plate:RD140/10:1609755',$,$,#1508,#1526,'1609755',.BASESLAB.)
INFO:ImportIFC:Creating object #1575=IfcSlab('22Qf$m7qHD0hM1fd6LNj8U',#6,'Floor:650 BTG:1609774',$,$,#1564,#1574,'1609774',.FLOOR.)
INFO:ImportIFC:Creating object #1604=IfcSlab('22Qf$m7qHD0hM1fd6LNj84',#6,'RR pile with Pressure Plate:RD140/10:1609780',$,$,#1585,#1603,'1609780',.BASESLAB.)
INFO:ImportIFC:Creating object #1555=IfcSlab('22Qf$m7qHD0hM1fd6LNj8i',#6,'RR pile with Pressure Plate:RD140/10:1609756',$,$,#1536,#1554,'1609756',.BASESLAB.)
INFO:ImportIFC:Creating object #1652=IfcSlab('22Qf$m7qHD0hM1fd6LNj9p',#6,'Floor:650 BTG:1609795',$,$,#1641,#1651,'1609795',.FLOOR.)
INFO:ImportIFC:Creating object #1632=IfcSlab('22Qf$m7qHD0hM1fd6LNj85',#6,'RR pile with Pressure Plate:RD140/10:1609781',$,$,#1613,#1631,'1609781',.BASESLAB.)
INFO:ImportIFC:Creating object #1681=IfcSlab('22Qf$m7qHD0hM1fd6LNj9v',#6,'RR pile with Pressure Plate:RD140/10:1609801',$,$,#1662,#1680,'1609801',.BASESLAB.)
INFO:ImportIFC:Creating object #1729=IfcSlab('22Qf$m7qHD0hM1fd6LNjFa',#6,'Floor:650 BTG:1610196',$,$,#1718,#1728,'1610196',.FLOOR.)
INFO:ImportIFC:Creating object #1709=IfcSlab('22Qf$m7qHD0hM1fd6LNj9w',#6,'RR pile with Pressure Plate:RD140/10:1609802',$,$,#1690,#1708,'1609802',.BASESLAB.)
INFO:ImportIFC:Creating object #1758=IfcSlab('22Qf$m7qHD0hM1fd6LNjFg',#6,'RR pile with Pressure Plate:RD140/10:1610202',$,$,#1739,#1757,'1610202',.BASESLAB.)
INFO:ImportIFC:Creating object #1806=IfcSlab('22Qf$m7qHD0hM1fd6LNjPr',#6,'Floor:650 BTG:1610821',$,$,#1795,#1805,'1610821',.FLOOR.)
INFO:ImportIFC:Creating object #1786=IfcSlab('22Qf$m7qHD0hM1fd6LNjFh',#6,'RR pile with Pressure Plate:RD140/10:1610203',$,$,#1767,#1785,'1610203',.BASESLAB.)
INFO:ImportIFC:Creating object #1863=IfcSlab('22Qf$m7qHD0hM1fd6LNjPy',#6,'RR pile with Pressure Plate:RD140/10:1610828',$,$,#1844,#1862,'1610828',.BASESLAB.)
INFO:ImportIFC:Creating object #1883=IfcSlab('22Qf$m7qHD0hM1fd6LNje8',#6,'Floor:650 BTG:1611832',$,$,#1872,#1882,'1611832',.FLOOR.)
INFO:ImportIFC:Creating object #1835=IfcSlab('22Qf$m7qHD0hM1fd6LNjPx',#6,'RR pile with Pressure Plate:RD140/10:1610827',$,$,#1816,#1834,'1610827',.BASESLAB.)
INFO:ImportIFC:Creating object #1960=IfcSlab('1MtA$wfTnE89QqC8Eo6JWM',#6,'Floor:650 BTG:1612922',$,$,#1949,#1959,'1612922',.FLOOR.)
INFO:ImportIFC:Creating object #1940=IfcSlab('22Qf$m7qHD0hM1fd6LNjeF',#6,'RR pile with Pressure Plate:RD140/10:1611839',$,$,#1921,#1939,'1611839',.BASESLAB.)
INFO:ImportIFC:Creating object #1912=IfcSlab('22Qf$m7qHD0hM1fd6LNjeE',#6,'RR pile with Pressure Plate:RD140/10:1611838',$,$,#1893,#1911,'1611838',.BASESLAB.)
INFO:ImportIFC:Creating object #2037=IfcSlab('1MtA$wfTnE89QqC8Eo6Jb_',#6,'Floor:650 BTG:1613074',$,$,#2026,#2036,'1613074',.FLOOR.)
INFO:ImportIFC:Creating object #1989=IfcSlab('1MtA$wfTnE89QqC8Eo6JZi',#6,'RR pile with Pressure Plate:RD140/10:1612928',$,$,#1970,#1988,'1612928',.BASESLAB.)
INFO:ImportIFC:Creating object #2017=IfcSlab('1MtA$wfTnE89QqC8Eo6JZj',#6,'RR pile with Pressure Plate:RD140/10:1612929',$,$,#1998,#2016,'1612929',.BASESLAB.)
INFO:ImportIFC:Creating object #2114=IfcSlab('1MtA$wfTnE89QqC8Eo6Jdm',#6,'Floor:650 BTG:1613212',$,$,#2103,#2113,'1613212',.FLOOR.)
INFO:ImportIFC:Creating object #2094=IfcSlab('1MtA$wfTnE89QqC8Eo6Jbr',#6,'RR pile with Pressure Plate:RD140/10:1613081',$,$,#2075,#2093,'1613081',.BASESLAB.)
INFO:ImportIFC:Creating object #2066=IfcSlab('1MtA$wfTnE89QqC8Eo6Jbq',#6,'RR pile with Pressure Plate:RD140/10:1613080',$,$,#2047,#2065,'1613080',.BASESLAB.)
INFO:ImportIFC:Creating object #2143=IfcSlab('1MtA$wfTnE89QqC8Eo6JdE',#6,'RR pile with Pressure Plate:RD140/10:1613218',$,$,#2124,#2142,'1613218',.BASESLAB.)
INFO:ImportIFC:Creating object #2171=IfcSlab('1MtA$wfTnE89QqC8Eo6JdF',#6,'RR pile with Pressure Plate:RD140/10:1613219',$,$,#2152,#2170,'1613219',.BASESLAB.)
INFO:ImportIFC:Creating object #2191=IfcSlab('1MtA$wfTnE89QqC8Eo6JdV',#6,'Floor:650 BTG:1613235',$,$,#2180,#2190,'1613235',.FLOOR.)
INFO:ImportIFC:Creating object #2316=IfcWall('0vnaqzM3X1993q3wmO1SFC',#6,'Basic Wall:Concrete - Cast-in-Place - 412:1618544',$,$,#2259,#2264,'1618544')
INFO:ImportIFC:Creating object #2220=IfcSlab('1MtA$wfTnE89QqC8Eo6JdL',#6,'RR pile with Pressure Plate:RD140/10:1613241',$,$,#2201,#2219,'1613241',.BASESLAB.)
INFO:ImportIFC:Creating object #2348=IfcSlab('2TpkYqaPTCqhVRlCXguJqL',#6,'Floor:500 BTG:1623642',$,$,#2330,#2347,'1623642',.FLOOR.)
INFO:ImportIFC:Creating object #2377=IfcWallStandardCase('3U976yoxP4kAVQbLmq$_qo',#6,'Basic Wall:Concrete - Cast-in-Place - 200:1624429',$,$,#2364,#2368,'1624429')
INFO:ImportIFC:Creating object #2248=IfcSlab('1MtA$wfTnE89QqC8Eo6JdM',#6,'RR pile with Pressure Plate:RD140/10:1613242',$,$,#2229,#2247,'1613242',.BASESLAB.)
INFO:ImportIFC:Creating object #2429=IfcWallStandardCase('3U976yoxP4kAVQbLmq$_qf',#6,'Basic Wall:Concrete - Cast-in-Place - 200:1624438',$,$,#2417,#2421,'1624438')
INFO:ImportIFC:Creating object #2401=IfcSlab('3U976yoxP4kAVQbLmq$_ql',#6,'Floor:250 BTG:1624432',$,$,#2390,#2400,'1624432',.FLOOR.)
INFO:ImportIFC:Creating object #2453=IfcWallStandardCase('3U976yoxP4kAVQbLmq$_qe',#6,'Basic Wall:Concrete - Cast-in-Place - 200:1624439',$,$,#2441,#2445,'1624439')
INFO:ImportIFC:Creating object #2498=IfcSlab('0F9t5p45X9Vf$Klq95QZJD',#6,'Floor:550 BTG:1626885',$,$,#2487,#2497,'1626885',.FLOOR.)
INFO:ImportIFC:Creating object #2477=IfcWallStandardCase('3U976yoxP4kAVQbLmq$_tB',#6,'Basic Wall:Concrete - Cast-in-Place - 200:1624468',$,$,#2465,#2469,'1624468')
INFO:ImportIFC:Creating object #2551=IfcSlab('3IXkosVlr2wuA56b_H17D4',#6,'Floor:650 BTG:1628477',$,$,#2540,#2550,'1628477',.FLOOR.)
INFO:ImportIFC:Creating object #2531=IfcSlab('0F9t5p45X9Vf$Klq95QZBK',#6,'RR pile with Pressure Plate:RD140/10:1627420',$,$,#2512,#2530,'1627420',.BASESLAB.)
INFO:ImportIFC:Creating object #2628=IfcSlab('3IXkosVlr2wuA56b_H17Cn',#6,'Floor:650 BTG:1628488',$,$,#2617,#2627,'1628488',.FLOOR.)
INFO:ImportIFC:Creating object #2608=IfcSlab('3IXkosVlr2wuA56b_H17Cz',#6,'RR pile with Pressure Plate:RD140/10:1628484',$,$,#2589,#2607,'1628484',.BASESLAB.)
INFO:ImportIFC:Creating object #2580=IfcSlab('3IXkosVlr2wuA56b_H17Cw',#6,'RR pile with Pressure Plate:RD140/10:1628483',$,$,#2561,#2579,'1628483',.BASESLAB.)
INFO:ImportIFC:Creating object #2685=IfcSlab('3IXkosVlr2wuA56b_H17Cs',#6,'RR pile with Pressure Plate:RD140/10:1628495',$,$,#2666,#2684,'1628495',.BASESLAB.)
INFO:ImportIFC:Creating object #2657=IfcSlab('3IXkosVlr2wuA56b_H17Ct',#6,'RR pile with Pressure Plate:RD140/10:1628494',$,$,#2638,#2656,'1628494',.BASESLAB.)
INFO:ImportIFC:Creating object #2705=IfcSlab('3IXkosVlr2wuA56b_H17CD',#6,'Floor:650 BTG:1628532',$,$,#2694,#2704,'1628532',.FLOOR.)
INFO:ImportIFC:Creating object #2782=IfcSlab('3IXkosVlr2wuA56b_H17Fi',#6,'Floor:650 BTG:1628565',$,$,#2771,#2781,'1628565',.FLOOR.)
INFO:ImportIFC:Creating object #2762=IfcSlab('3IXkosVlr2wuA56b_H17C2',#6,'RR pile with Pressure Plate:RD140/10:1628539',$,$,#2743,#2761,'1628539',.BASESLAB.)
INFO:ImportIFC:Creating object #2734=IfcSlab('3IXkosVlr2wuA56b_H17C3',#6,'RR pile with Pressure Plate:RD140/10:1628538',$,$,#2715,#2733,'1628538',.BASESLAB.)
INFO:ImportIFC:Creating object #2811=IfcSlab('3IXkosVlr2wuA56b_H17FY',#6,'RR pile with Pressure Plate:RD140/10:1628571',$,$,#2792,#2810,'1628571',.BASESLAB.)
INFO:ImportIFC:Creating object #2859=IfcSlab('3IXkosVlr2wuA56b_H17FP',#6,'Floor:650 BTG:1628576',$,$,#2848,#2858,'1628576',.FLOOR.)
INFO:ImportIFC:Creating object #2888=IfcSlab('3IXkosVlr2wuA56b_H17FV',#6,'RR pile with Pressure Plate:RD140/10:1628582',$,$,#2869,#2887,'1628582',.BASESLAB.)
INFO:ImportIFC:Creating object #2839=IfcSlab('3IXkosVlr2wuA56b_H17Fb',#6,'RR pile with Pressure Plate:RD140/10:1628572',$,$,#2820,#2838,'1628572',.BASESLAB.)
INFO:ImportIFC:Creating object #2936=IfcSlab('3IXkosVlr2wuA56b_H17FI',#6,'Floor:650 BTG:1628587',$,$,#2925,#2935,'1628587',.FLOOR.)
INFO:ImportIFC:Creating object #2916=IfcSlab('3IXkosVlr2wuA56b_H17FU',#6,'RR pile with Pressure Plate:RD140/10:1628583',$,$,#2897,#2915,'1628583',.BASESLAB.)
INFO:ImportIFC:Creating object #3013=IfcSlab('3IXkosVlr2wuA56b_H17Eu',#6,'Floor:650 BTG:1628609',$,$,#3002,#3012,'1628609',.FLOOR.)
INFO:ImportIFC:Creating object #2965=IfcSlab('3IXkosVlr2wuA56b_H17F8',#6,'RR pile with Pressure Plate:RD140/10:1628593',$,$,#2946,#2964,'1628593',.BASESLAB.)
INFO:ImportIFC:Creating object #3042=IfcSlab('3IXkosVlr2wuA56b_H17E_',#6,'RR pile with Pressure Plate:RD140/10:1628615',$,$,#3023,#3041,'1628615',.BASESLAB.)
INFO:ImportIFC:Creating object #3070=IfcSlab('3IXkosVlr2wuA56b_H17En',#6,'RR pile with Pressure Plate:RD140/10:1628616',$,$,#3051,#3069,'1628616',.BASESLAB.)
INFO:ImportIFC:Creating object #2993=IfcSlab('3IXkosVlr2wuA56b_H17FB',#6,'RR pile with Pressure Plate:RD140/10:1628594',$,$,#2974,#2992,'1628594',.BASESLAB.)
INFO:ImportIFC:Creating object #3090=IfcSlab('3IXkosVlr2wuA56b_H17Er',#6,'Floor:650 BTG:1628620',$,$,#3079,#3089,'1628620',.FLOOR.)
INFO:ImportIFC:Creating object #3119=IfcSlab('3IXkosVlr2wuA56b_H17Eh',#6,'RR pile with Pressure Plate:RD140/10:1628626',$,$,#3100,#3118,'1628626',.BASESLAB.)
INFO:ImportIFC:Creating object #3167=IfcSlab('3IXkosVlr2wuA56b_H170I',#6,'Floor:550 BTG:1628779',$,$,#3156,#3166,'1628779',.FLOOR.)
INFO:ImportIFC:Creating object #3147=IfcSlab('3IXkosVlr2wuA56b_H17Eg',#6,'RR pile with Pressure Plate:RD140/10:1628627',$,$,#3128,#3146,'1628627',.BASESLAB.)
INFO:ImportIFC:Creating object #3216=IfcSlab('3IXkosVlr2wuA56b_H1706',#6,'Floor:550 BTG:1628799',$,$,#3205,#3215,'1628799',.FLOOR.)
INFO:ImportIFC:Creating object #3196=IfcSlab('3IXkosVlr2wuA56b_H1708',#6,'RR pile with Pressure Plate:RD140/10:1628785',$,$,#3177,#3195,'1628785',.BASESLAB.)
INFO:ImportIFC:Creating object #3265=IfcSlab('3IXkosVlr2wuA56b_H173g',#6,'Floor:550 BTG:1628819',$,$,#3254,#3264,'1628819',.FLOOR.)
INFO:ImportIFC:Creating object #3245=IfcSlab('3IXkosVlr2wuA56b_H173y',#6,'RR pile with Pressure Plate:RD140/10:1628805',$,$,#3226,#3244,'1628805',.BASESLAB.)
INFO:ImportIFC:Creating object #3314=IfcSlab('3IXkosVlr2wuA56b_H172I',#6,'Floor:550 BTG:1628907',$,$,#3303,#3313,'1628907',.FLOOR.)
INFO:ImportIFC:Creating object #3343=IfcSlab('3IXkosVlr2wuA56b_H1728',#6,'RR pile with Pressure Plate:RD140/10:1628913',$,$,#3324,#3342,'1628913',.BASESLAB.)
INFO:ImportIFC:Creating object #3294=IfcSlab('3IXkosVlr2wuA56b_H173W',#6,'RR pile with Pressure Plate:RD140/10:1628825',$,$,#3275,#3293,'1628825',.BASESLAB.)
INFO:ImportIFC:Creating object #3363=IfcSlab('25R6qIJ7HCRAqxNnHbcXCo',#6,'Floor:650 BTG:1629005',$,$,#3352,#3362,'1629005',.FLOOR.)
INFO:ImportIFC:Creating object #3392=IfcSlab('25R6qIJ7HCRAqxNnHbcXCi',#6,'RR pile with Pressure Plate:RD140/10:1629011',$,$,#3373,#3391,'1629011',.BASESLAB.)
INFO:ImportIFC:Creating object #3450=IfcSlab('309$ipA4H7Nec9AVcxMgFV',#6,'RR pile with Pressure Plate:RD140/10:1632081',$,$,#3429,#3449,'1632081',.BASESLAB.)
INFO:ImportIFC:Creating object #3420=IfcSlab('25R6qIJ7HCRAqxNnHbcXCh',#6,'RR pile with Pressure Plate:RD140/10:1629012',$,$,#3401,#3419,'1629012',.BASESLAB.)
INFO:ImportIFC:Creating object #3479=IfcSlab('1QPOUNVTb3XwCFwF4fpr4h',#6,'RR pile with Pressure Plate:RD140/10:1637161',$,$,#3460,#3478,'1637161',.BASESLAB.)
INFO:ImportIFC:Creating object #3507=IfcSlab('1QPOUNVTb3XwCFwF4fprQO',#6,'RR pile with Pressure Plate:RD140/10:1637530',$,$,#3488,#3506,'1637530',.BASESLAB.)
INFO:ImportIFC:Creating object #3535=IfcSlab('1QPOUNVTb3XwCFwF4fprSD',#6,'RR pile with Pressure Plate:RD140/10:1637647',$,$,#3516,#3534,'1637647',.BASESLAB.)
INFO:ImportIFC:Creating object #3592=IfcSlab('0lEd2Iu$94IQY13zZOhXm5',#6,'Floor:500 BTG:1638230',$,$,#3572,#3591,'1638230',.FLOOR.)
INFO:ImportIFC:Creating object #3563=IfcSlab('1QPOUNVTb3XwCFwF4fprUy',#6,'RR pile with Pressure Plate:RD140/10:1637822',$,$,#3544,#3562,'1637822',.BASESLAB.)
INFO:ImportIFC:Creating object #3623=IfcSlab('0z95fqNuj3bx7HTx6Xs7iP',#6,'RR pile with Pressure Plate:RD140/10:1642157',$,$,#3602,#3622,'1642157',.BASESLAB.)
INFO:ImportIFC:Creating object #3652=IfcSlab('0z95fqNuj3bx7HTx6Xs6Mt',#6,'RR pile with Pressure Plate:RD140/10:1642499',$,$,#3633,#3651,'1642499',.BASESLAB.)
INFO:ImportIFC:Creating object #3682=IfcSlab('0z95fqNuj3bx7HTx6Xs6LG',#6,'RR pile with Pressure Plate:RD140/10:1642724',$,$,#3661,#3681,'1642724',.BASESLAB.)
INFO:ImportIFC:Creating object #3710=IfcSlab('0z95fqNuj3bx7HTx6Xs6JE',#6,'RR pile with Pressure Plate:RD140/10:1642874',$,$,#3691,#3709,'1642874',.BASESLAB.)
INFO:ImportIFC:Creating object #3738=IfcSlab('0z95fqNuj3bx7HTx6Xs6Uu',#6,'RR pile with Pressure Plate:RD140/10:1643020',$,$,#3719,#3737,'1643020',.BASESLAB.)
INFO:ImportIFC:Creating object #3766=IfcSlab('0z95fqNuj3bx7HTx6Xs6Sy',#6,'RR pile with Pressure Plate:RD140/10:1643144',$,$,#3747,#3765,'1643144',.BASESLAB.)
INFO:ImportIFC:Creating object #3848=IfcSlab('0elcjjBqT2WuSfhpvTmG$O',#6,'Floor:500 BTG:1660715',$,$,#3803,#3847,'1660715',.FLOOR.)
INFO:ImportIFC:Creating object #3873=IfcSlab('0elcjjBqT2WuSfhpvTmG7h',#6,'Floor:Concrete - Cast-in-Place - 150:1661208',$,$,#3857,#3872,'1661208',.FLOOR.)
INFO:ImportIFC:Creating object #3901=IfcWallStandardCase('0Dl2Km$jXE1hKGR8r6jn0o',#6,'Basic Wall:Concrete - Cast-in-Place - 200:1667205',$,$,#3889,#3893,'1667205')
INFO:ImportIFC:Creating object #3794=IfcSlab('1pYdUfaX9FtQcqpUiHo8RL',#6,'RR pile with Pressure Plate:RD140/10:1654809',$,$,#3775,#3793,'1654809',.BASESLAB.)
INFO:ImportIFC:Creating object #3925=IfcWallStandardCase('0Dl2Km$jXE1hKGR8r6jn0n',#6,'Basic Wall:Concrete - Cast-in-Place - 200:1667206',$,$,#3913,#3917,'1667206')
INFO:ImportIFC:Creating object #3949=IfcWallStandardCase('0Dl2Km$jXE1hKGR8r6jn0m',#6,'Basic Wall:Concrete - Cast-in-Place - 200:1667207',$,$,#3937,#3941,'1667207')
INFO:ImportIFC:Creating object #3973=IfcWallStandardCase('0Dl2Km$jXE1hKGR8r6jn0$',#6,'Basic Wall:Concrete - Cast-in-Place - 200:1667208',$,$,#3961,#3965,'1667208')
INFO:ImportIFC:Creating object #4021=IfcWallStandardCase('0Dl2Km$jXE1hKGR8r6jn0Z',#6,'Basic Wall:Concrete - Cast-in-Place - 200:1667220',$,$,#4009,#4013,'1667220')
INFO:ImportIFC:Creating object #3997=IfcWallStandardCase('0Dl2Km$jXE1hKGR8r6jn0a',#6,'Basic Wall:Concrete - Cast-in-Place - 200:1667219',$,$,#3985,#3989,'1667219')
INFO:ImportIFC:Creating object #4106=IfcWallStandardCase('0Dl2Km$jXE1hKGR8r6jn0Q',#6,'Basic Wall:Concrete - Cast-in-Place - 200:1667245',$,$,#4094,#4098,'1667245')
INFO:ImportIFC:Creating object #4045=IfcWallStandardCase('0Dl2Km$jXE1hKGR8r6jn0Y',#6,'Basic Wall:Concrete - Cast-in-Place - 200:1667221',$,$,#4033,#4037,'1667221')
INFO:ImportIFC:Creating object #4130=IfcWallStandardCase('0Dl2Km$jXE1hKGR8r6jnCC',#6,'Basic Wall:Concrete - Cast-in-Place - 200:1668027',$,$,#4118,#4122,'1668027')
INFO:ImportIFC:Creating object #4154=IfcWallStandardCase('0Dl2Km$jXE1hKGR8r6jnQa',#6,'Basic Wall:Concrete - Cast-in-Place - 200:1668627',$,$,#4142,#4146,'1668627')
INFO:ImportIFC:Creating object #4082=IfcSlab('0Dl2Km$jXE1hKGR8r6jn0l',#6,'Floor:Concrete - Cast-in-Place - 200:1667224',$,$,#4055,#4081,'1667224',.FLOOR.)
INFO:ImportIFC:Creating object #4178=IfcWallStandardCase('0Dl2Km$jXE1hKGR8r6jnTM',#6,'Basic Wall:Concrete - Cast-in-Place - 200:1669089',$,$,#4166,#4170,'1669089')
INFO:ImportIFC:Creating object #4207=IfcSlab('2W9iUIrLP7xQWljilRVfAP',#6,'RR pile with Pressure Plate:RD140/10:1676344',$,$,#4188,#4206,'1676344',.BASESLAB.)
INFO:ImportIFC:Creating object #4235=IfcSlab('2W9iUIrLP7xQWljilRVf7o',#6,'RR pile with Pressure Plate:RD140/10:1677139',$,$,#4216,#4234,'1677139',.BASESLAB.)
INFO:ImportIFC:Creating object #4348=IfcWallStandardCase('2G336sV9rCvAEY_NVepGuz',#6,'Basic Wall:Concrete - Cast-in-Place - 200:1687963',$,$,#4336,#4340,'1687963')
INFO:ImportIFC:Creating object #4263=IfcSlab('2W9iUIrLP7xQWljilRVfwS',#6,'RR pile with Pressure Plate:RD140/10:1677373',$,$,#4244,#4262,'1677373',.BASESLAB.)
INFO:ImportIFC:Creating object #4372=IfcWallStandardCase('2G336sV9rCvAEY_NVepGv3',#6,'Basic Wall:Concrete - Cast-in-Place - 200:1688037',$,$,#4360,#4364,'1688037')
INFO:ImportIFC:Creating object #4475=IfcSlab('3E_iZLL3H2vvVGDBOlHi1S',#6,'Floor:265 BTG:1688330',$,$,#4382,#4474,'1688330',.FLOOR.)
INFO:ImportIFC:Creating object #4502=IfcWallStandardCase('3E_iZLL3H2vvVGDBOlHiMF',#6,'Basic Wall:Concrete - Cast-in-Place - 200:1689305',$,$,#4490,#4494,'1689305')
INFO:ImportIFC:Creating object #4580=IfcSlab('3E_iZLL3H2vvVGDBOlHiMZ',#6,'Floor:265 BTG:1689333',$,$,#4512,#4579,'1689333',.FLOOR.)
INFO:ImportIFC:Creating object #4603=IfcSlab('3E_iZLL3H2vvVGDBOlHikr',#6,'Floor:265 BTG:1689827',$,$,#4589,#4602,'1689827',.FLOOR.)
INFO:ImportIFC:Creating object #4627=IfcSlab('3E_iZLL3H2vvVGDBOlHi$7',#6,'Floor:200 BTG:1690769',$,$,#4613,#4626,'1690769',.FLOOR.)
INFO:ImportIFC:Creating object #4660=IfcWallStandardCase('1Bln_veFj7puNDSsr8lEvN',#6,'Basic Wall:Concrete - Cast-in-Place - 200:1693045',$,$,#4643,#4647,'1693045')
INFO:ImportIFC:Creating object #4688=IfcWallStandardCase('1Bln_veFj7puNDSsr8lEvP',#6,'Basic Wall:Concrete - Cast-in-Place - 200:1693051',$,$,#4672,#4676,'1693051')
INFO:ImportIFC:Creating object #4716=IfcWallStandardCase('1Bln_veFj7puNDSsr8lEwW',#6,'Basic Wall:Concrete - Cast-in-Place - 200:1693058',$,$,#4700,#4704,'1693058')
INFO:ImportIFC:Creating object #4792=IfcSlab('1Bln_veFj7puNDSsr8lEts',#6,'Floor:200 BTG:1693396',$,$,#4778,#4791,'1693396',.FLOOR.)
INFO:ImportIFC:Creating object #4816=IfcSlab('1Bln_veFj7puNDSsr8lEmX',#6,'Floor:265 BTG:1693443',$,$,#4802,#4815,'1693443',.FLOOR.)
INFO:ImportIFC:Creating object #4840=IfcSlab('1Bln_veFj7puNDSsr8lEm6',#6,'Floor:265 BTG:1693476',$,$,#4826,#4839,'1693476',.FLOOR.)
INFO:ImportIFC:Creating object #4864=IfcWallStandardCase('15AI333QL7C918c1wk5uAx',#6,'Basic Wall:Concrete - Cast-in-Place - 200:1802941',$,$,#4852,#4856,'1802941')
INFO:ImportIFC:Creating object #4893=IfcSlab('32M627M150O9dqKzk0$dgu',#6,'RR pile with Pressure Plate:RD140/10:1966131',$,$,#4874,#4892,'1966131',.BASESLAB.)
INFO:ImportIFC:Creating object #4923=IfcSlab('2wsE$64bfAxOtyS9ts4Wo7',#6,'RR pile with Pressure Plate:RD140/10:1980282',$,$,#4902,#4922,'1980282',.BASESLAB.)
INFO:ImportIFC:Creating object #4954=IfcSlab('2wsE$64bfAxOtyS9ts4W5B',#6,'RR pile with Pressure Plate:RD140/10:1981110',$,$,#4933,#4953,'1981110',.BASESLAB.)
INFO:ImportIFC:Creating object #4985=IfcSlab('1Qm8M6QFL9gBqZjv03DRXL',#6,'RR pile with Pressure Plate:RD140/10:1984021',$,$,#4964,#4984,'1984021',.BASESLAB.)
INFO:ImportIFC:Creating object #4286=IfcWallStandardCase('2G336sV9rCvAEY_NVepG_X',#6,'Basic Wall:Concrete - Cast-in-Place - 200:1687559',$,$,#4274,#4278,'1687559')
INFO:ImportIFC:Creating object #5036=IfcSlab('2optMPCh583eJUrYS1XSuw',#6,'Floor:650 BTG:2118550',$,$,#5025,#5035,'2118550',.FLOOR.)
INFO:ImportIFC:Creating object #5016=IfcSlab('0Qtshb6E1EWPi4a9CLXdXj',#6,'RR pile with Pressure Plate:RD140/10:2025338',$,$,#4995,#5015,'2025338',.BASESLAB.)
INFO:ImportIFC:Creating object #5065=IfcSlab('2optMPCh583eJUrYS1XSum',#6,'RR pile with Pressure Plate:RD140/10:2118556',$,$,#5046,#5064,'2118556',.BASESLAB.)
INFO:ImportIFC:Creating object #5113=IfcSlab('2optMPCh583eJUrYS1XSvM',#6,'Floor:650 BTG:2118650',$,$,#5102,#5112,'2118650',.FLOOR.)
INFO:ImportIFC:Creating object #5093=IfcSlab('2optMPCh583eJUrYS1XSun',#6,'RR pile with Pressure Plate:RD140/10:2118557',$,$,#5074,#5092,'2118557',.BASESLAB.)
INFO:ImportIFC:Creating object #5142=IfcSlab('2optMPCh583eJUrYS1XSci',#6,'RR pile with Pressure Plate:RD140/10:2118656',$,$,#5123,#5141,'2118656',.BASESLAB.)
INFO:ImportIFC:Creating object #5170=IfcSlab('2optMPCh583eJUrYS1XScj',#6,'RR pile with Pressure Plate:RD140/10:2118657',$,$,#5151,#5169,'2118657',.BASESLAB.)
INFO:ImportIFC:Creating object #5190=IfcSlab('2optMPCh583eJUrYS1XSWl',#6,'Floor:650 BTG:2119043',$,$,#5179,#5189,'2119043',.FLOOR.)
INFO:ImportIFC:Creating object #5247=IfcSlab('2optMPCh583eJUrYS1XSWc',#6,'RR pile with Pressure Plate:RD140/10:2119050',$,$,#5228,#5246,'2119050',.BASESLAB.)
INFO:ImportIFC:Creating object #5219=IfcSlab('2optMPCh583eJUrYS1XSWb',#6,'RR pile with Pressure Plate:RD140/10:2119049',$,$,#5200,#5218,'2119049',.BASESLAB.)
INFO:ImportIFC:Creating object #5296=IfcSlab('2optMPCh583eJUrYS1XSXP',#6,'RR pile with Pressure Plate:RD140/10:2119157',$,$,#5277,#5295,'2119157',.BASESLAB.)
INFO:ImportIFC:Creating object #5267=IfcSlab('2optMPCh583eJUrYS1XSX3',#6,'Floor:650 BTG:2119151',$,$,#5256,#5266,'2119151',.FLOOR.)
INFO:ImportIFC:Creating object #5344=IfcSlab('2optMPCh583eJUrYS1XSi5',#6,'Floor:650 BTG:2119337',$,$,#5333,#5343,'2119337',.FLOOR.)
INFO:ImportIFC:Creating object #5324=IfcSlab('2optMPCh583eJUrYS1XSXQ',#6,'RR pile with Pressure Plate:RD140/10:2119158',$,$,#5305,#5323,'2119158',.BASESLAB.)
INFO:ImportIFC:Creating object #4747=IfcWallStandardCase('1Bln_veFj7puNDSsr8lEwg',#6,'Basic Wall:Concrete - Cast-in-Place - 200:1693064',$,$,#4728,#4732,'1693064')
INFO:ImportIFC:Creating object #5373=IfcSlab('2optMPCh583eJUrYS1XSi3',#6,'RR pile with Pressure Plate:RD140/10:2119343',$,$,#5354,#5372,'2119343',.BASESLAB.)
INFO:ImportIFC:Creating object #5431=IfcSlab('0XSQ7nlrv2SOLJnqA$n6UU',#6,'RR pile with Pressure Plate:RD140/10:2263637',$,$,#5410,#5430,'2263637',.BASESLAB.)
INFO:ImportIFC:Creating object #5401=IfcSlab('2optMPCh583eJUrYS1XSiS',#6,'RR pile with Pressure Plate:RD140/10:2119344',$,$,#5382,#5400,'2119344',.BASESLAB.)
INFO:ImportIFC:Creating object #5526=IfcSlab('3rxOTX6O16R8Y381PrfeAB',#6,'Floor:650 BTG:2611757',$,$,#5515,#5525,'2611757',.FLOOR.)
INFO:ImportIFC:Creating object #5555=IfcSlab('3rxOTX6O16R8Y381PrfeAL',#6,'RR pile with Pressure Plate:RD140/10:2611763',$,$,#5536,#5554,'2611763',.BASESLAB.)
INFO:ImportIFC:Creating object #5603=IfcSlab('3rxOTX6O16R8Y381PrfeCh',#6,'Floor:650 BTG:2612109',$,$,#5592,#5602,'2612109',.FLOOR.)
INFO:ImportIFC:Creating object #5583=IfcSlab('3rxOTX6O16R8Y381PrfeAI',#6,'RR pile with Pressure Plate:RD140/10:2611764',$,$,#5564,#5582,'2611764',.BASESLAB.)
INFO:ImportIFC:Creating object #5632=IfcSlab('3rxOTX6O16R8Y381PrfeCr',#6,'RR pile with Pressure Plate:RD140/10:2612115',$,$,#5613,#5631,'2612115',.BASESLAB.)
INFO:ImportIFC:Creating object #5660=IfcSlab('3rxOTX6O16R8Y381PrfeCo',#6,'RR pile with Pressure Plate:RD140/10:2612116',$,$,#5641,#5659,'2612116',.BASESLAB.)
INFO:ImportIFC:Creating object #5680=IfcSlab('3rxOTX6O16R8Y381PrfeJX',#6,'Floor:650 BTG:2612295',$,$,#5669,#5679,'2612295',.FLOOR.)
INFO:ImportIFC:Creating object #5737=IfcSlab('3rxOTX6O16R8Y381PrfeJe',#6,'RR pile with Pressure Plate:RD140/10:2612302',$,$,#5718,#5736,'2612302',.BASESLAB.)
INFO:ImportIFC:Creating object #5709=IfcSlab('3rxOTX6O16R8Y381PrfeJh',#6,'RR pile with Pressure Plate:RD140/10:2612301',$,$,#5690,#5708,'2612301',.BASESLAB.)
INFO:ImportIFC:Creating object #5757=IfcSlab('1IzND9vID1TxKyM4ksLu$1',#6,'Floor:650 BTG:2614588',$,$,#5746,#5756,'2614588',.FLOOR.)
INFO:ImportIFC:Creating object #5786=IfcSlab('1IzND9vID1TxKyM4ksLu_$',#6,'RR pile with Pressure Plate:RD140/10:2614594',$,$,#5767,#5785,'2614594',.BASESLAB.)
INFO:ImportIFC:Creating object #5814=IfcSlab('1IzND9vID1TxKyM4ksLu__',#6,'RR pile with Pressure Plate:RD140/10:2614595',$,$,#5795,#5813,'2614595',.BASESLAB.)
INFO:ImportIFC:Creating object #5862=IfcSlab('3sn7W$0ePC2ev$$yCd5HvZ',#6,'Floor:100 BTG:2619762',$,$,#5851,#5861,'2619762',.FLOOR.)
INFO:ImportIFC:Creating object #5842=IfcSlab('3sn7W$0ePC2ev$$yCd5Hv_',#6,'RR pile with Pressure Plate:RD140/10:2619759',$,$,#5823,#5841,'2619759',.BASESLAB.)
INFO:ImportIFC:Creating object #5891=IfcSlab('3sn7W$0ePC2ev$$yCd5Hw7',#6,'RR pile with Pressure Plate:RD140/10:2619798',$,$,#5872,#5890,'2619798',.BASESLAB.)
INFO:ImportIFC:Creating object #5911=IfcSlab('3sn7W$0ePC2ev$$yCd5Hw8',#6,'Floor:100 BTG:2619801',$,$,#5900,#5910,'2619801',.FLOOR.)
INFO:ImportIFC:Creating object #5960=IfcSlab('3sn7W$0ePC2ev$$yCd5HxH',#6,'Floor:100 BTG:2619840',$,$,#5949,#5959,'2619840',.FLOOR.)
INFO:ImportIFC:Creating object #5940=IfcSlab('3sn7W$0ePC2ev$$yCd5Hwi',#6,'RR pile with Pressure Plate:RD140/10:2619837',$,$,#5921,#5939,'2619837',.BASESLAB.)
INFO:ImportIFC:Creating object #5989=IfcSlab('3sn7W$0ePC2ev$$yCd5Hxr',#6,'RR pile with Pressure Plate:RD140/10:2619876',$,$,#5970,#5988,'2619876',.BASESLAB.)
INFO:ImportIFC:Creating object #6009=IfcSlab('3sn7W$0ePC2ev$$yCd5Hxs',#6,'Floor:100 BTG:2619879',$,$,#5998,#6008,'2619879',.FLOOR.)
INFO:ImportIFC:Creating object #6033=IfcWallStandardCase('2GJ687PRH0mw5XoMlivwnw',#6,'Basic Wall:Concrete - Cast-in-Place - 300:2649525',$,$,#6021,#6025,'2649525')
INFO:ImportIFC:Creating object #6058=IfcSlab('01Icbl$RfFpOj$md1Yy6iq',#6,'Floor:280 BTG:2652429',$,$,#6047,#6057,'2652429',.FLOOR.)
INFO:ImportIFC:Creating object #6104=IfcWallStandardCase('01Icbl$RfFpOj$md1Yy6oU',#6,'Basic Wall:Concrete - Cast-in-Place - 300:2653863',$,$,#6092,#6096,'2653863')
INFO:ImportIFC:Creating object #6125=IfcSlab('01Icbl$RfFpOj$md1Yy6oJ',#6,'Floor:280 BTG:2653866',$,$,#6114,#6124,'2653866',.FLOOR.)
INFO:ImportIFC:Creating object #6170=IfcSlab('01Icbl$RfFpOj$md1Yy6qk',#6,'Floor:280 BTG:2653975',$,$,#6159,#6169,'2653975',.FLOOR.)
INFO:ImportIFC:Creating object #6149=IfcWallStandardCase('01Icbl$RfFpOj$md1Yy6qj',#6,'Basic Wall:Concrete - Cast-in-Place - 300:2653972',$,$,#6137,#6141,'2653972')
INFO:ImportIFC:Creating object #6194=IfcWallStandardCase('01Icbl$RfFpOj$md1Yy6qM',#6,'Basic Wall:Concrete - Cast-in-Place - 300:2653999',$,$,#6182,#6186,'2653999')
INFO:ImportIFC:Creating object #6215=IfcSlab('01Icbl$RfFpOj$md1Yy6qB',#6,'Floor:280 BTG:2654002',$,$,#6204,#6214,'2654002',.FLOOR.)
INFO:ImportIFC:Creating object #6284=IfcWallStandardCase('3K8C6GlZfE3QlT3xAYvUWt',#6,'Basic Wall:Concrete - Cast-in-Place - 235:2795778',$,$,#6272,#6276,'2795778')
INFO:ImportIFC:Creating object #6312=IfcWallStandardCase('3K8C6GlZfE3QlT3xAYvUeU',#6,'Basic Wall:Concrete - Cast-in-Place - 255:2796331',$,$,#6300,#6304,'2796331')
INFO:ImportIFC:Creating object #6340=IfcWallStandardCase('3K8C6GlZfE3QlT3xAYvUtO',#6,'Basic Wall:Concrete - Cast-in-Place - 255:2796781',$,$,#6328,#6332,'2796781')
INFO:ImportIFC:Creating object #6364=IfcWallStandardCase('3K8C6GlZfE3QlT3xAYvUpo',#6,'Basic Wall:Concrete - Cast-in-Place - 255:2796999',$,$,#6352,#6356,'2796999')
INFO:ImportIFC:Creating object #6388=IfcWallStandardCase('3K8C6GlZfE3QlT3xAYvVCK',#6,'Basic Wall:Concrete - Cast-in-Place - 235:2798113',$,$,#6376,#6380,'2798113')
INFO:ImportIFC:Creating object #6412=IfcWallStandardCase('3TGLzgck1BcAIvkHAqUuVz',#6,'Basic Wall:Concrete - Cast-in-Place - 360:2798497',$,$,#6400,#6404,'2798497')
INFO:ImportIFC:Creating object #6440=IfcWallStandardCase('3TGLzgck1BcAIvkHAqUu6H',#6,'Basic Wall:Concrete - Cast-in-Place - 360:2799053',$,$,#6428,#6432,'2799053')
INFO:ImportIFC:Creating object #6464=IfcWallStandardCase('3TGLzgck1BcAIvkHAqUu66',#6,'Basic Wall:Concrete - Cast-in-Place - 360:2799066',$,$,#6452,#6456,'2799066')
INFO:ImportIFC:Creating object #6488=IfcWallStandardCase('3TGLzgck1BcAIvkHAqUu6$',#6,'Basic Wall:Concrete - Cast-in-Place - 360:2799075',$,$,#6476,#6480,'2799075')
INFO:ImportIFC:Creating object #6512=IfcWallStandardCase('3TGLzgck1BcAIvkHAqUu6m',#6,'Basic Wall:Concrete - Cast-in-Place - 360:2799084',$,$,#6500,#6504,'2799084')
INFO:ImportIFC:Creating object #6536=IfcWallStandardCase('3TGLzgck1BcAIvkHAqUuAH',#6,'Basic Wall:Concrete - Cast-in-Place - 235:2799309',$,$,#6524,#6528,'2799309')
INFO:ImportIFC:Creating object #6560=IfcWallStandardCase('3TGLzgck1BcAIvkHAqUunQ',#6,'Basic Wall:Concrete - Cast-in-Place - 235:2799622',$,$,#6548,#6552,'2799622')
INFO:ImportIFC:Creating object #6584=IfcWallStandardCase('3TGLzgck1BcAIvkHAqUuvR',#6,'Basic Wall:Concrete - Cast-in-Place - 235:2800135',$,$,#6572,#6576,'2800135')
INFO:ImportIFC:Creating object #6608=IfcWallStandardCase('3TGLzgck1BcAIvkHAqUu$9',#6,'Basic Wall:Concrete - Cast-in-Place - 235:2800533',$,$,#6596,#6600,'2800533')
INFO:ImportIFC:Creating object #6653=IfcWall('3TGLzgck1BcAIvkHAqUugz',#6,'Basic Wall:Concrete - Cast-in-Place - 235:2801377',$,$,#6620,#6624,'2801377')
INFO:ImportIFC:Creating object #6676=IfcWallStandardCase('3TGLzgck1BcAIvkHAqU$LB',#6,'Basic Wall:Concrete - Cast-in-Place - 235:2801943',$,$,#6664,#6668,'2801943')
INFO:ImportIFC:Creating object #6700=IfcWallStandardCase('3TGLzgck1BcAIvkHAqU$nG',#6,'Basic Wall:Concrete - Cast-in-Place - 360:2803724',$,$,#6688,#6692,'2803724')
INFO:ImportIFC:Creating object #6724=IfcWallStandardCase('3TGLzgck1BcAIvkHAqU$os',#6,'Basic Wall:Concrete - Cast-in-Place - 315:2803946',$,$,#6712,#6716,'2803946')
INFO:ImportIFC:Creating object #6752=IfcWallStandardCase('3TGLzgck1BcAIvkHAqU$ux',#6,'Basic Wall:Concrete - Cast-in-Place - 315:2804327',$,$,#6740,#6744,'2804327')
INFO:ImportIFC:Creating object #6776=IfcWallStandardCase('3TGLzgck1BcAIvkHAqU$uk',#6,'Basic Wall:Concrete - Cast-in-Place - 315:2804338',$,$,#6764,#6768,'2804338')
INFO:ImportIFC:Creating object #6800=IfcWallStandardCase('3TGLzgck1BcAIvkHAqU$uX',#6,'Basic Wall:Concrete - Cast-in-Place - 315:2804349',$,$,#6788,#6792,'2804349')
INFO:ImportIFC:Creating object #6824=IfcWallStandardCase('3TGLzgck1BcAIvkHAqU_Ns',#6,'Basic Wall:Concrete - Cast-in-Place - 235:2806186',$,$,#6812,#6816,'2806186')
INFO:ImportIFC:Creating object #6848=IfcWallStandardCase('3TGLzgck1BcAIvkHAqU_R9',#6,'Basic Wall:Concrete - Cast-in-Place - 235:2806421',$,$,#6836,#6840,'2806421')
INFO:ImportIFC:Creating object #6872=IfcWallStandardCase('3TGLzgck1BcAIvkHAqU_Vg',#6,'Basic Wall:Concrete - Cast-in-Place - 235:2806710',$,$,#6860,#6864,'2806710')
INFO:ImportIFC:Creating object #6255=IfcSlab('01Icbl$RfFpOj$md1Yy6sg',#6,'Floor:150 BTG:2654099',$,$,#6225,#6254,'2654099',.FLOOR.)
INFO:ImportIFC:Creating object #6896=IfcWallStandardCase('3TGLzgck1BcAIvkHAqU_2V',#6,'Basic Wall:Concrete - Cast-in-Place - 235:2806979',$,$,#6884,#6888,'2806979')
INFO:ImportIFC:Creating object #6920=IfcWallStandardCase('3TGLzgck1BcAIvkHAqU_4N',#6,'Basic Wall:Concrete - Cast-in-Place - 235:2807115',$,$,#6908,#6912,'2807115')
INFO:ImportIFC:Creating object #6944=IfcWallStandardCase('3TGLzgck1BcAIvkHAqU_D4',#6,'Basic Wall:Concrete - Cast-in-Place - 255:2807576',$,$,#6932,#6936,'2807576')
INFO:ImportIFC:Creating object #6968=IfcWallStandardCase('3TGLzgck1BcAIvkHAqU_Eh',#6,'Basic Wall:Concrete - Cast-in-Place - 255:2807799',$,$,#6956,#6960,'2807799')
INFO:ImportIFC:Creating object #6992=IfcWallStandardCase('3TGLzgck1BcAIvkHAqU_r$',#6,'Basic Wall:Concrete - Cast-in-Place - 235:2808099',$,$,#6980,#6984,'2808099')
INFO:ImportIFC:Creating object #7016=IfcWallStandardCase('3TGLzgck1BcAIvkHAqU_vf',#6,'Basic Wall:Concrete - Cast-in-Place - 235:2808373',$,$,#7004,#7008,'2808373')
INFO:ImportIFC:Creating object #7040=IfcWallStandardCase('3TGLzgck1BcAIvkHAqU_$H',#6,'Basic Wall:Concrete - Cast-in-Place - 235:2808717',$,$,#7028,#7032,'2808717')
INFO:ImportIFC:Creating object #7064=IfcWallStandardCase('3TGLzgck1BcAIvkHAqU_XF',#6,'Basic Wall:Concrete - Cast-in-Place - 235:2808851',$,$,#7052,#7056,'2808851')
INFO:ImportIFC:Creating object #7088=IfcWallStandardCase('3TGLzgck1BcAIvkHAqU_cR',#6,'Basic Wall:Concrete - Cast-in-Place - 235:2809287',$,$,#7076,#7080,'2809287')
INFO:ImportIFC:Creating object #7112=IfcWallStandardCase('3TGLzgck1BcAIvkHAqU_j6',#6,'Basic Wall:Concrete - Cast-in-Place - 235:2809626',$,$,#7100,#7104,'2809626')
INFO:ImportIFC:Creating object #7136=IfcWallStandardCase('3TGLzgck1BcAIvkHAqU_kh',#6,'Basic Wall:Concrete - Cast-in-Place - 235:2809847',$,$,#7124,#7128,'2809847')
INFO:ImportIFC:Creating object #7160=IfcWallStandardCase('3TGLzgck1BcAIvkHAqUzRQ',#6,'Basic Wall:Concrete - Cast-in-Place - 255:2810502',$,$,#7148,#7152,'2810502')
INFO:ImportIFC:Creating object #7191=IfcSlab('3RESZ2oR91geH7xhiMANos',#6,'RR pile with Pressure Plate:RD140/10:2883316',$,$,#7170,#7190,'2883316',.BASESLAB.)
INFO:ImportIFC:Creating object #7222=IfcSlab('3RESZ2oR91geH7xhiMBeE4',#6,'RR pile with Pressure Plate:RD140/10:2884038',$,$,#7201,#7221,'2884038',.BASESLAB.)
INFO:ImportIFC:Creating object #7253=IfcSlab('3RESZ2oR91geH7xhiMBeTd',#6,'RR pile with Pressure Plate:RD140/10:2884901',$,$,#7232,#7252,'2884901',.BASESLAB.)
INFO:ImportIFC:Creating object #7284=IfcSlab('3RESZ2oR91geH7xhiMBeZP',#6,'RR pile with Pressure Plate:RD140/10:2886299',$,$,#7263,#7283,'2886299',.BASESLAB.)
INFO:ImportIFC:Creating object #7315=IfcSlab('3RESZ2oR91geH7xhiMBfDx',#6,'RR pile with Pressure Plate:RD140/10:2887993',$,$,#7294,#7314,'2887993',.BASESLAB.)
INFO:ImportIFC:Creating object #7346=IfcSlab('3n8VBWUkj2U9HO5tehhmXn',#6,'RR pile with Pressure Plate:RD140/10:2888703',$,$,#7325,#7345,'2888703',.BASESLAB.)
INFO:ImportIFC:Creating object #7377=IfcSlab('3n8VBWUkj2U9HO5tehhmuk',#6,'RR pile with Pressure Plate:RD140/10:2889120',$,$,#7356,#7376,'2889120',.BASESLAB.)
INFO:ImportIFC:Creating object #7406=IfcSlab('3n8VBWUkj2U9HO5tehhmtB',#6,'RR pile with Pressure Plate:RD140/10:2889285',$,$,#7387,#7405,'2889285',.BASESLAB.)
INFO:ImportIFC:Creating object #7434=IfcSlab('3n8VBWUkj2U9HO5tehhmAZ',#6,'RR pile with Pressure Plate:RD140/10:2890029',$,$,#7415,#7433,'2890029',.BASESLAB.)
INFO:ImportIFC:Creating object #7462=IfcSlab('3n8VBWUkj2U9HO5tehhmBr',#6,'RR pile with Pressure Plate:RD140/10:2890107',$,$,#7443,#7461,'2890107',.BASESLAB.)
INFO:ImportIFC:Creating object #7490=IfcSlab('3n8VBWUkj2U9HO5tehhm8n',#6,'RR pile with Pressure Plate:RD140/10:2890175',$,$,#7471,#7489,'2890175',.BASESLAB.)
INFO:ImportIFC:Creating object #7520=IfcSlab('3n8VBWUkj2U9HO5tehhm4i',#6,'RR pile with Pressure Plate:RD140/10:2890402',$,$,#7499,#7519,'2890402',.BASESLAB.)
INFO:ImportIFC:Creating object #7582=IfcSlab('1hC1DwmIv5hePyymrFEjCQ',#6,'RR pile with Pressure Plate:RD140/10:2890961',$,$,#7561,#7581,'2890961',.BASESLAB.)
INFO:ImportIFC:Creating object #7613=IfcSlab('1hC1DwmIv5hePyymrFEj3L',#6,'RR pile with Pressure Plate:RD140/10:2891550',$,$,#7592,#7612,'2891550',.BASESLAB.)
INFO:ImportIFC:Creating object #7642=IfcSlab('1hC1DwmIv5hePyymrFEk_w',#6,'RR pile with Pressure Plate:RD140/10:2891889',$,$,#7623,#7641,'2891889',.BASESLAB.)
INFO:ImportIFC:Creating object #7670=IfcSlab('1hC1DwmIv5hePyymrFEkxR',#6,'RR pile with Pressure Plate:RD140/10:2892048',$,$,#7651,#7669,'2892048',.BASESLAB.)
INFO:ImportIFC:Creating object #7551=IfcSlab('1hC1DwmIv5hePyymrFEjEC',#6,'RR pile with Pressure Plate:RD140/10:2890823',$,$,#7530,#7550,'2890823',.BASESLAB.)
INFO:ImportIFC:Creating object #7698=IfcSlab('3du7D3jRjCOenpOtofUmZT',#6,'RR pile with Pressure Plate:RD140/10:2893098',$,$,#7679,#7697,'2893098',.BASESLAB.)
INFO:ImportIFC:Creating object #7728=IfcSlab('3du7D3jRjCOenpOtofUmle',#6,'RR pile with Pressure Plate:RD140/10:2893343',$,$,#7707,#7727,'2893343',.BASESLAB.)
INFO:ImportIFC:Creating object #7758=IfcSlab('3du7D3jRjCOenpOtofUmhK',#6,'RR pile with Pressure Plate:RD140/10:2893603',$,$,#7737,#7757,'2893603',.BASESLAB.)
INFO:ImportIFC:Creating object #7788=IfcSlab('3du7D3jRjCOenpOtofUmf4',#6,'RR pile with Pressure Plate:RD140/10:2893747',$,$,#7767,#7787,'2893747',.BASESLAB.)
INFO:ImportIFC:Creating object #7819=IfcSlab('3du7D3jRjCOenpOtofUmeJ',#6,'RR pile with Pressure Plate:RD140/10:2893796',$,$,#7798,#7818,'2893796',.BASESLAB.)
INFO:ImportIFC:Creating object #7850=IfcSlab('3du7D3jRjCOenpOtofUm1G',#6,'RR pile with Pressure Plate:RD140/10:2895271',$,$,#7829,#7849,'2895271',.BASESLAB.)
INFO:ImportIFC:Creating object #7880=IfcSlab('3du7D3jRjCOenpOtofUm0b',#6,'RR pile with Pressure Plate:RD140/10:2895314',$,$,#7859,#7879,'2895314',.BASESLAB.)
INFO:ImportIFC:Creating object #7910=IfcSlab('3du7D3jRjCOenpOtofUm99',#6,'RR pile with Pressure Plate:RD140/10:2895806',$,$,#7889,#7909,'2895806',.BASESLAB.)
INFO:ImportIFC:Creating object #7941=IfcSlab('1GpqQWs8X3MvNQ69_aP4qC',#6,'RR pile with Pressure Plate:RD140/10:2897528',$,$,#7920,#7940,'2897528',.BASESLAB.)
INFO:ImportIFC:Creating object #7972=IfcSlab('1GpqQWs8X3MvNQ69_aP4pK',#6,'RR pile with Pressure Plate:RD140/10:2897824',$,$,#7951,#7971,'2897824',.BASESLAB.)
INFO:ImportIFC:Creating object #8003=IfcSlab('1GpqQWs8X3MvNQ69_aP4oO',#6,'RR pile with Pressure Plate:RD140/10:2897900',$,$,#7982,#8002,'2897900',.BASESLAB.)
INFO:ImportIFC:Creating object #8034=IfcSlab('1GpqQWs8X3MvNQ69_aP4Fk',#6,'RR pile with Pressure Plate:RD140/10:2898074',$,$,#8013,#8033,'2898074',.BASESLAB.)
INFO:ImportIFC:Creating object #8096=IfcSlab('1GpqQWs8X3MvNQ69_aP45_',#6,'RR pile with Pressure Plate:RD140/10:2898442',$,$,#8075,#8095,'2898442',.BASESLAB.)
INFO:ImportIFC:Creating object #8065=IfcSlab('1GpqQWs8X3MvNQ69_aP4Bf',#6,'RR pile with Pressure Plate:RD140/10:2898333',$,$,#8044,#8064,'2898333',.BASESLAB.)
INFO:ImportIFC:Creating object #8127=IfcSlab('1GpqQWs8X3MvNQ69_aP438',#6,'RR pile with Pressure Plate:RD140/10:2898876',$,$,#8106,#8126,'2898876',.BASESLAB.)
INFO:ImportIFC:Creating object #8158=IfcSlab('1GpqQWs8X3MvNQ69_aP4SL',#6,'RR pile with Pressure Plate:RD140/10:2899041',$,$,#8137,#8157,'2899041',.BASESLAB.)
INFO:ImportIFC:Creating object #8187=IfcSlab('1GpqQWs8X3MvNQ69_aP4Pi',#6,'RR pile with Pressure Plate:RD140/10:2899224',$,$,#8168,#8186,'2899224',.BASESLAB.)
INFO:ImportIFC:Creating object #8217=IfcSlab('1GpqQWs8X3MvNQ69_aP3g4',#6,'RR pile with Pressure Plate:RD140/10:2900464',$,$,#8196,#8216,'2900464',.BASESLAB.)
INFO:ImportIFC:Creating object #8279=IfcSlab('1GpqQWs8X3MvNQ69_aP3qZ',#6,'RR pile with Pressure Plate:RD140/10:2901591',$,$,#8258,#8278,'2901591',.BASESLAB.)
INFO:ImportIFC:Creating object #8310=IfcSlab('1GpqQWs8X3MvNQ69_aP3sL',#6,'RR pile with Pressure Plate:RD140/10:2901729',$,$,#8289,#8309,'2901729',.BASESLAB.)
INFO:ImportIFC:Creating object #8248=IfcSlab('1GpqQWs8X3MvNQ69_aP3$s',#6,'RR pile with Pressure Plate:RD140/10:2901122',$,$,#8227,#8247,'2901122',.BASESLAB.)
INFO:ImportIFC:Creating object #8341=IfcSlab('1GpqQWs8X3MvNQ69_aP3O3',#6,'RR pile with Pressure Plate:RD140/10:2903415',$,$,#8320,#8340,'2903415',.BASESLAB.)
INFO:ImportIFC:Creating object #8370=IfcSlab('1GpqQWs8X3MvNQ69_aP3QL',#6,'RR pile with Pressure Plate:RD140/10:2903521',$,$,#8351,#8369,'2903521',.BASESLAB.)
INFO:ImportIFC:Creating object #8400=IfcSlab('1GpqQWs8X3MvNQ69_aP3M4',#6,'RR pile with Pressure Plate:RD140/10:2903792',$,$,#8379,#8399,'2903792',.BASESLAB.)
INFO:ImportIFC:Creating object #8431=IfcSlab('1GpqQWs8X3MvNQ69_aP3Gk',#6,'RR pile with Pressure Plate:RD140/10:2903898',$,$,#8410,#8430,'2903898',.BASESLAB.)
INFO:ImportIFC:Creating object #8460=IfcSlab('1GpqQWs8X3MvNQ69_aP2cg',#6,'RR pile with Pressure Plate:RD140/10:2904798',$,$,#8441,#8459,'2904798',.BASESLAB.)
INFO:ImportIFC:Creating object #8490=IfcSlab('1GpqQWs8X3MvNQ69_aP2yb',#6,'RR pile with Pressure Plate:RD140/10:2905169',$,$,#8469,#8489,'2905169',.BASESLAB.)
INFO:ImportIFC:Creating object #8549=IfcSlab('1GpqQWs8X3MvNQ69_aP2Bo',#6,'RR pile with Pressure Plate:RD140/10:2906502',$,$,#8528,#8548,'2906502',.BASESLAB.)
INFO:ImportIFC:Creating object #8519=IfcSlab('1GpqQWs8X3MvNQ69_aP2tD',#6,'RR pile with Pressure Plate:RD140/10:2905785',$,$,#8500,#8518,'2905785',.BASESLAB.)
INFO:ImportIFC:Creating object #8577=IfcSlab('1GpqQWs8X3MvNQ69_aP21L',#6,'RR pile with Pressure Plate:RD140/10:2906913',$,$,#8558,#8576,'2906913',.BASESLAB.)
INFO:ImportIFC:Creating object #8636=IfcSlab('1GpqQWs8X3MvNQ69_aP2RI',#6,'RR pile with Pressure Plate:RD140/10:2907558',$,$,#8617,#8635,'2907558',.BASESLAB.)
INFO:ImportIFC:Creating object #8607=IfcSlab('1GpqQWs8X3MvNQ69_aP2TL',#6,'RR pile with Pressure Plate:RD140/10:2907169',$,$,#8586,#8606,'2907169',.BASESLAB.)
INFO:ImportIFC:Creating object #8664=IfcSlab('1GpqQWs8X3MvNQ69_aP2Mo',#6,'RR pile with Pressure Plate:RD140/10:2907846',$,$,#8645,#8663,'2907846',.BASESLAB.)
INFO:ImportIFC:Creating object #8692=IfcSlab('1GpqQWs8X3MvNQ69_aP1id',#6,'RR pile with Pressure Plate:RD140/10:2908243',$,$,#8673,#8691,'2908243',.BASESLAB.)
INFO:ImportIFC:Creating object #8712=IfcSlab('2d2Z9OQurDJwlOUIhLw21O',#6,'Floor:100 BTG:2966356',$,$,#8701,#8711,'2966356',.FLOOR.)
INFO:ImportIFC:Creating object #8741=IfcSlab('2d2Z9OQurDJwlOUIhLw2T4',#6,'RR pile with Pressure Plate:RD140/10:2966600',$,$,#8722,#8740,'2966600',.BASESLAB.)
INFO:ImportIFC:Creating object #9825=IfcBuildingElementProxy('0$RtYNfo15W9nqagerlexp',#6,'Welda:WELDA 300x300-165:3043446',$,$,#9824,#9820,'3043446',$)
INFO:ImportIFC:Creating object #9840=IfcBuildingElementProxy('0$RtYNfo15W9nqagerley8',#6,'Welda:WELDA 300x300-165:3043725',$,$,#9839,#9835,'3043725',$)
INFO:ImportIFC:Creating object #9852=IfcBuildingElementProxy('0$RtYNfo15W9nqagerleot',#6,'Welda:WELDA 300x300-165:3043890',$,$,#9851,#9847,'3043890',$)
INFO:ImportIFC:Creating object #9864=IfcBuildingElementProxy('0$RtYNfo15W9nqagerleou',#6,'Welda:WELDA 300x300-165:3043901',$,$,#9863,#9859,'3043901',$)
INFO:ImportIFC:Creating object #9876=IfcBuildingElementProxy('0$RtYNfo15W9nqagerlepD',#6,'Welda:WELDA 300x300-165:3043912',$,$,#9875,#9871,'3043912',$)
INFO:ImportIFC:Creating object #9888=IfcBuildingElementProxy('0$RtYNfo15W9nqagerlepM',#6,'Welda:WELDA 300x300-165:3043923',$,$,#9887,#9883,'3043923',$)
INFO:ImportIFC:Creating object #9900=IfcBuildingElementProxy('0$RtYNfo15W9nqagerlesK',#6,'Welda:WELDA 300x300-165:3044113',$,$,#9899,#9895,'3044113',$)
INFO:ImportIFC:Creating object #9912=IfcBuildingElementProxy('0$RtYNfo15W9nqagerlehE',#6,'Welda:WELDA 300x300-165:3044427',$,$,#9911,#9907,'3044427',$)
INFO:ImportIFC:Creating object #9924=IfcBuildingElementProxy('0$RtYNfo15W9nqagerlehH',#6,'Welda:WELDA 300x300-165:3044436',$,$,#9923,#9919,'3044436',$)
INFO:ImportIFC:Creating object #9936=IfcBuildingElementProxy('0$RtYNfo15W9nqagerlehO',#6,'Welda:WELDA 300x300-165:3044445',$,$,#9935,#9931,'3044445',$)
INFO:ImportIFC:Creating object #5475=IfcSlab('3u7HSm7d91peYOx7Iha1qV',#6,'Floor:100 BTG:2597512',$,$,#5441,#5474,'2597512',.FLOOR.)
INFO:ImportIFC:Creating object #10074=IfcWallStandardCase('3cE4fXcRb6D9sJuwD7_362',#6,'Basic Wall:Concrete - Cast-in-Place - 150:3168399',$,$,#10062,#10066,'3168399')
INFO:ImportIFC:Creating object #10101=IfcWallStandardCase('3cE4fXcRb6D9sJuwD7_30S',#6,'Basic Wall:Concrete - Cast-in-Place - 150:3168529',$,$,#10089,#10093,'3168529')
INFO:ImportIFC:Creating object #10125=IfcWallStandardCase('3cE4fXcRb6D9sJuwD7_30V',#6,'Basic Wall:Concrete - Cast-in-Place - 150:3168530',$,$,#10113,#10117,'3168530')
INFO:ImportIFC:Creating object #10146=IfcSlab('26LkqnWpbCvRoBsHuGgEtp',#6,'Floor:200 BTG:3169975',$,$,#10135,#10145,'3169975',.FLOOR.)
INFO:ImportIFC:Creating object #10167=IfcSlab('26LkqnWpbCvRoBsHuGgD8z',#6,'Floor:200 BTG:3170681',$,$,#10156,#10166,'3170681',.FLOOR.)
INFO:ImportIFC:Creating object #10015=IfcBuildingElementProxy('0liQvotF559AKLbN3k$oIs',#6,'Welda:WELDA 300x300-165 invändig:3138993',$,$,#10014,#10010,'3138993',$)
INFO:ImportIFC:Creating object #10030=IfcBuildingElementProxy('0liQvotF559AKLbN3k$oOv',#6,'Welda:WELDA 300x300-165 invändig:3139390',$,$,#10029,#10025,'3139390',$)
INFO:ImportIFC:Creating object #10042=IfcBuildingElementProxy('0liQvotF559AKLbN3k$oPe',#6,'Welda:WELDA 300x300-165 invändig:3139439',$,$,#10041,#10037,'3139439',$)
INFO:ImportIFC:Creating object #10054=IfcBuildingElementProxy('0liQvotF559AKLbN3k$oQe',#6,'Welda:WELDA 300x300-165 invändig:3139503',$,$,#10053,#10049,'3139503',$)
INFO:ImportIFC:Creating object #10191=IfcWallStandardCase('3DdC$kV0P3qgwlsTMA3gUx',#6,'Basic Wall:Concrete - Cast-in-Place - 200:3173557',$,$,#10179,#10183,'3173557')
INFO:ImportIFC:Creating object #10215=IfcWallStandardCase('2sDBeaUyXDLeJH4a7Be5x6',#6,'Basic Wall:Concrete - Cast-in-Place - 200:3173935',$,$,#10203,#10207,'3173935')
INFO:ImportIFC:Creating object #10239=IfcWallStandardCase('2mVBUjHAz7ChtC5HZbHqCv',#6,'Basic Wall:Concrete - Cast-in-Place - 150:3191350',$,$,#10227,#10231,'3191350')
INFO:ImportIFC:Creating object #10263=IfcSlab('2QFUWnyNbFNQSPyBozqONK',#6,'Floor:200 BTG:3261054',$,$,#10249,#10262,'3261054',.FLOOR.)
INFO:ImportIFC:Creating object #418=IfcSlab('22Qf$m7qHD0hM1fd6LNieU',#6,'Floor:Concrete - Cast-in-Place - 200:1607726',$,$,#311,#417,'1607726',.FLOOR.)
INFO:ImportIFC:Creating object #9733=IfcBuildingElementProxy('3kbFmF4MH4KfNDRl5Rs5Xi',#6,'PSB group:8xPSB-10/160-3/331:2976189',$,$,#9732,#9728,'2976189',$)
INFO:ImportIFC:Creating object #10287=IfcWallStandardCase('2QFUWnyNbFNQSPyBozqO99',#6,'Basic Wall:Concrete - Cast-in-Place - 120:3261923',$,$,#10275,#10279,'3261923')
INFO:ImportIFC:Creating object #6088=IfcAnnotation('01Icbl$RfFpOj$md1Yy6un',#6,'Model Lines:2653192',$,$,#6072,#6086)
INFO:ImportIFC:Creating object #54=IfcBuildingStorey('3adfCpgMzF4eaVp1jlOR4V',#6,'PLAN 16',$,$,#53,$,'PLAN 16',.ELEMENT.,42519.99999999994)
INFO:ImportIFC:Creating object #34=IfcBuildingStorey('0Nv1MkV6PCfgKgMyZEhNXd',#6,'PLAN 11',$,$,#33,$,'PLAN 11',.ELEMENT.,27520.00000000026)
INFO:ImportIFC:Creating object #38=IfcBuildingStorey('3MF1NPWfHAjA1o$xSBfZDg',#6,'PLAN 12',$,$,#37,$,'PLAN 12',.ELEMENT.,30319.99999999871)
INFO:ImportIFC:Creating object #42=IfcBuildingStorey('1ONfzxsYjB7uTz72mS9pCn',#6,'PLAN 13',$,$,#41,$,'PLAN 13',.ELEMENT.,33120.00000000026)
INFO:ImportIFC:Creating object #46=IfcBuildingStorey('1ONfzxsYjB7uTz72mS9pCu',#6,'PLAN 14',$,$,#45,$,'PLAN 14',.ELEMENT.,35920.00000000026)
INFO:ImportIFC:Creating object #50=IfcBuildingStorey('1ONfzxsYjB7uTz72mS9pIO',#6,'PLAN 15',$,$,#49,$,'PLAN 15',.ELEMENT.,38720.00000000026)
INFO:ImportIFC:Creating object #22=IfcBuilding('2rE1cFQurCf8n7WoYumwsu',#6,'',$,$,#21,$,'',.ELEMENT.,$,$,#19)
INFO:ImportIFC:Creating object #57=IfcSite('2rE1cFQurCf8n7WoYumwsx',#6,'Default',$,$,#56,$,$,.ELEMENT.,(42,24,53,508911),(-71,-15,-29,-58837),0.,$,$)
INFO:ImportIFC:Creating object #26=IfcBuildingStorey('1ONfzxsYjB7uTz72mS9pHB',#6,'Plan 09',$,$,#25,$,'Plan 09',.ELEMENT.,19020.)
INFO:ImportIFC:Creating object #30=IfcBuildingStorey('3MF1NPWfHAjA1o$xSBfZCz',#6,'PLAN 10',$,$,#29,$,'PLAN 10',.ELEMENT.,22319.999999999996)
INFO:ImportIFC:Creating object #6288=IfcWallType('3K8C6GlZfE3QlT3xAYvUc4',#6,'Basic Wall:Concrete - Cast-in-Place - 235',$,$,$,$,'2795697',$,.STANDARD.)
INFO:ImportIFC:Creating object #10007=IfcBuildingElementProxyType('0liQvotF559AKLbN3k$oam',#6,'Welda:WELDA 300x300-165 invändig',$,$,(#10022),(#10006),'3139639',$,.NOTDEFINED.)
INFO:ImportIFC:Creating object #6416=IfcWallType('1vm5Iemq56sRvVLWhCLg5j',#6,'Basic Wall:Concrete - Cast-in-Place - 360',$,$,$,$,'3019991',$,.STANDARD.)
INFO:ImportIFC:Creating object #6059=IfcSlabType('0oJkaNwLzEHucGR9RgBy3c',#6,'Floor:280 BTG',$,$,$,$,'2682848',$,.FLOOR.)
INFO:ImportIFC:Creating object #2319=IfcWallType('1qcvbNWYT0He9_0uBi_HHe',#6,'Basic Wall:Concrete - Cast-in-Place - 412',$,$,$,$,'3085448',$,.STANDARD.)
INFO:ImportIFC:Creating object #597=IfcSlabType('2W9iUIrLP7xQWljilRVfK5',#6,'RR pile with Pressure Plate:RD140/10',$,$,$,$,'1676196',$,.BASESLAB.)
INFO:ImportIFC:Creating object #6316=IfcWallType('3K8C6GlZfE3QlT3xAYvUlI',#6,'Basic Wall:Concrete - Cast-in-Place - 255',$,$,$,$,'2796263',$,.STANDARD.)
INFO:ImportIFC:Creating object #10291=IfcWallType('0RhD8vHcH4z9qVQKrIIS27',#6,'Basic Wall:Concrete - Cast-in-Place - 120',$,$,$,$,'1203952',$,.STANDARD.)
INFO:ImportIFC:Creating object #2349=IfcSlabType('0elcjjBqT2WuSfhpvTmG$T',#6,'Floor:500 BTG',$,$,$,$,'1660718',$,.FLOOR.)
INFO:ImportIFC:Creating object #4476=IfcSlabType('2optMPCh583eJUrYS1XSuE',#6,'Floor:265 BTG',$,$,$,$,'2118562',$,.FLOOR.)
INFO:ImportIFC:Creating object #4628=IfcSlabType('1lV$H8koL1ThgNcsLUcvpq',#6,'Floor:200 BTG',$,$,$,$,'1042477',$,.FLOOR.)
INFO:ImportIFC:Creating object #9811=IfcBuildingElementProxyType('0$RtYNfo15W9nqagerlex6',#6,'Welda:WELDA 300x300-165',$,$,(#9832),(#9810),'3043395',$,.NOTDEFINED.)
INFO:ImportIFC:Creating object #511=IfcSlabType('3Ur97l8tb2hvscQW6NfvwP',#6,'Floor:Concrete - Cast-in-Place - 200',$,$,$,$,'56006',$,.FLOOR.)
INFO:ImportIFC:Creating object #5498=IfcSlabType('2CuZC4bor7uvnT2e1UeJ4k',#6,'Floor:100 BTG',$,$,$,$,'1622578',$,.FLOOR.)
INFO:ImportIFC:Creating object #6728=IfcWallType('1vm5Iemq56sRvVLWhCLgFv',#6,'Basic Wall:Concrete - Cast-in-Place - 315',$,$,$,$,'3020355',$,.STANDARD.)
INFO:ImportIFC:Creating object #10078=IfcWallType('0zAQyGfQj7mgGjK8aC8x4E',#6,'Basic Wall:Concrete - Cast-in-Place - 150',$,$,$,$,'60865',$,.STANDARD.)
INFO:ImportIFC:Creating object #2499=IfcSlabType('0F9t5p45X9Vf$Klq95QZJ0',#6,'Floor:550 BTG',$,$,$,$,'1626888',$,.FLOOR.)
INFO:ImportIFC:Creating object #2381=IfcWallType('0zAQyGfQj7mgGjK8aC8x4C',#6,'Basic Wall:Concrete - Cast-in-Place - 200',$,$,$,$,'60867',$,.STANDARD.)
INFO:ImportIFC:Creating object #287=IfcSlabType('22Qf$m7qHD0hM1fd6LNjQK',#6,'Floor:600 BTG',$,$,$,$,'1610916',$,.FLOOR.)
INFO:ImportIFC:Creating object #6256=IfcSlabType('01Icbl$RfFpOj$md1Yy6sU',#6,'Floor:150 BTG',$,$,$,$,'2654119',$,.FLOOR.)
INFO:ImportIFC:Creating object #9717=IfcBuildingElementProxyType('3kbFmF4MH4KfNDRl5Rs4xG',#6,'PSB group:8xPSB-10/160-3/331',$,$,(#9740),(#9716),'2980933',$,.NOTDEFINED.)
INFO:ImportIFC:Creating object #3874=IfcSlabType('1JGRULYwvA9ez$E2wjdWMq',#6,'Floor:Concrete - Cast-in-Place - 150',$,$,$,$,'493406',$,.FLOOR.)
INFO:ImportIFC:Creating object #2402=IfcSlabType('1cHwC47F18mB_F9n9W$INT',#6,'Floor:250 BTG',$,$,$,$,'1790302',$,.FLOOR.)
INFO:ImportIFC:Creating object #560=IfcSlabType('1GpqQWs8X3MvNQ69_aP1Wv',#6,'Floor:650 BTG',$,$,$,$,'2909005',$,.FLOOR.)
INFO:ImportIFC:Creating object #6037=IfcWallType('1Qm8M6QFL9gBqZjv03DQXf',#6,'Basic Wall:Concrete - Cast-in-Place - 300',$,$,$,$,'1988137',$,.STANDARD.)
INFO:ImportIFC:Import finished in 1.51 seconds
DEBUG:git.util:sys.platform='linux', git_executable='git'
DEBUG:git.util:sys.platform='linux', git_executable='git'
INFO:ImportIFC:Starting import
INFO:ImportIFC:loading file /home/diana/BIM/releases/upstream-0.9.0/smoketest/K15-copy.ifc
INFO:ImportIFC:Creating object #18=IfcProject('2rE1cFQurCf8n7WoYumwsv',#6,'10108',$,$,'RACKARBERGET TORGET','STATUS',(#13),#10728)
INFO:ImportIFC:Creating object #559=IfcSlab('22Qf$m7qHD0hM1fd6LNihv',#6,'Floor:650 BTG:1607881',$,$,#548,#558,'1607881',.FLOOR.)
INFO:ImportIFC:Creating object #596=IfcSlab('22Qf$m7qHD0hM1fd6LNikJ',#6,'RR pile with Pressure Plate:RD140/10:1608099',$,$,#573,#595,'1608099',.BASESLAB.)
INFO:ImportIFC:Creating object #651=IfcSlab('22Qf$m7qHD0hM1fd6LNimQ',#6,'Floor:650 BTG:1609258',$,$,#640,#650,'1609258',.FLOOR.)
INFO:ImportIFC:Creating object #631=IfcSlab('22Qf$m7qHD0hM1fd6LNibA',#6,'RR pile with Pressure Plate:RD140/10:1608570',$,$,#612,#630,'1608570',.BASESLAB.)
INFO:ImportIFC:Creating object #680=IfcSlab('22Qf$m7qHD0hM1fd6LNim0',#6,'RR pile with Pressure Plate:RD140/10:1609264',$,$,#661,#679,'1609264',.BASESLAB.)
INFO:ImportIFC:Creating object #286=IfcSlab('22Qf$m7qHD0hM1fd6LNiT3',#6,'Floor:600 BTG:1607027',$,$,#59,#285,'1607027',.FLOOR.)
INFO:ImportIFC:Creating object #708=IfcSlab('22Qf$m7qHD0hM1fd6LNim1',#6,'RR pile with Pressure Plate:RD140/10:1609265',$,$,#689,#707,'1609265',.BASESLAB.)
INFO:ImportIFC:Creating object #728=IfcSlab('22Qf$m7qHD0hM1fd6LNinA',#6,'Floor:650 BTG:1609338',$,$,#717,#727,'1609338',.FLOOR.)
INFO:ImportIFC:Creating object #805=IfcSlab('22Qf$m7qHD0hM1fd6LNioX',#6,'Floor:650 BTG:1609361',$,$,#794,#804,'1609361',.FLOOR.)
INFO:ImportIFC:Creating object #757=IfcSlab('22Qf$m7qHD0hM1fd6LNiom',#6,'RR pile with Pressure Plate:RD140/10:1609344',$,$,#738,#756,'1609344',.BASESLAB.)
INFO:ImportIFC:Creating object #785=IfcSlab('22Qf$m7qHD0hM1fd6LNion',#6,'RR pile with Pressure Plate:RD140/10:1609345',$,$,#766,#784,'1609345',.BASESLAB.)
INFO:ImportIFC:Creating object #882=IfcSlab('22Qf$m7qHD0hM1fd6LNipl',#6,'Floor:650 BTG:1609439',$,$,#871,#881,'1609439',.FLOOR.)
INFO:ImportIFC:Creating object #862=IfcSlab('22Qf$m7qHD0hM1fd6LNioe',#6,'RR pile with Pressure Plate:RD140/10:1609368',$,$,#843,#861,'1609368',.BASESLAB.)
INFO:ImportIFC:Creating object #834=IfcSlab('22Qf$m7qHD0hM1fd6LNiod',#6,'RR pile with Pressure Plate:RD140/10:1609367',$,$,#815,#833,'1609367',.BASESLAB.)
INFO:ImportIFC:Creating object #911=IfcSlab('22Qf$m7qHD0hM1fd6LNipL',#6,'RR pile with Pressure Plate:RD140/10:1609445',$,$,#892,#910,'1609445',.BASESLAB.)
INFO:ImportIFC:Creating object #959=IfcSlab('22Qf$m7qHD0hM1fd6LNiqN',#6,'Floor:650 BTG:1609511',$,$,#948,#958,'1609511',.FLOOR.)
INFO:ImportIFC:Creating object #939=IfcSlab('22Qf$m7qHD0hM1fd6LNipM',#6,'RR pile with Pressure Plate:RD140/10:1609446',$,$,#920,#938,'1609446',.BASESLAB.)
INFO:ImportIFC:Creating object #1036=IfcSlab('22Qf$m7qHD0hM1fd6LNisv',#6,'Floor:650 BTG:1609609',$,$,#1025,#1035,'1609609',.FLOOR.)
INFO:ImportIFC:Creating object #988=IfcSlab('22Qf$m7qHD0hM1fd6LNiqT',#6,'RR pile with Pressure Plate:RD140/10:1609517',$,$,#969,#987,'1609517',.BASESLAB.)
INFO:ImportIFC:Creating object #1065=IfcSlab('22Qf$m7qHD0hM1fd6LNis$',#6,'RR pile with Pressure Plate:RD140/10:1609615',$,$,#1046,#1064,'1609615',.BASESLAB.)
INFO:ImportIFC:Creating object #1113=IfcSlab('22Qf$m7qHD0hM1fd6LNisk',#6,'Floor:650 BTG:1609630',$,$,#1102,#1112,'1609630',.FLOOR.)
INFO:ImportIFC:Creating object #1016=IfcSlab('22Qf$m7qHD0hM1fd6LNiqU',#6,'RR pile with Pressure Plate:RD140/10:1609518',$,$,#997,#1015,'1609518',.BASESLAB.)
INFO:ImportIFC:Creating object #1142=IfcSlab('22Qf$m7qHD0hM1fd6LNisK',#6,'RR pile with Pressure Plate:RD140/10:1609636',$,$,#1123,#1141,'1609636',.BASESLAB.)
INFO:ImportIFC:Creating object #1093=IfcSlab('22Qf$m7qHD0hM1fd6LNisW',#6,'RR pile with Pressure Plate:RD140/10:1609616',$,$,#1074,#1092,'1609616',.BASESLAB.)
INFO:ImportIFC:Creating object #1170=IfcSlab('22Qf$m7qHD0hM1fd6LNisL',#6,'RR pile with Pressure Plate:RD140/10:1609637',$,$,#1151,#1169,'1609637',.BASESLAB.)
INFO:ImportIFC:Creating object #1190=IfcSlab('22Qf$m7qHD0hM1fd6LNis5',#6,'Floor:650 BTG:1609653',$,$,#1179,#1189,'1609653',.FLOOR.)
INFO:ImportIFC:Creating object #1267=IfcSlab('22Qf$m7qHD0hM1fd6LNit_',#6,'Floor:650 BTG:1609678',$,$,#1256,#1266,'1609678',.FLOOR.)
INFO:ImportIFC:Creating object #1296=IfcSlab('22Qf$m7qHD0hM1fd6LNita',#6,'RR pile with Pressure Plate:RD140/10:1609684',$,$,#1277,#1295,'1609684',.BASESLAB.)
INFO:ImportIFC:Creating object #1219=IfcSlab('22Qf$m7qHD0hM1fd6LNisB',#6,'RR pile with Pressure Plate:RD140/10:1609659',$,$,#1200,#1218,'1609659',.BASESLAB.)
INFO:ImportIFC:Creating object #1344=IfcSlab('22Qf$m7qHD0hM1fd6LNitP',#6,'Floor:650 BTG:1609705',$,$,#1333,#1343,'1609705',.FLOOR.)
INFO:ImportIFC:Creating object #1247=IfcSlab('22Qf$m7qHD0hM1fd6LNisC',#6,'RR pile with Pressure Plate:RD140/10:1609660',$,$,#1228,#1246,'1609660',.BASESLAB.)
INFO:ImportIFC:Creating object #1324=IfcSlab('22Qf$m7qHD0hM1fd6LNitb',#6,'RR pile with Pressure Plate:RD140/10:1609685',$,$,#1305,#1323,'1609685',.BASESLAB.)
INFO:ImportIFC:Creating object #1421=IfcSlab('22Qf$m7qHD0hM1fd6LNitE',#6,'Floor:650 BTG:1609726',$,$,#1410,#1420,'1609726',.FLOOR.)
INFO:ImportIFC:Creating object #1373=IfcSlab('22Qf$m7qHD0hM1fd6LNitV',#6,'RR pile with Pressure Plate:RD140/10:1609711',$,$,#1354,#1372,'1609711',.BASESLAB.)
INFO:ImportIFC:Creating object #1401=IfcSlab('22Qf$m7qHD0hM1fd6LNit0',#6,'RR pile with Pressure Plate:RD140/10:1609712',$,$,#1382,#1400,'1609712',.BASESLAB.)
INFO:ImportIFC:Creating object #1498=IfcSlab('22Qf$m7qHD0hM1fd6LNj8b',#6,'Floor:650 BTG:1609749',$,$,#1487,#1497,'1609749',.FLOOR.)
INFO:ImportIFC:Creating object #1450=IfcSlab('22Qf$m7qHD0hM1fd6LNj8q',#6,'RR pile with Pressure Plate:RD140/10:1609732',$,$,#1431,#1449,'1609732',.BASESLAB.)
INFO:ImportIFC:Creating object #1478=IfcSlab('22Qf$m7qHD0hM1fd6LNj8r',#6,'RR pile with Pressure Plate:RD140/10:1609733',$,$,#1459,#1477,'1609733',.BASESLAB.)
INFO:ImportIFC:Creating object #1575=IfcSlab('22Qf$m7qHD0hM1fd6LNj8U',#6,'Floor:650 BTG:1609774',$,$,#1564,#1574,'1609774',.FLOOR.)
INFO:ImportIFC:Creating object #1527=IfcSlab('22Qf$m7qHD0hM1fd6LNj8h',#6,'RR pile with Pressure Plate:RD140/10:1609755',$,$,#1508,#1526,'1609755',.BASESLAB.)
INFO:ImportIFC:Creating object #1555=IfcSlab('22Qf$m7qHD0hM1fd6LNj8i',#6,'RR pile with Pressure Plate:RD140/10:1609756',$,$,#1536,#1554,'1609756',.BASESLAB.)
INFO:ImportIFC:Creating object #1604=IfcSlab('22Qf$m7qHD0hM1fd6LNj84',#6,'RR pile with Pressure Plate:RD140/10:1609780',$,$,#1585,#1603,'1609780',.BASESLAB.)
INFO:ImportIFC:Creating object #1652=IfcSlab('22Qf$m7qHD0hM1fd6LNj9p',#6,'Floor:650 BTG:1609795',$,$,#1641,#1651,'1609795',.FLOOR.)
INFO:ImportIFC:Creating object #1632=IfcSlab('22Qf$m7qHD0hM1fd6LNj85',#6,'RR pile with Pressure Plate:RD140/10:1609781',$,$,#1613,#1631,'1609781',.BASESLAB.)
INFO:ImportIFC:Creating object #1681=IfcSlab('22Qf$m7qHD0hM1fd6LNj9v',#6,'RR pile with Pressure Plate:RD140/10:1609801',$,$,#1662,#1680,'1609801',.BASESLAB.)
INFO:ImportIFC:Creating object #1729=IfcSlab('22Qf$m7qHD0hM1fd6LNjFa',#6,'Floor:650 BTG:1610196',$,$,#1718,#1728,'1610196',.FLOOR.)
INFO:ImportIFC:Creating object #1709=IfcSlab('22Qf$m7qHD0hM1fd6LNj9w',#6,'RR pile with Pressure Plate:RD140/10:1609802',$,$,#1690,#1708,'1609802',.BASESLAB.)
INFO:ImportIFC:Creating object #1758=IfcSlab('22Qf$m7qHD0hM1fd6LNjFg',#6,'RR pile with Pressure Plate:RD140/10:1610202',$,$,#1739,#1757,'1610202',.BASESLAB.)
INFO:ImportIFC:Creating object #1806=IfcSlab('22Qf$m7qHD0hM1fd6LNjPr',#6,'Floor:650 BTG:1610821',$,$,#1795,#1805,'1610821',.FLOOR.)
INFO:ImportIFC:Creating object #1786=IfcSlab('22Qf$m7qHD0hM1fd6LNjFh',#6,'RR pile with Pressure Plate:RD140/10:1610203',$,$,#1767,#1785,'1610203',.BASESLAB.)
INFO:ImportIFC:Creating object #1883=IfcSlab('22Qf$m7qHD0hM1fd6LNje8',#6,'Floor:650 BTG:1611832',$,$,#1872,#1882,'1611832',.FLOOR.)
INFO:ImportIFC:Creating object #1863=IfcSlab('22Qf$m7qHD0hM1fd6LNjPy',#6,'RR pile with Pressure Plate:RD140/10:1610828',$,$,#1844,#1862,'1610828',.BASESLAB.)
INFO:ImportIFC:Creating object #1835=IfcSlab('22Qf$m7qHD0hM1fd6LNjPx',#6,'RR pile with Pressure Plate:RD140/10:1610827',$,$,#1816,#1834,'1610827',.BASESLAB.)
INFO:ImportIFC:Creating object #1912=IfcSlab('22Qf$m7qHD0hM1fd6LNjeE',#6,'RR pile with Pressure Plate:RD140/10:1611838',$,$,#1893,#1911,'1611838',.BASESLAB.)
INFO:ImportIFC:Creating object #1960=IfcSlab('1MtA$wfTnE89QqC8Eo6JWM',#6,'Floor:650 BTG:1612922',$,$,#1949,#1959,'1612922',.FLOOR.)
INFO:ImportIFC:Creating object #1940=IfcSlab('22Qf$m7qHD0hM1fd6LNjeF',#6,'RR pile with Pressure Plate:RD140/10:1611839',$,$,#1921,#1939,'1611839',.BASESLAB.)
INFO:ImportIFC:Creating object #1989=IfcSlab('1MtA$wfTnE89QqC8Eo6JZi',#6,'RR pile with Pressure Plate:RD140/10:1612928',$,$,#1970,#1988,'1612928',.BASESLAB.)
INFO:ImportIFC:Creating object #2037=IfcSlab('1MtA$wfTnE89QqC8Eo6Jb_',#6,'Floor:650 BTG:1613074',$,$,#2026,#2036,'1613074',.FLOOR.)
INFO:ImportIFC:Creating object #2017=IfcSlab('1MtA$wfTnE89QqC8Eo6JZj',#6,'RR pile with Pressure Plate:RD140/10:1612929',$,$,#1998,#2016,'1612929',.BASESLAB.)
INFO:ImportIFC:Creating object #2066=IfcSlab('1MtA$wfTnE89QqC8Eo6Jbq',#6,'RR pile with Pressure Plate:RD140/10:1613080',$,$,#2047,#2065,'1613080',.BASESLAB.)
INFO:ImportIFC:Creating object #2114=IfcSlab('1MtA$wfTnE89QqC8Eo6Jdm',#6,'Floor:650 BTG:1613212',$,$,#2103,#2113,'1613212',.FLOOR.)
INFO:ImportIFC:Creating object #2094=IfcSlab('1MtA$wfTnE89QqC8Eo6Jbr',#6,'RR pile with Pressure Plate:RD140/10:1613081',$,$,#2075,#2093,'1613081',.BASESLAB.)
INFO:ImportIFC:Creating object #2191=IfcSlab('1MtA$wfTnE89QqC8Eo6JdV',#6,'Floor:650 BTG:1613235',$,$,#2180,#2190,'1613235',.FLOOR.)
INFO:ImportIFC:Creating object #2171=IfcSlab('1MtA$wfTnE89QqC8Eo6JdF',#6,'RR pile with Pressure Plate:RD140/10:1613219',$,$,#2152,#2170,'1613219',.BASESLAB.)
INFO:ImportIFC:Creating object #2143=IfcSlab('1MtA$wfTnE89QqC8Eo6JdE',#6,'RR pile with Pressure Plate:RD140/10:1613218',$,$,#2124,#2142,'1613218',.BASESLAB.)
INFO:ImportIFC:Creating object #2220=IfcSlab('1MtA$wfTnE89QqC8Eo6JdL',#6,'RR pile with Pressure Plate:RD140/10:1613241',$,$,#2201,#2219,'1613241',.BASESLAB.)
INFO:ImportIFC:Creating object #2348=IfcSlab('2TpkYqaPTCqhVRlCXguJqL',#6,'Floor:500 BTG:1623642',$,$,#2330,#2347,'1623642',.FLOOR.)
INFO:ImportIFC:Creating object #2316=IfcWall('0vnaqzM3X1993q3wmO1SFC',#6,'Basic Wall:Concrete - Cast-in-Place - 412:1618544',$,$,#2259,#2264,'1618544')
INFO:ImportIFC:Creating object #2248=IfcSlab('1MtA$wfTnE89QqC8Eo6JdM',#6,'RR pile with Pressure Plate:RD140/10:1613242',$,$,#2229,#2247,'1613242',.BASESLAB.)
INFO:ImportIFC:Creating object #2401=IfcSlab('3U976yoxP4kAVQbLmq$_ql',#6,'Floor:250 BTG:1624432',$,$,#2390,#2400,'1624432',.FLOOR.)
INFO:ImportIFC:Creating object #2377=IfcWallStandardCase('3U976yoxP4kAVQbLmq$_qo',#6,'Basic Wall:Concrete - Cast-in-Place - 200:1624429',$,$,#2364,#2368,'1624429')
INFO:ImportIFC:Creating object #2453=IfcWallStandardCase('3U976yoxP4kAVQbLmq$_qe',#6,'Basic Wall:Concrete - Cast-in-Place - 200:1624439',$,$,#2441,#2445,'1624439')
INFO:ImportIFC:Creating object #2429=IfcWallStandardCase('3U976yoxP4kAVQbLmq$_qf',#6,'Basic Wall:Concrete - Cast-in-Place - 200:1624438',$,$,#2417,#2421,'1624438')
INFO:ImportIFC:Creating object #2477=IfcWallStandardCase('3U976yoxP4kAVQbLmq$_tB',#6,'Basic Wall:Concrete - Cast-in-Place - 200:1624468',$,$,#2465,#2469,'1624468')
INFO:ImportIFC:Creating object #2498=IfcSlab('0F9t5p45X9Vf$Klq95QZJD',#6,'Floor:550 BTG:1626885',$,$,#2487,#2497,'1626885',.FLOOR.)
INFO:ImportIFC:Creating object #2551=IfcSlab('3IXkosVlr2wuA56b_H17D4',#6,'Floor:650 BTG:1628477',$,$,#2540,#2550,'1628477',.FLOOR.)
INFO:ImportIFC:Creating object #2531=IfcSlab('0F9t5p45X9Vf$Klq95QZBK',#6,'RR pile with Pressure Plate:RD140/10:1627420',$,$,#2512,#2530,'1627420',.BASESLAB.)
INFO:ImportIFC:Creating object #2628=IfcSlab('3IXkosVlr2wuA56b_H17Cn',#6,'Floor:650 BTG:1628488',$,$,#2617,#2627,'1628488',.FLOOR.)
INFO:ImportIFC:Creating object #2580=IfcSlab('3IXkosVlr2wuA56b_H17Cw',#6,'RR pile with Pressure Plate:RD140/10:1628483',$,$,#2561,#2579,'1628483',.BASESLAB.)
INFO:ImportIFC:Creating object #2608=IfcSlab('3IXkosVlr2wuA56b_H17Cz',#6,'RR pile with Pressure Plate:RD140/10:1628484',$,$,#2589,#2607,'1628484',.BASESLAB.)
INFO:ImportIFC:Creating object #2705=IfcSlab('3IXkosVlr2wuA56b_H17CD',#6,'Floor:650 BTG:1628532',$,$,#2694,#2704,'1628532',.FLOOR.)
INFO:ImportIFC:Creating object #2657=IfcSlab('3IXkosVlr2wuA56b_H17Ct',#6,'RR pile with Pressure Plate:RD140/10:1628494',$,$,#2638,#2656,'1628494',.BASESLAB.)
INFO:ImportIFC:Creating object #2685=IfcSlab('3IXkosVlr2wuA56b_H17Cs',#6,'RR pile with Pressure Plate:RD140/10:1628495',$,$,#2666,#2684,'1628495',.BASESLAB.)
INFO:ImportIFC:Creating object #2782=IfcSlab('3IXkosVlr2wuA56b_H17Fi',#6,'Floor:650 BTG:1628565',$,$,#2771,#2781,'1628565',.FLOOR.)
INFO:ImportIFC:Creating object #2762=IfcSlab('3IXkosVlr2wuA56b_H17C2',#6,'RR pile with Pressure Plate:RD140/10:1628539',$,$,#2743,#2761,'1628539',.BASESLAB.)
INFO:ImportIFC:Creating object #2734=IfcSlab('3IXkosVlr2wuA56b_H17C3',#6,'RR pile with Pressure Plate:RD140/10:1628538',$,$,#2715,#2733,'1628538',.BASESLAB.)
INFO:ImportIFC:Creating object #2859=IfcSlab('3IXkosVlr2wuA56b_H17FP',#6,'Floor:650 BTG:1628576',$,$,#2848,#2858,'1628576',.FLOOR.)
INFO:ImportIFC:Creating object #2811=IfcSlab('3IXkosVlr2wuA56b_H17FY',#6,'RR pile with Pressure Plate:RD140/10:1628571',$,$,#2792,#2810,'1628571',.BASESLAB.)
INFO:ImportIFC:Creating object #2916=IfcSlab('3IXkosVlr2wuA56b_H17FU',#6,'RR pile with Pressure Plate:RD140/10:1628583',$,$,#2897,#2915,'1628583',.BASESLAB.)
INFO:ImportIFC:Creating object #2839=IfcSlab('3IXkosVlr2wuA56b_H17Fb',#6,'RR pile with Pressure Plate:RD140/10:1628572',$,$,#2820,#2838,'1628572',.BASESLAB.)
INFO:ImportIFC:Creating object #2888=IfcSlab('3IXkosVlr2wuA56b_H17FV',#6,'RR pile with Pressure Plate:RD140/10:1628582',$,$,#2869,#2887,'1628582',.BASESLAB.)
INFO:ImportIFC:Creating object #2936=IfcSlab('3IXkosVlr2wuA56b_H17FI',#6,'Floor:650 BTG:1628587',$,$,#2925,#2935,'1628587',.FLOOR.)
INFO:ImportIFC:Creating object #2993=IfcSlab('3IXkosVlr2wuA56b_H17FB',#6,'RR pile with Pressure Plate:RD140/10:1628594',$,$,#2974,#2992,'1628594',.BASESLAB.)
INFO:ImportIFC:Creating object #3013=IfcSlab('3IXkosVlr2wuA56b_H17Eu',#6,'Floor:650 BTG:1628609',$,$,#3002,#3012,'1628609',.FLOOR.)
INFO:ImportIFC:Creating object #2965=IfcSlab('3IXkosVlr2wuA56b_H17F8',#6,'RR pile with Pressure Plate:RD140/10:1628593',$,$,#2946,#2964,'1628593',.BASESLAB.)
INFO:ImportIFC:Creating object #3090=IfcSlab('3IXkosVlr2wuA56b_H17Er',#6,'Floor:650 BTG:1628620',$,$,#3079,#3089,'1628620',.FLOOR.)
INFO:ImportIFC:Creating object #3042=IfcSlab('3IXkosVlr2wuA56b_H17E_',#6,'RR pile with Pressure Plate:RD140/10:1628615',$,$,#3023,#3041,'1628615',.BASESLAB.)
INFO:ImportIFC:Creating object #3119=IfcSlab('3IXkosVlr2wuA56b_H17Eh',#6,'RR pile with Pressure Plate:RD140/10:1628626',$,$,#3100,#3118,'1628626',.BASESLAB.)
INFO:ImportIFC:Creating object #3167=IfcSlab('3IXkosVlr2wuA56b_H170I',#6,'Floor:550 BTG:1628779',$,$,#3156,#3166,'1628779',.FLOOR.)
INFO:ImportIFC:Creating object #3147=IfcSlab('3IXkosVlr2wuA56b_H17Eg',#6,'RR pile with Pressure Plate:RD140/10:1628627',$,$,#3128,#3146,'1628627',.BASESLAB.)
INFO:ImportIFC:Creating object #3216=IfcSlab('3IXkosVlr2wuA56b_H1706',#6,'Floor:550 BTG:1628799',$,$,#3205,#3215,'1628799',.FLOOR.)
INFO:ImportIFC:Creating object #3196=IfcSlab('3IXkosVlr2wuA56b_H1708',#6,'RR pile with Pressure Plate:RD140/10:1628785',$,$,#3177,#3195,'1628785',.BASESLAB.)
INFO:ImportIFC:Creating object #3265=IfcSlab('3IXkosVlr2wuA56b_H173g',#6,'Floor:550 BTG:1628819',$,$,#3254,#3264,'1628819',.FLOOR.)
INFO:ImportIFC:Creating object #3245=IfcSlab('3IXkosVlr2wuA56b_H173y',#6,'RR pile with Pressure Plate:RD140/10:1628805',$,$,#3226,#3244,'1628805',.BASESLAB.)
INFO:ImportIFC:Creating object #3294=IfcSlab('3IXkosVlr2wuA56b_H173W',#6,'RR pile with Pressure Plate:RD140/10:1628825',$,$,#3275,#3293,'1628825',.BASESLAB.)
INFO:ImportIFC:Creating object #3314=IfcSlab('3IXkosVlr2wuA56b_H172I',#6,'Floor:550 BTG:1628907',$,$,#3303,#3313,'1628907',.FLOOR.)
INFO:ImportIFC:Creating object #3363=IfcSlab('25R6qIJ7HCRAqxNnHbcXCo',#6,'Floor:650 BTG:1629005',$,$,#3352,#3362,'1629005',.FLOOR.)
INFO:ImportIFC:Creating object #3343=IfcSlab('3IXkosVlr2wuA56b_H1728',#6,'RR pile with Pressure Plate:RD140/10:1628913',$,$,#3324,#3342,'1628913',.BASESLAB.)
INFO:ImportIFC:Creating object #3070=IfcSlab('3IXkosVlr2wuA56b_H17En',#6,'RR pile with Pressure Plate:RD140/10:1628616',$,$,#3051,#3069,'1628616',.BASESLAB.)
INFO:ImportIFC:Creating object #3450=IfcSlab('309$ipA4H7Nec9AVcxMgFV',#6,'RR pile with Pressure Plate:RD140/10:1632081',$,$,#3429,#3449,'1632081',.BASESLAB.)
INFO:ImportIFC:Creating object #3392=IfcSlab('25R6qIJ7HCRAqxNnHbcXCi',#6,'RR pile with Pressure Plate:RD140/10:1629011',$,$,#3373,#3391,'1629011',.BASESLAB.)
INFO:ImportIFC:Creating object #3420=IfcSlab('25R6qIJ7HCRAqxNnHbcXCh',#6,'RR pile with Pressure Plate:RD140/10:1629012',$,$,#3401,#3419,'1629012',.BASESLAB.)
INFO:ImportIFC:Creating object #3479=IfcSlab('1QPOUNVTb3XwCFwF4fpr4h',#6,'RR pile with Pressure Plate:RD140/10:1637161',$,$,#3460,#3478,'1637161',.BASESLAB.)
INFO:ImportIFC:Creating object #3535=IfcSlab('1QPOUNVTb3XwCFwF4fprSD',#6,'RR pile with Pressure Plate:RD140/10:1637647',$,$,#3516,#3534,'1637647',.BASESLAB.)
INFO:ImportIFC:Creating object #3507=IfcSlab('1QPOUNVTb3XwCFwF4fprQO',#6,'RR pile with Pressure Plate:RD140/10:1637530',$,$,#3488,#3506,'1637530',.BASESLAB.)
INFO:ImportIFC:Creating object #3592=IfcSlab('0lEd2Iu$94IQY13zZOhXm5',#6,'Floor:500 BTG:1638230',$,$,#3572,#3591,'1638230',.FLOOR.)
INFO:ImportIFC:Creating object #3563=IfcSlab('1QPOUNVTb3XwCFwF4fprUy',#6,'RR pile with Pressure Plate:RD140/10:1637822',$,$,#3544,#3562,'1637822',.BASESLAB.)
INFO:ImportIFC:Creating object #3652=IfcSlab('0z95fqNuj3bx7HTx6Xs6Mt',#6,'RR pile with Pressure Plate:RD140/10:1642499',$,$,#3633,#3651,'1642499',.BASESLAB.)
INFO:ImportIFC:Creating object #3623=IfcSlab('0z95fqNuj3bx7HTx6Xs7iP',#6,'RR pile with Pressure Plate:RD140/10:1642157',$,$,#3602,#3622,'1642157',.BASESLAB.)
INFO:ImportIFC:Creating object #3682=IfcSlab('0z95fqNuj3bx7HTx6Xs6LG',#6,'RR pile with Pressure Plate:RD140/10:1642724',$,$,#3661,#3681,'1642724',.BASESLAB.)
INFO:ImportIFC:Creating object #3738=IfcSlab('0z95fqNuj3bx7HTx6Xs6Uu',#6,'RR pile with Pressure Plate:RD140/10:1643020',$,$,#3719,#3737,'1643020',.BASESLAB.)
INFO:ImportIFC:Creating object #3710=IfcSlab('0z95fqNuj3bx7HTx6Xs6JE',#6,'RR pile with Pressure Plate:RD140/10:1642874',$,$,#3691,#3709,'1642874',.BASESLAB.)
INFO:ImportIFC:Creating object #3766=IfcSlab('0z95fqNuj3bx7HTx6Xs6Sy',#6,'RR pile with Pressure Plate:RD140/10:1643144',$,$,#3747,#3765,'1643144',.BASESLAB.)
INFO:ImportIFC:Creating object #3848=IfcSlab('0elcjjBqT2WuSfhpvTmG$O',#6,'Floor:500 BTG:1660715',$,$,#3803,#3847,'1660715',.FLOOR.)
INFO:ImportIFC:Creating object #3873=IfcSlab('0elcjjBqT2WuSfhpvTmG7h',#6,'Floor:Concrete - Cast-in-Place - 150:1661208',$,$,#3857,#3872,'1661208',.FLOOR.)
INFO:ImportIFC:Creating object #3794=IfcSlab('1pYdUfaX9FtQcqpUiHo8RL',#6,'RR pile with Pressure Plate:RD140/10:1654809',$,$,#3775,#3793,'1654809',.BASESLAB.)
INFO:ImportIFC:Creating object #3925=IfcWallStandardCase('0Dl2Km$jXE1hKGR8r6jn0n',#6,'Basic Wall:Concrete - Cast-in-Place - 200:1667206',$,$,#3913,#3917,'1667206')
INFO:ImportIFC:Creating object #3949=IfcWallStandardCase('0Dl2Km$jXE1hKGR8r6jn0m',#6,'Basic Wall:Concrete - Cast-in-Place - 200:1667207',$,$,#3937,#3941,'1667207')
INFO:ImportIFC:Creating object #3901=IfcWallStandardCase('0Dl2Km$jXE1hKGR8r6jn0o',#6,'Basic Wall:Concrete - Cast-in-Place - 200:1667205',$,$,#3889,#3893,'1667205')
INFO:ImportIFC:Creating object #3973=IfcWallStandardCase('0Dl2Km$jXE1hKGR8r6jn0$',#6,'Basic Wall:Concrete - Cast-in-Place - 200:1667208',$,$,#3961,#3965,'1667208')
INFO:ImportIFC:Creating object #4021=IfcWallStandardCase('0Dl2Km$jXE1hKGR8r6jn0Z',#6,'Basic Wall:Concrete - Cast-in-Place - 200:1667220',$,$,#4009,#4013,'1667220')
INFO:ImportIFC:Creating object #3997=IfcWallStandardCase('0Dl2Km$jXE1hKGR8r6jn0a',#6,'Basic Wall:Concrete - Cast-in-Place - 200:1667219',$,$,#3985,#3989,'1667219')
INFO:ImportIFC:Creating object #4045=IfcWallStandardCase('0Dl2Km$jXE1hKGR8r6jn0Y',#6,'Basic Wall:Concrete - Cast-in-Place - 200:1667221',$,$,#4033,#4037,'1667221')
INFO:ImportIFC:Creating object #4106=IfcWallStandardCase('0Dl2Km$jXE1hKGR8r6jn0Q',#6,'Basic Wall:Concrete - Cast-in-Place - 200:1667245',$,$,#4094,#4098,'1667245')
INFO:ImportIFC:Creating object #4082=IfcSlab('0Dl2Km$jXE1hKGR8r6jn0l',#6,'Floor:Concrete - Cast-in-Place - 200:1667224',$,$,#4055,#4081,'1667224',.FLOOR.)
INFO:ImportIFC:Creating object #4130=IfcWallStandardCase('0Dl2Km$jXE1hKGR8r6jnCC',#6,'Basic Wall:Concrete - Cast-in-Place - 200:1668027',$,$,#4118,#4122,'1668027')
INFO:ImportIFC:Creating object #4178=IfcWallStandardCase('0Dl2Km$jXE1hKGR8r6jnTM',#6,'Basic Wall:Concrete - Cast-in-Place - 200:1669089',$,$,#4166,#4170,'1669089')
INFO:ImportIFC:Creating object #4154=IfcWallStandardCase('0Dl2Km$jXE1hKGR8r6jnQa',#6,'Basic Wall:Concrete - Cast-in-Place - 200:1668627',$,$,#4142,#4146,'1668627')
INFO:ImportIFC:Creating object #4235=IfcSlab('2W9iUIrLP7xQWljilRVf7o',#6,'RR pile with Pressure Plate:RD140/10:1677139',$,$,#4216,#4234,'1677139',.BASESLAB.)
INFO:ImportIFC:Creating object #4263=IfcSlab('2W9iUIrLP7xQWljilRVfwS',#6,'RR pile with Pressure Plate:RD140/10:1677373',$,$,#4244,#4262,'1677373',.BASESLAB.)
INFO:ImportIFC:Creating object #4348=IfcWallStandardCase('2G336sV9rCvAEY_NVepGuz',#6,'Basic Wall:Concrete - Cast-in-Place - 200:1687963',$,$,#4336,#4340,'1687963')
INFO:ImportIFC:Creating object #4207=IfcSlab('2W9iUIrLP7xQWljilRVfAP',#6,'RR pile with Pressure Plate:RD140/10:1676344',$,$,#4188,#4206,'1676344',.BASESLAB.)
INFO:ImportIFC:Creating object #4372=IfcWallStandardCase('2G336sV9rCvAEY_NVepGv3',#6,'Basic Wall:Concrete - Cast-in-Place - 200:1688037',$,$,#4360,#4364,'1688037')
INFO:ImportIFC:Creating object #4502=IfcWallStandardCase('3E_iZLL3H2vvVGDBOlHiMF',#6,'Basic Wall:Concrete - Cast-in-Place - 200:1689305',$,$,#4490,#4494,'1689305')
INFO:ImportIFC:Creating object #4580=IfcSlab('3E_iZLL3H2vvVGDBOlHiMZ',#6,'Floor:265 BTG:1689333',$,$,#4512,#4579,'1689333',.FLOOR.)
INFO:ImportIFC:Creating object #4475=IfcSlab('3E_iZLL3H2vvVGDBOlHi1S',#6,'Floor:265 BTG:1688330',$,$,#4382,#4474,'1688330',.FLOOR.)
INFO:ImportIFC:Creating object #4603=IfcSlab('3E_iZLL3H2vvVGDBOlHikr',#6,'Floor:265 BTG:1689827',$,$,#4589,#4602,'1689827',.FLOOR.)
INFO:ImportIFC:Creating object #4627=IfcSlab('3E_iZLL3H2vvVGDBOlHi$7',#6,'Floor:200 BTG:1690769',$,$,#4613,#4626,'1690769',.FLOOR.)
INFO:ImportIFC:Creating object #4660=IfcWallStandardCase('1Bln_veFj7puNDSsr8lEvN',#6,'Basic Wall:Concrete - Cast-in-Place - 200:1693045',$,$,#4643,#4647,'1693045')
INFO:ImportIFC:Creating object #4688=IfcWallStandardCase('1Bln_veFj7puNDSsr8lEvP',#6,'Basic Wall:Concrete - Cast-in-Place - 200:1693051',$,$,#4672,#4676,'1693051')
INFO:ImportIFC:Creating object #4716=IfcWallStandardCase('1Bln_veFj7puNDSsr8lEwW',#6,'Basic Wall:Concrete - Cast-in-Place - 200:1693058',$,$,#4700,#4704,'1693058')
INFO:ImportIFC:Creating object #4792=IfcSlab('1Bln_veFj7puNDSsr8lEts',#6,'Floor:200 BTG:1693396',$,$,#4778,#4791,'1693396',.FLOOR.)
INFO:ImportIFC:Creating object #4816=IfcSlab('1Bln_veFj7puNDSsr8lEmX',#6,'Floor:265 BTG:1693443',$,$,#4802,#4815,'1693443',.FLOOR.)
INFO:ImportIFC:Creating object #4840=IfcSlab('1Bln_veFj7puNDSsr8lEm6',#6,'Floor:265 BTG:1693476',$,$,#4826,#4839,'1693476',.FLOOR.)
INFO:ImportIFC:Creating object #4864=IfcWallStandardCase('15AI333QL7C918c1wk5uAx',#6,'Basic Wall:Concrete - Cast-in-Place - 200:1802941',$,$,#4852,#4856,'1802941')
INFO:ImportIFC:Creating object #4893=IfcSlab('32M627M150O9dqKzk0$dgu',#6,'RR pile with Pressure Plate:RD140/10:1966131',$,$,#4874,#4892,'1966131',.BASESLAB.)
INFO:ImportIFC:Creating object #4923=IfcSlab('2wsE$64bfAxOtyS9ts4Wo7',#6,'RR pile with Pressure Plate:RD140/10:1980282',$,$,#4902,#4922,'1980282',.BASESLAB.)
INFO:ImportIFC:Creating object #4954=IfcSlab('2wsE$64bfAxOtyS9ts4W5B',#6,'RR pile with Pressure Plate:RD140/10:1981110',$,$,#4933,#4953,'1981110',.BASESLAB.)
INFO:ImportIFC:Creating object #4985=IfcSlab('1Qm8M6QFL9gBqZjv03DRXL',#6,'RR pile with Pressure Plate:RD140/10:1984021',$,$,#4964,#4984,'1984021',.BASESLAB.)
INFO:ImportIFC:Creating object #5016=IfcSlab('0Qtshb6E1EWPi4a9CLXdXj',#6,'RR pile with Pressure Plate:RD140/10:2025338',$,$,#4995,#5015,'2025338',.BASESLAB.)
INFO:ImportIFC:Creating object #5036=IfcSlab('2optMPCh583eJUrYS1XSuw',#6,'Floor:650 BTG:2118550',$,$,#5025,#5035,'2118550',.FLOOR.)
INFO:ImportIFC:Creating object #5065=IfcSlab('2optMPCh583eJUrYS1XSum',#6,'RR pile with Pressure Plate:RD140/10:2118556',$,$,#5046,#5064,'2118556',.BASESLAB.)
INFO:ImportIFC:Creating object #5093=IfcSlab('2optMPCh583eJUrYS1XSun',#6,'RR pile with Pressure Plate:RD140/10:2118557',$,$,#5074,#5092,'2118557',.BASESLAB.)
INFO:ImportIFC:Creating object #5113=IfcSlab('2optMPCh583eJUrYS1XSvM',#6,'Floor:650 BTG:2118650',$,$,#5102,#5112,'2118650',.FLOOR.)
INFO:ImportIFC:Creating object #5142=IfcSlab('2optMPCh583eJUrYS1XSci',#6,'RR pile with Pressure Plate:RD140/10:2118656',$,$,#5123,#5141,'2118656',.BASESLAB.)
INFO:ImportIFC:Creating object #5170=IfcSlab('2optMPCh583eJUrYS1XScj',#6,'RR pile with Pressure Plate:RD140/10:2118657',$,$,#5151,#5169,'2118657',.BASESLAB.)
INFO:ImportIFC:Creating object #4747=IfcWallStandardCase('1Bln_veFj7puNDSsr8lEwg',#6,'Basic Wall:Concrete - Cast-in-Place - 200:1693064',$,$,#4728,#4732,'1693064')
INFO:ImportIFC:Creating object #5190=IfcSlab('2optMPCh583eJUrYS1XSWl',#6,'Floor:650 BTG:2119043',$,$,#5179,#5189,'2119043',.FLOOR.)
INFO:ImportIFC:Creating object #5219=IfcSlab('2optMPCh583eJUrYS1XSWb',#6,'RR pile with Pressure Plate:RD140/10:2119049',$,$,#5200,#5218,'2119049',.BASESLAB.)
INFO:ImportIFC:Creating object #5247=IfcSlab('2optMPCh583eJUrYS1XSWc',#6,'RR pile with Pressure Plate:RD140/10:2119050',$,$,#5228,#5246,'2119050',.BASESLAB.)
INFO:ImportIFC:Creating object #5267=IfcSlab('2optMPCh583eJUrYS1XSX3',#6,'Floor:650 BTG:2119151',$,$,#5256,#5266,'2119151',.FLOOR.)
INFO:ImportIFC:Creating object #5324=IfcSlab('2optMPCh583eJUrYS1XSXQ',#6,'RR pile with Pressure Plate:RD140/10:2119158',$,$,#5305,#5323,'2119158',.BASESLAB.)
INFO:ImportIFC:Creating object #5296=IfcSlab('2optMPCh583eJUrYS1XSXP',#6,'RR pile with Pressure Plate:RD140/10:2119157',$,$,#5277,#5295,'2119157',.BASESLAB.)
INFO:ImportIFC:Creating object #5344=IfcSlab('2optMPCh583eJUrYS1XSi5',#6,'Floor:650 BTG:2119337',$,$,#5333,#5343,'2119337',.FLOOR.)
INFO:ImportIFC:Creating object #5373=IfcSlab('2optMPCh583eJUrYS1XSi3',#6,'RR pile with Pressure Plate:RD140/10:2119343',$,$,#5354,#5372,'2119343',.BASESLAB.)
INFO:ImportIFC:Creating object #5401=IfcSlab('2optMPCh583eJUrYS1XSiS',#6,'RR pile with Pressure Plate:RD140/10:2119344',$,$,#5382,#5400,'2119344',.BASESLAB.)
INFO:ImportIFC:Creating object #5431=IfcSlab('0XSQ7nlrv2SOLJnqA$n6UU',#6,'RR pile with Pressure Plate:RD140/10:2263637',$,$,#5410,#5430,'2263637',.BASESLAB.)
INFO:ImportIFC:Creating object #5526=IfcSlab('3rxOTX6O16R8Y381PrfeAB',#6,'Floor:650 BTG:2611757',$,$,#5515,#5525,'2611757',.FLOOR.)
INFO:ImportIFC:Creating object #5555=IfcSlab('3rxOTX6O16R8Y381PrfeAL',#6,'RR pile with Pressure Plate:RD140/10:2611763',$,$,#5536,#5554,'2611763',.BASESLAB.)
INFO:ImportIFC:Creating object #5583=IfcSlab('3rxOTX6O16R8Y381PrfeAI',#6,'RR pile with Pressure Plate:RD140/10:2611764',$,$,#5564,#5582,'2611764',.BASESLAB.)
INFO:ImportIFC:Creating object #5603=IfcSlab('3rxOTX6O16R8Y381PrfeCh',#6,'Floor:650 BTG:2612109',$,$,#5592,#5602,'2612109',.FLOOR.)
INFO:ImportIFC:Creating object #5632=IfcSlab('3rxOTX6O16R8Y381PrfeCr',#6,'RR pile with Pressure Plate:RD140/10:2612115',$,$,#5613,#5631,'2612115',.BASESLAB.)
INFO:ImportIFC:Creating object #5660=IfcSlab('3rxOTX6O16R8Y381PrfeCo',#6,'RR pile with Pressure Plate:RD140/10:2612116',$,$,#5641,#5659,'2612116',.BASESLAB.)
INFO:ImportIFC:Creating object #5680=IfcSlab('3rxOTX6O16R8Y381PrfeJX',#6,'Floor:650 BTG:2612295',$,$,#5669,#5679,'2612295',.FLOOR.)
INFO:ImportIFC:Creating object #5709=IfcSlab('3rxOTX6O16R8Y381PrfeJh',#6,'RR pile with Pressure Plate:RD140/10:2612301',$,$,#5690,#5708,'2612301',.BASESLAB.)
INFO:ImportIFC:Creating object #4286=IfcWallStandardCase('2G336sV9rCvAEY_NVepG_X',#6,'Basic Wall:Concrete - Cast-in-Place - 200:1687559',$,$,#4274,#4278,'1687559')
INFO:ImportIFC:Creating object #5757=IfcSlab('1IzND9vID1TxKyM4ksLu$1',#6,'Floor:650 BTG:2614588',$,$,#5746,#5756,'2614588',.FLOOR.)
INFO:ImportIFC:Creating object #5737=IfcSlab('3rxOTX6O16R8Y381PrfeJe',#6,'RR pile with Pressure Plate:RD140/10:2612302',$,$,#5718,#5736,'2612302',.BASESLAB.)
INFO:ImportIFC:Creating object #5786=IfcSlab('1IzND9vID1TxKyM4ksLu_$',#6,'RR pile with Pressure Plate:RD140/10:2614594',$,$,#5767,#5785,'2614594',.BASESLAB.)
INFO:ImportIFC:Creating object #5814=IfcSlab('1IzND9vID1TxKyM4ksLu__',#6,'RR pile with Pressure Plate:RD140/10:2614595',$,$,#5795,#5813,'2614595',.BASESLAB.)
INFO:ImportIFC:Creating object #5842=IfcSlab('3sn7W$0ePC2ev$$yCd5Hv_',#6,'RR pile with Pressure Plate:RD140/10:2619759',$,$,#5823,#5841,'2619759',.BASESLAB.)
INFO:ImportIFC:Creating object #5862=IfcSlab('3sn7W$0ePC2ev$$yCd5HvZ',#6,'Floor:100 BTG:2619762',$,$,#5851,#5861,'2619762',.FLOOR.)
INFO:ImportIFC:Creating object #5911=IfcSlab('3sn7W$0ePC2ev$$yCd5Hw8',#6,'Floor:100 BTG:2619801',$,$,#5900,#5910,'2619801',.FLOOR.)
INFO:ImportIFC:Creating object #5940=IfcSlab('3sn7W$0ePC2ev$$yCd5Hwi',#6,'RR pile with Pressure Plate:RD140/10:2619837',$,$,#5921,#5939,'2619837',.BASESLAB.)
INFO:ImportIFC:Creating object #5960=IfcSlab('3sn7W$0ePC2ev$$yCd5HxH',#6,'Floor:100 BTG:2619840',$,$,#5949,#5959,'2619840',.FLOOR.)
INFO:ImportIFC:Creating object #5891=IfcSlab('3sn7W$0ePC2ev$$yCd5Hw7',#6,'RR pile with Pressure Plate:RD140/10:2619798',$,$,#5872,#5890,'2619798',.BASESLAB.)
INFO:ImportIFC:Creating object #6009=IfcSlab('3sn7W$0ePC2ev$$yCd5Hxs',#6,'Floor:100 BTG:2619879',$,$,#5998,#6008,'2619879',.FLOOR.)
INFO:ImportIFC:Creating object #6033=IfcWallStandardCase('2GJ687PRH0mw5XoMlivwnw',#6,'Basic Wall:Concrete - Cast-in-Place - 300:2649525',$,$,#6021,#6025,'2649525')
INFO:ImportIFC:Creating object #5989=IfcSlab('3sn7W$0ePC2ev$$yCd5Hxr',#6,'RR pile with Pressure Plate:RD140/10:2619876',$,$,#5970,#5988,'2619876',.BASESLAB.)
INFO:ImportIFC:Creating object #6104=IfcWallStandardCase('01Icbl$RfFpOj$md1Yy6oU',#6,'Basic Wall:Concrete - Cast-in-Place - 300:2653863',$,$,#6092,#6096,'2653863')
INFO:ImportIFC:Creating object #6058=IfcSlab('01Icbl$RfFpOj$md1Yy6iq',#6,'Floor:280 BTG:2652429',$,$,#6047,#6057,'2652429',.FLOOR.)
INFO:ImportIFC:Creating object #6125=IfcSlab('01Icbl$RfFpOj$md1Yy6oJ',#6,'Floor:280 BTG:2653866',$,$,#6114,#6124,'2653866',.FLOOR.)
INFO:ImportIFC:Creating object #6149=IfcWallStandardCase('01Icbl$RfFpOj$md1Yy6qj',#6,'Basic Wall:Concrete - Cast-in-Place - 300:2653972',$,$,#6137,#6141,'2653972')
INFO:ImportIFC:Creating object #6170=IfcSlab('01Icbl$RfFpOj$md1Yy6qk',#6,'Floor:280 BTG:2653975',$,$,#6159,#6169,'2653975',.FLOOR.)
INFO:ImportIFC:Creating object #6194=IfcWallStandardCase('01Icbl$RfFpOj$md1Yy6qM',#6,'Basic Wall:Concrete - Cast-in-Place - 300:2653999',$,$,#6182,#6186,'2653999')
INFO:ImportIFC:Creating object #6215=IfcSlab('01Icbl$RfFpOj$md1Yy6qB',#6,'Floor:280 BTG:2654002',$,$,#6204,#6214,'2654002',.FLOOR.)
INFO:ImportIFC:Creating object #6284=IfcWallStandardCase('3K8C6GlZfE3QlT3xAYvUWt',#6,'Basic Wall:Concrete - Cast-in-Place - 235:2795778',$,$,#6272,#6276,'2795778')
INFO:ImportIFC:Creating object #6312=IfcWallStandardCase('3K8C6GlZfE3QlT3xAYvUeU',#6,'Basic Wall:Concrete - Cast-in-Place - 255:2796331',$,$,#6300,#6304,'2796331')
INFO:ImportIFC:Creating object #6340=IfcWallStandardCase('3K8C6GlZfE3QlT3xAYvUtO',#6,'Basic Wall:Concrete - Cast-in-Place - 255:2796781',$,$,#6328,#6332,'2796781')
INFO:ImportIFC:Creating object #6364=IfcWallStandardCase('3K8C6GlZfE3QlT3xAYvUpo',#6,'Basic Wall:Concrete - Cast-in-Place - 255:2796999',$,$,#6352,#6356,'2796999')
INFO:ImportIFC:Creating object #6388=IfcWallStandardCase('3K8C6GlZfE3QlT3xAYvVCK',#6,'Basic Wall:Concrete - Cast-in-Place - 235:2798113',$,$,#6376,#6380,'2798113')
INFO:ImportIFC:Creating object #6412=IfcWallStandardCase('3TGLzgck1BcAIvkHAqUuVz',#6,'Basic Wall:Concrete - Cast-in-Place - 360:2798497',$,$,#6400,#6404,'2798497')
INFO:ImportIFC:Creating object #6255=IfcSlab('01Icbl$RfFpOj$md1Yy6sg',#6,'Floor:150 BTG:2654099',$,$,#6225,#6254,'2654099',.FLOOR.)
INFO:ImportIFC:Creating object #6440=IfcWallStandardCase('3TGLzgck1BcAIvkHAqUu6H',#6,'Basic Wall:Concrete - Cast-in-Place - 360:2799053',$,$,#6428,#6432,'2799053')
INFO:ImportIFC:Creating object #6464=IfcWallStandardCase('3TGLzgck1BcAIvkHAqUu66',#6,'Basic Wall:Concrete - Cast-in-Place - 360:2799066',$,$,#6452,#6456,'2799066')
INFO:ImportIFC:Creating object #6488=IfcWallStandardCase('3TGLzgck1BcAIvkHAqUu6$',#6,'Basic Wall:Concrete - Cast-in-Place - 360:2799075',$,$,#6476,#6480,'2799075')
INFO:ImportIFC:Creating object #6512=IfcWallStandardCase('3TGLzgck1BcAIvkHAqUu6m',#6,'Basic Wall:Concrete - Cast-in-Place - 360:2799084',$,$,#6500,#6504,'2799084')
INFO:ImportIFC:Creating object #6536=IfcWallStandardCase('3TGLzgck1BcAIvkHAqUuAH',#6,'Basic Wall:Concrete - Cast-in-Place - 235:2799309',$,$,#6524,#6528,'2799309')
INFO:ImportIFC:Creating object #6584=IfcWallStandardCase('3TGLzgck1BcAIvkHAqUuvR',#6,'Basic Wall:Concrete - Cast-in-Place - 235:2800135',$,$,#6572,#6576,'2800135')
INFO:ImportIFC:Creating object #6560=IfcWallStandardCase('3TGLzgck1BcAIvkHAqUunQ',#6,'Basic Wall:Concrete - Cast-in-Place - 235:2799622',$,$,#6548,#6552,'2799622')
INFO:ImportIFC:Creating object #6608=IfcWallStandardCase('3TGLzgck1BcAIvkHAqUu$9',#6,'Basic Wall:Concrete - Cast-in-Place - 235:2800533',$,$,#6596,#6600,'2800533')
INFO:ImportIFC:Creating object #6653=IfcWall('3TGLzgck1BcAIvkHAqUugz',#6,'Basic Wall:Concrete - Cast-in-Place - 235:2801377',$,$,#6620,#6624,'2801377')
INFO:ImportIFC:Creating object #6676=IfcWallStandardCase('3TGLzgck1BcAIvkHAqU$LB',#6,'Basic Wall:Concrete - Cast-in-Place - 235:2801943',$,$,#6664,#6668,'2801943')
INFO:ImportIFC:Creating object #6700=IfcWallStandardCase('3TGLzgck1BcAIvkHAqU$nG',#6,'Basic Wall:Concrete - Cast-in-Place - 360:2803724',$,$,#6688,#6692,'2803724')
INFO:ImportIFC:Creating object #6724=IfcWallStandardCase('3TGLzgck1BcAIvkHAqU$os',#6,'Basic Wall:Concrete - Cast-in-Place - 315:2803946',$,$,#6712,#6716,'2803946')
INFO:ImportIFC:Creating object #6776=IfcWallStandardCase('3TGLzgck1BcAIvkHAqU$uk',#6,'Basic Wall:Concrete - Cast-in-Place - 315:2804338',$,$,#6764,#6768,'2804338')
INFO:ImportIFC:Creating object #6752=IfcWallStandardCase('3TGLzgck1BcAIvkHAqU$ux',#6,'Basic Wall:Concrete - Cast-in-Place - 315:2804327',$,$,#6740,#6744,'2804327')
INFO:ImportIFC:Creating object #6800=IfcWallStandardCase('3TGLzgck1BcAIvkHAqU$uX',#6,'Basic Wall:Concrete - Cast-in-Place - 315:2804349',$,$,#6788,#6792,'2804349')
INFO:ImportIFC:Creating object #6848=IfcWallStandardCase('3TGLzgck1BcAIvkHAqU_R9',#6,'Basic Wall:Concrete - Cast-in-Place - 235:2806421',$,$,#6836,#6840,'2806421')
INFO:ImportIFC:Creating object #6824=IfcWallStandardCase('3TGLzgck1BcAIvkHAqU_Ns',#6,'Basic Wall:Concrete - Cast-in-Place - 235:2806186',$,$,#6812,#6816,'2806186')
INFO:ImportIFC:Creating object #6872=IfcWallStandardCase('3TGLzgck1BcAIvkHAqU_Vg',#6,'Basic Wall:Concrete - Cast-in-Place - 235:2806710',$,$,#6860,#6864,'2806710')
INFO:ImportIFC:Creating object #6896=IfcWallStandardCase('3TGLzgck1BcAIvkHAqU_2V',#6,'Basic Wall:Concrete - Cast-in-Place - 235:2806979',$,$,#6884,#6888,'2806979')
INFO:ImportIFC:Creating object #6920=IfcWallStandardCase('3TGLzgck1BcAIvkHAqU_4N',#6,'Basic Wall:Concrete - Cast-in-Place - 235:2807115',$,$,#6908,#6912,'2807115')
INFO:ImportIFC:Creating object #6944=IfcWallStandardCase('3TGLzgck1BcAIvkHAqU_D4',#6,'Basic Wall:Concrete - Cast-in-Place - 255:2807576',$,$,#6932,#6936,'2807576')
INFO:ImportIFC:Creating object #6992=IfcWallStandardCase('3TGLzgck1BcAIvkHAqU_r$',#6,'Basic Wall:Concrete - Cast-in-Place - 235:2808099',$,$,#6980,#6984,'2808099')
INFO:ImportIFC:Creating object #6968=IfcWallStandardCase('3TGLzgck1BcAIvkHAqU_Eh',#6,'Basic Wall:Concrete - Cast-in-Place - 255:2807799',$,$,#6956,#6960,'2807799')
INFO:ImportIFC:Creating object #7016=IfcWallStandardCase('3TGLzgck1BcAIvkHAqU_vf',#6,'Basic Wall:Concrete - Cast-in-Place - 235:2808373',$,$,#7004,#7008,'2808373')
INFO:ImportIFC:Creating object #7064=IfcWallStandardCase('3TGLzgck1BcAIvkHAqU_XF',#6,'Basic Wall:Concrete - Cast-in-Place - 235:2808851',$,$,#7052,#7056,'2808851')
INFO:ImportIFC:Creating object #7040=IfcWallStandardCase('3TGLzgck1BcAIvkHAqU_$H',#6,'Basic Wall:Concrete - Cast-in-Place - 235:2808717',$,$,#7028,#7032,'2808717')
INFO:ImportIFC:Creating object #7088=IfcWallStandardCase('3TGLzgck1BcAIvkHAqU_cR',#6,'Basic Wall:Concrete - Cast-in-Place - 235:2809287',$,$,#7076,#7080,'2809287')
INFO:ImportIFC:Creating object #7112=IfcWallStandardCase('3TGLzgck1BcAIvkHAqU_j6',#6,'Basic Wall:Concrete - Cast-in-Place - 235:2809626',$,$,#7100,#7104,'2809626')
INFO:ImportIFC:Creating object #7136=IfcWallStandardCase('3TGLzgck1BcAIvkHAqU_kh',#6,'Basic Wall:Concrete - Cast-in-Place - 235:2809847',$,$,#7124,#7128,'2809847')
INFO:ImportIFC:Creating object #7160=IfcWallStandardCase('3TGLzgck1BcAIvkHAqUzRQ',#6,'Basic Wall:Concrete - Cast-in-Place - 255:2810502',$,$,#7148,#7152,'2810502')
INFO:ImportIFC:Creating object #7191=IfcSlab('3RESZ2oR91geH7xhiMANos',#6,'RR pile with Pressure Plate:RD140/10:2883316',$,$,#7170,#7190,'2883316',.BASESLAB.)
INFO:ImportIFC:Creating object #7222=IfcSlab('3RESZ2oR91geH7xhiMBeE4',#6,'RR pile with Pressure Plate:RD140/10:2884038',$,$,#7201,#7221,'2884038',.BASESLAB.)
INFO:ImportIFC:Creating object #7253=IfcSlab('3RESZ2oR91geH7xhiMBeTd',#6,'RR pile with Pressure Plate:RD140/10:2884901',$,$,#7232,#7252,'2884901',.BASESLAB.)
INFO:ImportIFC:Creating object #7284=IfcSlab('3RESZ2oR91geH7xhiMBeZP',#6,'RR pile with Pressure Plate:RD140/10:2886299',$,$,#7263,#7283,'2886299',.BASESLAB.)
INFO:ImportIFC:Creating object #7315=IfcSlab('3RESZ2oR91geH7xhiMBfDx',#6,'RR pile with Pressure Plate:RD140/10:2887993',$,$,#7294,#7314,'2887993',.BASESLAB.)
INFO:ImportIFC:Creating object #7346=IfcSlab('3n8VBWUkj2U9HO5tehhmXn',#6,'RR pile with Pressure Plate:RD140/10:2888703',$,$,#7325,#7345,'2888703',.BASESLAB.)
INFO:ImportIFC:Creating object #7377=IfcSlab('3n8VBWUkj2U9HO5tehhmuk',#6,'RR pile with Pressure Plate:RD140/10:2889120',$,$,#7356,#7376,'2889120',.BASESLAB.)
INFO:ImportIFC:Creating object #7406=IfcSlab('3n8VBWUkj2U9HO5tehhmtB',#6,'RR pile with Pressure Plate:RD140/10:2889285',$,$,#7387,#7405,'2889285',.BASESLAB.)
INFO:ImportIFC:Creating object #7434=IfcSlab('3n8VBWUkj2U9HO5tehhmAZ',#6,'RR pile with Pressure Plate:RD140/10:2890029',$,$,#7415,#7433,'2890029',.BASESLAB.)
INFO:ImportIFC:Creating object #7462=IfcSlab('3n8VBWUkj2U9HO5tehhmBr',#6,'RR pile with Pressure Plate:RD140/10:2890107',$,$,#7443,#7461,'2890107',.BASESLAB.)
INFO:ImportIFC:Creating object #7490=IfcSlab('3n8VBWUkj2U9HO5tehhm8n',#6,'RR pile with Pressure Plate:RD140/10:2890175',$,$,#7471,#7489,'2890175',.BASESLAB.)
INFO:ImportIFC:Creating object #7520=IfcSlab('3n8VBWUkj2U9HO5tehhm4i',#6,'RR pile with Pressure Plate:RD140/10:2890402',$,$,#7499,#7519,'2890402',.BASESLAB.)
INFO:ImportIFC:Creating object #7551=IfcSlab('1hC1DwmIv5hePyymrFEjEC',#6,'RR pile with Pressure Plate:RD140/10:2890823',$,$,#7530,#7550,'2890823',.BASESLAB.)
INFO:ImportIFC:Creating object #7582=IfcSlab('1hC1DwmIv5hePyymrFEjCQ',#6,'RR pile with Pressure Plate:RD140/10:2890961',$,$,#7561,#7581,'2890961',.BASESLAB.)
INFO:ImportIFC:Creating object #7613=IfcSlab('1hC1DwmIv5hePyymrFEj3L',#6,'RR pile with Pressure Plate:RD140/10:2891550',$,$,#7592,#7612,'2891550',.BASESLAB.)
INFO:ImportIFC:Creating object #7642=IfcSlab('1hC1DwmIv5hePyymrFEk_w',#6,'RR pile with Pressure Plate:RD140/10:2891889',$,$,#7623,#7641,'2891889',.BASESLAB.)
INFO:ImportIFC:Creating object #7670=IfcSlab('1hC1DwmIv5hePyymrFEkxR',#6,'RR pile with Pressure Plate:RD140/10:2892048',$,$,#7651,#7669,'2892048',.BASESLAB.)
INFO:ImportIFC:Creating object #7698=IfcSlab('3du7D3jRjCOenpOtofUmZT',#6,'RR pile with Pressure Plate:RD140/10:2893098',$,$,#7679,#7697,'2893098',.BASESLAB.)
INFO:ImportIFC:Creating object #7728=IfcSlab('3du7D3jRjCOenpOtofUmle',#6,'RR pile with Pressure Plate:RD140/10:2893343',$,$,#7707,#7727,'2893343',.BASESLAB.)
INFO:ImportIFC:Creating object #7758=IfcSlab('3du7D3jRjCOenpOtofUmhK',#6,'RR pile with Pressure Plate:RD140/10:2893603',$,$,#7737,#7757,'2893603',.BASESLAB.)
INFO:ImportIFC:Creating object #7819=IfcSlab('3du7D3jRjCOenpOtofUmeJ',#6,'RR pile with Pressure Plate:RD140/10:2893796',$,$,#7798,#7818,'2893796',.BASESLAB.)
INFO:ImportIFC:Creating object #7788=IfcSlab('3du7D3jRjCOenpOtofUmf4',#6,'RR pile with Pressure Plate:RD140/10:2893747',$,$,#7767,#7787,'2893747',.BASESLAB.)
INFO:ImportIFC:Creating object #7850=IfcSlab('3du7D3jRjCOenpOtofUm1G',#6,'RR pile with Pressure Plate:RD140/10:2895271',$,$,#7829,#7849,'2895271',.BASESLAB.)
INFO:ImportIFC:Creating object #7880=IfcSlab('3du7D3jRjCOenpOtofUm0b',#6,'RR pile with Pressure Plate:RD140/10:2895314',$,$,#7859,#7879,'2895314',.BASESLAB.)
INFO:ImportIFC:Creating object #7910=IfcSlab('3du7D3jRjCOenpOtofUm99',#6,'RR pile with Pressure Plate:RD140/10:2895806',$,$,#7889,#7909,'2895806',.BASESLAB.)
INFO:ImportIFC:Creating object #7941=IfcSlab('1GpqQWs8X3MvNQ69_aP4qC',#6,'RR pile with Pressure Plate:RD140/10:2897528',$,$,#7920,#7940,'2897528',.BASESLAB.)
INFO:ImportIFC:Creating object #7972=IfcSlab('1GpqQWs8X3MvNQ69_aP4pK',#6,'RR pile with Pressure Plate:RD140/10:2897824',$,$,#7951,#7971,'2897824',.BASESLAB.)
INFO:ImportIFC:Creating object #8003=IfcSlab('1GpqQWs8X3MvNQ69_aP4oO',#6,'RR pile with Pressure Plate:RD140/10:2897900',$,$,#7982,#8002,'2897900',.BASESLAB.)
INFO:ImportIFC:Creating object #8034=IfcSlab('1GpqQWs8X3MvNQ69_aP4Fk',#6,'RR pile with Pressure Plate:RD140/10:2898074',$,$,#8013,#8033,'2898074',.BASESLAB.)
INFO:ImportIFC:Creating object #8096=IfcSlab('1GpqQWs8X3MvNQ69_aP45_',#6,'RR pile with Pressure Plate:RD140/10:2898442',$,$,#8075,#8095,'2898442',.BASESLAB.)
INFO:ImportIFC:Creating object #8065=IfcSlab('1GpqQWs8X3MvNQ69_aP4Bf',#6,'RR pile with Pressure Plate:RD140/10:2898333',$,$,#8044,#8064,'2898333',.BASESLAB.)
INFO:ImportIFC:Creating object #8158=IfcSlab('1GpqQWs8X3MvNQ69_aP4SL',#6,'RR pile with Pressure Plate:RD140/10:2899041',$,$,#8137,#8157,'2899041',.BASESLAB.)
INFO:ImportIFC:Creating object #8127=IfcSlab('1GpqQWs8X3MvNQ69_aP438',#6,'RR pile with Pressure Plate:RD140/10:2898876',$,$,#8106,#8126,'2898876',.BASESLAB.)
INFO:ImportIFC:Creating object #8187=IfcSlab('1GpqQWs8X3MvNQ69_aP4Pi',#6,'RR pile with Pressure Plate:RD140/10:2899224',$,$,#8168,#8186,'2899224',.BASESLAB.)
INFO:ImportIFC:Creating object #8217=IfcSlab('1GpqQWs8X3MvNQ69_aP3g4',#6,'RR pile with Pressure Plate:RD140/10:2900464',$,$,#8196,#8216,'2900464',.BASESLAB.)
INFO:ImportIFC:Creating object #8248=IfcSlab('1GpqQWs8X3MvNQ69_aP3$s',#6,'RR pile with Pressure Plate:RD140/10:2901122',$,$,#8227,#8247,'2901122',.BASESLAB.)
INFO:ImportIFC:Creating object #8279=IfcSlab('1GpqQWs8X3MvNQ69_aP3qZ',#6,'RR pile with Pressure Plate:RD140/10:2901591',$,$,#8258,#8278,'2901591',.BASESLAB.)
INFO:ImportIFC:Creating object #8310=IfcSlab('1GpqQWs8X3MvNQ69_aP3sL',#6,'RR pile with Pressure Plate:RD140/10:2901729',$,$,#8289,#8309,'2901729',.BASESLAB.)
INFO:ImportIFC:Creating object #8341=IfcSlab('1GpqQWs8X3MvNQ69_aP3O3',#6,'RR pile with Pressure Plate:RD140/10:2903415',$,$,#8320,#8340,'2903415',.BASESLAB.)
INFO:ImportIFC:Creating object #8370=IfcSlab('1GpqQWs8X3MvNQ69_aP3QL',#6,'RR pile with Pressure Plate:RD140/10:2903521',$,$,#8351,#8369,'2903521',.BASESLAB.)
INFO:ImportIFC:Creating object #8431=IfcSlab('1GpqQWs8X3MvNQ69_aP3Gk',#6,'RR pile with Pressure Plate:RD140/10:2903898',$,$,#8410,#8430,'2903898',.BASESLAB.)
INFO:ImportIFC:Creating object #8400=IfcSlab('1GpqQWs8X3MvNQ69_aP3M4',#6,'RR pile with Pressure Plate:RD140/10:2903792',$,$,#8379,#8399,'2903792',.BASESLAB.)
INFO:ImportIFC:Creating object #8460=IfcSlab('1GpqQWs8X3MvNQ69_aP2cg',#6,'RR pile with Pressure Plate:RD140/10:2904798',$,$,#8441,#8459,'2904798',.BASESLAB.)
INFO:ImportIFC:Creating object #8490=IfcSlab('1GpqQWs8X3MvNQ69_aP2yb',#6,'RR pile with Pressure Plate:RD140/10:2905169',$,$,#8469,#8489,'2905169',.BASESLAB.)
INFO:ImportIFC:Creating object #8519=IfcSlab('1GpqQWs8X3MvNQ69_aP2tD',#6,'RR pile with Pressure Plate:RD140/10:2905785',$,$,#8500,#8518,'2905785',.BASESLAB.)
INFO:ImportIFC:Creating object #8549=IfcSlab('1GpqQWs8X3MvNQ69_aP2Bo',#6,'RR pile with Pressure Plate:RD140/10:2906502',$,$,#8528,#8548,'2906502',.BASESLAB.)
INFO:ImportIFC:Creating object #8577=IfcSlab('1GpqQWs8X3MvNQ69_aP21L',#6,'RR pile with Pressure Plate:RD140/10:2906913',$,$,#8558,#8576,'2906913',.BASESLAB.)
INFO:ImportIFC:Creating object #8636=IfcSlab('1GpqQWs8X3MvNQ69_aP2RI',#6,'RR pile with Pressure Plate:RD140/10:2907558',$,$,#8617,#8635,'2907558',.BASESLAB.)
INFO:ImportIFC:Creating object #8607=IfcSlab('1GpqQWs8X3MvNQ69_aP2TL',#6,'RR pile with Pressure Plate:RD140/10:2907169',$,$,#8586,#8606,'2907169',.BASESLAB.)
INFO:ImportIFC:Creating object #8664=IfcSlab('1GpqQWs8X3MvNQ69_aP2Mo',#6,'RR pile with Pressure Plate:RD140/10:2907846',$,$,#8645,#8663,'2907846',.BASESLAB.)
INFO:ImportIFC:Creating object #8712=IfcSlab('2d2Z9OQurDJwlOUIhLw21O',#6,'Floor:100 BTG:2966356',$,$,#8701,#8711,'2966356',.FLOOR.)
INFO:ImportIFC:Creating object #8692=IfcSlab('1GpqQWs8X3MvNQ69_aP1id',#6,'RR pile with Pressure Plate:RD140/10:2908243',$,$,#8673,#8691,'2908243',.BASESLAB.)
INFO:ImportIFC:Creating object #8741=IfcSlab('2d2Z9OQurDJwlOUIhLw2T4',#6,'RR pile with Pressure Plate:RD140/10:2966600',$,$,#8722,#8740,'2966600',.BASESLAB.)
INFO:ImportIFC:Creating object #9825=IfcBuildingElementProxy('0$RtYNfo15W9nqagerlexp',#6,'Welda:WELDA 300x300-165:3043446',$,$,#9824,#9820,'3043446',$)
INFO:ImportIFC:Creating object #9840=IfcBuildingElementProxy('0$RtYNfo15W9nqagerley8',#6,'Welda:WELDA 300x300-165:3043725',$,$,#9839,#9835,'3043725',$)
INFO:ImportIFC:Creating object #9852=IfcBuildingElementProxy('0$RtYNfo15W9nqagerleot',#6,'Welda:WELDA 300x300-165:3043890',$,$,#9851,#9847,'3043890',$)
INFO:ImportIFC:Creating object #9864=IfcBuildingElementProxy('0$RtYNfo15W9nqagerleou',#6,'Welda:WELDA 300x300-165:3043901',$,$,#9863,#9859,'3043901',$)
INFO:ImportIFC:Creating object #9876=IfcBuildingElementProxy('0$RtYNfo15W9nqagerlepD',#6,'Welda:WELDA 300x300-165:3043912',$,$,#9875,#9871,'3043912',$)
INFO:ImportIFC:Creating object #9888=IfcBuildingElementProxy('0$RtYNfo15W9nqagerlepM',#6,'Welda:WELDA 300x300-165:3043923',$,$,#9887,#9883,'3043923',$)
INFO:ImportIFC:Creating object #9900=IfcBuildingElementProxy('0$RtYNfo15W9nqagerlesK',#6,'Welda:WELDA 300x300-165:3044113',$,$,#9899,#9895,'3044113',$)
INFO:ImportIFC:Creating object #9912=IfcBuildingElementProxy('0$RtYNfo15W9nqagerlehE',#6,'Welda:WELDA 300x300-165:3044427',$,$,#9911,#9907,'3044427',$)
INFO:ImportIFC:Creating object #9924=IfcBuildingElementProxy('0$RtYNfo15W9nqagerlehH',#6,'Welda:WELDA 300x300-165:3044436',$,$,#9923,#9919,'3044436',$)
INFO:ImportIFC:Creating object #9936=IfcBuildingElementProxy('0$RtYNfo15W9nqagerlehO',#6,'Welda:WELDA 300x300-165:3044445',$,$,#9935,#9931,'3044445',$)
INFO:ImportIFC:Creating object #5475=IfcSlab('3u7HSm7d91peYOx7Iha1qV',#6,'Floor:100 BTG:2597512',$,$,#5441,#5474,'2597512',.FLOOR.)
INFO:ImportIFC:Creating object #10074=IfcWallStandardCase('3cE4fXcRb6D9sJuwD7_362',#6,'Basic Wall:Concrete - Cast-in-Place - 150:3168399',$,$,#10062,#10066,'3168399')
INFO:ImportIFC:Creating object #10101=IfcWallStandardCase('3cE4fXcRb6D9sJuwD7_30S',#6,'Basic Wall:Concrete - Cast-in-Place - 150:3168529',$,$,#10089,#10093,'3168529')
INFO:ImportIFC:Creating object #10125=IfcWallStandardCase('3cE4fXcRb6D9sJuwD7_30V',#6,'Basic Wall:Concrete - Cast-in-Place - 150:3168530',$,$,#10113,#10117,'3168530')
INFO:ImportIFC:Creating object #10146=IfcSlab('26LkqnWpbCvRoBsHuGgEtp',#6,'Floor:200 BTG:3169975',$,$,#10135,#10145,'3169975',.FLOOR.)
INFO:ImportIFC:Creating object #10015=IfcBuildingElementProxy('0liQvotF559AKLbN3k$oIs',#6,'Welda:WELDA 300x300-165 invändig:3138993',$,$,#10014,#10010,'3138993',$)
INFO:ImportIFC:Creating object #10030=IfcBuildingElementProxy('0liQvotF559AKLbN3k$oOv',#6,'Welda:WELDA 300x300-165 invändig:3139390',$,$,#10029,#10025,'3139390',$)
INFO:ImportIFC:Creating object #10042=IfcBuildingElementProxy('0liQvotF559AKLbN3k$oPe',#6,'Welda:WELDA 300x300-165 invändig:3139439',$,$,#10041,#10037,'3139439',$)
INFO:ImportIFC:Creating object #10054=IfcBuildingElementProxy('0liQvotF559AKLbN3k$oQe',#6,'Welda:WELDA 300x300-165 invändig:3139503',$,$,#10053,#10049,'3139503',$)
INFO:ImportIFC:Creating object #10167=IfcSlab('26LkqnWpbCvRoBsHuGgD8z',#6,'Floor:200 BTG:3170681',$,$,#10156,#10166,'3170681',.FLOOR.)
INFO:ImportIFC:Creating object #10191=IfcWallStandardCase('3DdC$kV0P3qgwlsTMA3gUx',#6,'Basic Wall:Concrete - Cast-in-Place - 200:3173557',$,$,#10179,#10183,'3173557')
INFO:ImportIFC:Creating object #10215=IfcWallStandardCase('2sDBeaUyXDLeJH4a7Be5x6',#6,'Basic Wall:Concrete - Cast-in-Place - 200:3173935',$,$,#10203,#10207,'3173935')
INFO:ImportIFC:Creating object #10239=IfcWallStandardCase('2mVBUjHAz7ChtC5HZbHqCv',#6,'Basic Wall:Concrete - Cast-in-Place - 150:3191350',$,$,#10227,#10231,'3191350')
INFO:ImportIFC:Creating object #10263=IfcSlab('2QFUWnyNbFNQSPyBozqONK',#6,'Floor:200 BTG:3261054',$,$,#10249,#10262,'3261054',.FLOOR.)
INFO:ImportIFC:Creating object #418=IfcSlab('22Qf$m7qHD0hM1fd6LNieU',#6,'Floor:Concrete - Cast-in-Place - 200:1607726',$,$,#311,#417,'1607726',.FLOOR.)
INFO:ImportIFC:Creating object #9733=IfcBuildingElementProxy('3kbFmF4MH4KfNDRl5Rs5Xi',#6,'PSB group:8xPSB-10/160-3/331:2976189',$,$,#9732,#9728,'2976189',$)
INFO:ImportIFC:Creating object #10287=IfcWallStandardCase('2QFUWnyNbFNQSPyBozqO99',#6,'Basic Wall:Concrete - Cast-in-Place - 120:3261923',$,$,#10275,#10279,'3261923')
INFO:ImportIFC:Creating object #6088=IfcAnnotation('01Icbl$RfFpOj$md1Yy6un',#6,'Model Lines:2653192',$,$,#6072,#6086)
INFO:ImportIFC:Creating object #54=IfcBuildingStorey('3adfCpgMzF4eaVp1jlOR4V',#6,'PLAN 16',$,$,#53,$,'PLAN 16',.ELEMENT.,42519.99999999994)
INFO:ImportIFC:Creating object #34=IfcBuildingStorey('0Nv1MkV6PCfgKgMyZEhNXd',#6,'PLAN 11',$,$,#33,$,'PLAN 11',.ELEMENT.,27520.00000000026)
INFO:ImportIFC:Creating object #38=IfcBuildingStorey('3MF1NPWfHAjA1o$xSBfZDg',#6,'PLAN 12',$,$,#37,$,'PLAN 12',.ELEMENT.,30319.99999999871)
INFO:ImportIFC:Creating object #42=IfcBuildingStorey('1ONfzxsYjB7uTz72mS9pCn',#6,'PLAN 13',$,$,#41,$,'PLAN 13',.ELEMENT.,33120.00000000026)
INFO:ImportIFC:Creating object #46=IfcBuildingStorey('1ONfzxsYjB7uTz72mS9pCu',#6,'PLAN 14',$,$,#45,$,'PLAN 14',.ELEMENT.,35920.00000000026)
INFO:ImportIFC:Creating object #50=IfcBuildingStorey('1ONfzxsYjB7uTz72mS9pIO',#6,'PLAN 15',$,$,#49,$,'PLAN 15',.ELEMENT.,38720.00000000026)
INFO:ImportIFC:Creating object #22=IfcBuilding('2rE1cFQurCf8n7WoYumwsu',#6,'',$,$,#21,$,'',.ELEMENT.,$,$,#19)
INFO:ImportIFC:Creating object #57=IfcSite('2rE1cFQurCf8n7WoYumwsx',#6,'Default',$,$,#56,$,$,.ELEMENT.,(42,24,53,508911),(-71,-15,-29,-58837),0.,$,$)
INFO:ImportIFC:Creating object #26=IfcBuildingStorey('1ONfzxsYjB7uTz72mS9pHB',#6,'Plan 09',$,$,#25,$,'Plan 09',.ELEMENT.,19020.)
INFO:ImportIFC:Creating object #30=IfcBuildingStorey('3MF1NPWfHAjA1o$xSBfZCz',#6,'PLAN 10',$,$,#29,$,'PLAN 10',.ELEMENT.,22319.999999999996)
INFO:ImportIFC:Creating object #6288=IfcWallType('3K8C6GlZfE3QlT3xAYvUc4',#6,'Basic Wall:Concrete - Cast-in-Place - 235',$,$,$,$,'2795697',$,.STANDARD.)
INFO:ImportIFC:Creating object #10007=IfcBuildingElementProxyType('0liQvotF559AKLbN3k$oam',#6,'Welda:WELDA 300x300-165 invändig',$,$,(#10022),(#10006),'3139639',$,.NOTDEFINED.)
INFO:ImportIFC:Creating object #6416=IfcWallType('1vm5Iemq56sRvVLWhCLg5j',#6,'Basic Wall:Concrete - Cast-in-Place - 360',$,$,$,$,'3019991',$,.STANDARD.)
INFO:ImportIFC:Creating object #6059=IfcSlabType('0oJkaNwLzEHucGR9RgBy3c',#6,'Floor:280 BTG',$,$,$,$,'2682848',$,.FLOOR.)
INFO:ImportIFC:Creating object #2319=IfcWallType('1qcvbNWYT0He9_0uBi_HHe',#6,'Basic Wall:Concrete - Cast-in-Place - 412',$,$,$,$,'3085448',$,.STANDARD.)
INFO:ImportIFC:Creating object #597=IfcSlabType('2W9iUIrLP7xQWljilRVfK5',#6,'RR pile with Pressure Plate:RD140/10',$,$,$,$,'1676196',$,.BASESLAB.)
INFO:ImportIFC:Creating object #6316=IfcWallType('3K8C6GlZfE3QlT3xAYvUlI',#6,'Basic Wall:Concrete - Cast-in-Place - 255',$,$,$,$,'2796263',$,.STANDARD.)
INFO:ImportIFC:Creating object #10291=IfcWallType('0RhD8vHcH4z9qVQKrIIS27',#6,'Basic Wall:Concrete - Cast-in-Place - 120',$,$,$,$,'1203952',$,.STANDARD.)
INFO:ImportIFC:Creating object #2349=IfcSlabType('0elcjjBqT2WuSfhpvTmG$T',#6,'Floor:500 BTG',$,$,$,$,'1660718',$,.FLOOR.)
INFO:ImportIFC:Creating object #4476=IfcSlabType('2optMPCh583eJUrYS1XSuE',#6,'Floor:265 BTG',$,$,$,$,'2118562',$,.FLOOR.)
INFO:ImportIFC:Creating object #4628=IfcSlabType('1lV$H8koL1ThgNcsLUcvpq',#6,'Floor:200 BTG',$,$,$,$,'1042477',$,.FLOOR.)
INFO:ImportIFC:Creating object #9811=IfcBuildingElementProxyType('0$RtYNfo15W9nqagerlex6',#6,'Welda:WELDA 300x300-165',$,$,(#9832),(#9810),'3043395',$,.NOTDEFINED.)
INFO:ImportIFC:Creating object #511=IfcSlabType('3Ur97l8tb2hvscQW6NfvwP',#6,'Floor:Concrete - Cast-in-Place - 200',$,$,$,$,'56006',$,.FLOOR.)
INFO:ImportIFC:Creating object #5498=IfcSlabType('2CuZC4bor7uvnT2e1UeJ4k',#6,'Floor:100 BTG',$,$,$,$,'1622578',$,.FLOOR.)
INFO:ImportIFC:Creating object #6728=IfcWallType('1vm5Iemq56sRvVLWhCLgFv',#6,'Basic Wall:Concrete - Cast-in-Place - 315',$,$,$,$,'3020355',$,.STANDARD.)
INFO:ImportIFC:Creating object #10078=IfcWallType('0zAQyGfQj7mgGjK8aC8x4E',#6,'Basic Wall:Concrete - Cast-in-Place - 150',$,$,$,$,'60865',$,.STANDARD.)
INFO:ImportIFC:Creating object #2499=IfcSlabType('0F9t5p45X9Vf$Klq95QZJ0',#6,'Floor:550 BTG',$,$,$,$,'1626888',$,.FLOOR.)
INFO:ImportIFC:Creating object #2381=IfcWallType('0zAQyGfQj7mgGjK8aC8x4C',#6,'Basic Wall:Concrete - Cast-in-Place - 200',$,$,$,$,'60867',$,.STANDARD.)
INFO:ImportIFC:Creating object #287=IfcSlabType('22Qf$m7qHD0hM1fd6LNjQK',#6,'Floor:600 BTG',$,$,$,$,'1610916',$,.FLOOR.)
INFO:ImportIFC:Creating object #6256=IfcSlabType('01Icbl$RfFpOj$md1Yy6sU',#6,'Floor:150 BTG',$,$,$,$,'2654119',$,.FLOOR.)
INFO:ImportIFC:Creating object #9717=IfcBuildingElementProxyType('3kbFmF4MH4KfNDRl5Rs4xG',#6,'PSB group:8xPSB-10/160-3/331',$,$,(#9740),(#9716),'2980933',$,.NOTDEFINED.)
INFO:ImportIFC:Creating object #3874=IfcSlabType('1JGRULYwvA9ez$E2wjdWMq',#6,'Floor:Concrete - Cast-in-Place - 150',$,$,$,$,'493406',$,.FLOOR.)
INFO:ImportIFC:Creating object #2402=IfcSlabType('1cHwC47F18mB_F9n9W$INT',#6,'Floor:250 BTG',$,$,$,$,'1790302',$,.FLOOR.)
INFO:ImportIFC:Creating object #560=IfcSlabType('1GpqQWs8X3MvNQ69_aP1Wv',#6,'Floor:650 BTG',$,$,$,$,'2909005',$,.FLOOR.)
INFO:ImportIFC:Creating object #6037=IfcWallType('1Qm8M6QFL9gBqZjv03DQXf',#6,'Basic Wall:Concrete - Cast-in-Place - 300',$,$,$,$,'1988137',$,.STANDARD.)
INFO:ImportIFC:Import finished in 1.54 seconds
DEBUG:git.util:sys.platform='linux', git_executable='git'
DEBUG:git.util:sys.platform='linux', git_executable='git'
INFO:ImportIFC:Starting import
INFO:ImportIFC:loading file /home/diana/BIM/releases/upstream-0.9.0/smoketest/K15-copy.ifc
INFO:ImportIFC:Creating object #18=IfcProject('2rE1cFQurCf8n7WoYumwsv',#6,'10108',$,$,'RACKARBERGET TORGET','STATUS',(#13),#10728)
INFO:ImportIFC:Creating object #559=IfcSlab('22Qf$m7qHD0hM1fd6LNihv',#6,'Floor:650 BTG:1607881',$,$,#548,#558,'1607881',.FLOOR.)
INFO:ImportIFC:Creating object #596=IfcSlab('22Qf$m7qHD0hM1fd6LNikJ',#6,'RR pile with Pressure Plate:RD140/10:1608099',$,$,#573,#595,'1608099',.BASESLAB.)
INFO:ImportIFC:Creating object #631=IfcSlab('22Qf$m7qHD0hM1fd6LNibA',#6,'RR pile with Pressure Plate:RD140/10:1608570',$,$,#612,#630,'1608570',.BASESLAB.)
INFO:ImportIFC:Creating object #651=IfcSlab('22Qf$m7qHD0hM1fd6LNimQ',#6,'Floor:650 BTG:1609258',$,$,#640,#650,'1609258',.FLOOR.)
INFO:ImportIFC:Creating object #286=IfcSlab('22Qf$m7qHD0hM1fd6LNiT3',#6,'Floor:600 BTG:1607027',$,$,#59,#285,'1607027',.FLOOR.)
INFO:ImportIFC:Creating object #680=IfcSlab('22Qf$m7qHD0hM1fd6LNim0',#6,'RR pile with Pressure Plate:RD140/10:1609264',$,$,#661,#679,'1609264',.BASESLAB.)
INFO:ImportIFC:Creating object #728=IfcSlab('22Qf$m7qHD0hM1fd6LNinA',#6,'Floor:650 BTG:1609338',$,$,#717,#727,'1609338',.FLOOR.)
INFO:ImportIFC:Creating object #708=IfcSlab('22Qf$m7qHD0hM1fd6LNim1',#6,'RR pile with Pressure Plate:RD140/10:1609265',$,$,#689,#707,'1609265',.BASESLAB.)
INFO:ImportIFC:Creating object #757=IfcSlab('22Qf$m7qHD0hM1fd6LNiom',#6,'RR pile with Pressure Plate:RD140/10:1609344',$,$,#738,#756,'1609344',.BASESLAB.)
INFO:ImportIFC:Creating object #785=IfcSlab('22Qf$m7qHD0hM1fd6LNion',#6,'RR pile with Pressure Plate:RD140/10:1609345',$,$,#766,#784,'1609345',.BASESLAB.)
INFO:ImportIFC:Creating object #805=IfcSlab('22Qf$m7qHD0hM1fd6LNioX',#6,'Floor:650 BTG:1609361',$,$,#794,#804,'1609361',.FLOOR.)
INFO:ImportIFC:Creating object #882=IfcSlab('22Qf$m7qHD0hM1fd6LNipl',#6,'Floor:650 BTG:1609439',$,$,#871,#881,'1609439',.FLOOR.)
INFO:ImportIFC:Creating object #834=IfcSlab('22Qf$m7qHD0hM1fd6LNiod',#6,'RR pile with Pressure Plate:RD140/10:1609367',$,$,#815,#833,'1609367',.BASESLAB.)
INFO:ImportIFC:Creating object #862=IfcSlab('22Qf$m7qHD0hM1fd6LNioe',#6,'RR pile with Pressure Plate:RD140/10:1609368',$,$,#843,#861,'1609368',.BASESLAB.)
INFO:ImportIFC:Creating object #911=IfcSlab('22Qf$m7qHD0hM1fd6LNipL',#6,'RR pile with Pressure Plate:RD140/10:1609445',$,$,#892,#910,'1609445',.BASESLAB.)
INFO:ImportIFC:Creating object #959=IfcSlab('22Qf$m7qHD0hM1fd6LNiqN',#6,'Floor:650 BTG:1609511',$,$,#948,#958,'1609511',.FLOOR.)
INFO:ImportIFC:Creating object #939=IfcSlab('22Qf$m7qHD0hM1fd6LNipM',#6,'RR pile with Pressure Plate:RD140/10:1609446',$,$,#920,#938,'1609446',.BASESLAB.)
INFO:ImportIFC:Creating object #1036=IfcSlab('22Qf$m7qHD0hM1fd6LNisv',#6,'Floor:650 BTG:1609609',$,$,#1025,#1035,'1609609',.FLOOR.)
INFO:ImportIFC:Creating object #988=IfcSlab('22Qf$m7qHD0hM1fd6LNiqT',#6,'RR pile with Pressure Plate:RD140/10:1609517',$,$,#969,#987,'1609517',.BASESLAB.)
INFO:ImportIFC:Creating object #1016=IfcSlab('22Qf$m7qHD0hM1fd6LNiqU',#6,'RR pile with Pressure Plate:RD140/10:1609518',$,$,#997,#1015,'1609518',.BASESLAB.)
INFO:ImportIFC:Creating object #1113=IfcSlab('22Qf$m7qHD0hM1fd6LNisk',#6,'Floor:650 BTG:1609630',$,$,#1102,#1112,'1609630',.FLOOR.)
INFO:ImportIFC:Creating object #1065=IfcSlab('22Qf$m7qHD0hM1fd6LNis$',#6,'RR pile with Pressure Plate:RD140/10:1609615',$,$,#1046,#1064,'1609615',.BASESLAB.)
INFO:ImportIFC:Creating object #1093=IfcSlab('22Qf$m7qHD0hM1fd6LNisW',#6,'RR pile with Pressure Plate:RD140/10:1609616',$,$,#1074,#1092,'1609616',.BASESLAB.)
INFO:ImportIFC:Creating object #1190=IfcSlab('22Qf$m7qHD0hM1fd6LNis5',#6,'Floor:650 BTG:1609653',$,$,#1179,#1189,'1609653',.FLOOR.)
INFO:ImportIFC:Creating object #1170=IfcSlab('22Qf$m7qHD0hM1fd6LNisL',#6,'RR pile with Pressure Plate:RD140/10:1609637',$,$,#1151,#1169,'1609637',.BASESLAB.)
INFO:ImportIFC:Creating object #1142=IfcSlab('22Qf$m7qHD0hM1fd6LNisK',#6,'RR pile with Pressure Plate:RD140/10:1609636',$,$,#1123,#1141,'1609636',.BASESLAB.)
INFO:ImportIFC:Creating object #1247=IfcSlab('22Qf$m7qHD0hM1fd6LNisC',#6,'RR pile with Pressure Plate:RD140/10:1609660',$,$,#1228,#1246,'1609660',.BASESLAB.)
INFO:ImportIFC:Creating object #1267=IfcSlab('22Qf$m7qHD0hM1fd6LNit_',#6,'Floor:650 BTG:1609678',$,$,#1256,#1266,'1609678',.FLOOR.)
INFO:ImportIFC:Creating object #1219=IfcSlab('22Qf$m7qHD0hM1fd6LNisB',#6,'RR pile with Pressure Plate:RD140/10:1609659',$,$,#1200,#1218,'1609659',.BASESLAB.)
INFO:ImportIFC:Creating object #1344=IfcSlab('22Qf$m7qHD0hM1fd6LNitP',#6,'Floor:650 BTG:1609705',$,$,#1333,#1343,'1609705',.FLOOR.)
INFO:ImportIFC:Creating object #1324=IfcSlab('22Qf$m7qHD0hM1fd6LNitb',#6,'RR pile with Pressure Plate:RD140/10:1609685',$,$,#1305,#1323,'1609685',.BASESLAB.)
INFO:ImportIFC:Creating object #1296=IfcSlab('22Qf$m7qHD0hM1fd6LNita',#6,'RR pile with Pressure Plate:RD140/10:1609684',$,$,#1277,#1295,'1609684',.BASESLAB.)
INFO:ImportIFC:Creating object #1421=IfcSlab('22Qf$m7qHD0hM1fd6LNitE',#6,'Floor:650 BTG:1609726',$,$,#1410,#1420,'1609726',.FLOOR.)
INFO:ImportIFC:Creating object #1401=IfcSlab('22Qf$m7qHD0hM1fd6LNit0',#6,'RR pile with Pressure Plate:RD140/10:1609712',$,$,#1382,#1400,'1609712',.BASESLAB.)
INFO:ImportIFC:Creating object #1450=IfcSlab('22Qf$m7qHD0hM1fd6LNj8q',#6,'RR pile with Pressure Plate:RD140/10:1609732',$,$,#1431,#1449,'1609732',.BASESLAB.)
INFO:ImportIFC:Creating object #1373=IfcSlab('22Qf$m7qHD0hM1fd6LNitV',#6,'RR pile with Pressure Plate:RD140/10:1609711',$,$,#1354,#1372,'1609711',.BASESLAB.)
INFO:ImportIFC:Creating object #1498=IfcSlab('22Qf$m7qHD0hM1fd6LNj8b',#6,'Floor:650 BTG:1609749',$,$,#1487,#1497,'1609749',.FLOOR.)
INFO:ImportIFC:Creating object #1478=IfcSlab('22Qf$m7qHD0hM1fd6LNj8r',#6,'RR pile with Pressure Plate:RD140/10:1609733',$,$,#1459,#1477,'1609733',.BASESLAB.)
INFO:ImportIFC:Creating object #1575=IfcSlab('22Qf$m7qHD0hM1fd6LNj8U',#6,'Floor:650 BTG:1609774',$,$,#1564,#1574,'1609774',.FLOOR.)
INFO:ImportIFC:Creating object #1555=IfcSlab('22Qf$m7qHD0hM1fd6LNj8i',#6,'RR pile with Pressure Plate:RD140/10:1609756',$,$,#1536,#1554,'1609756',.BASESLAB.)
INFO:ImportIFC:Creating object #1527=IfcSlab('22Qf$m7qHD0hM1fd6LNj8h',#6,'RR pile with Pressure Plate:RD140/10:1609755',$,$,#1508,#1526,'1609755',.BASESLAB.)
INFO:ImportIFC:Creating object #1652=IfcSlab('22Qf$m7qHD0hM1fd6LNj9p',#6,'Floor:650 BTG:1609795',$,$,#1641,#1651,'1609795',.FLOOR.)
INFO:ImportIFC:Creating object #1604=IfcSlab('22Qf$m7qHD0hM1fd6LNj84',#6,'RR pile with Pressure Plate:RD140/10:1609780',$,$,#1585,#1603,'1609780',.BASESLAB.)
INFO:ImportIFC:Creating object #1632=IfcSlab('22Qf$m7qHD0hM1fd6LNj85',#6,'RR pile with Pressure Plate:RD140/10:1609781',$,$,#1613,#1631,'1609781',.BASESLAB.)
INFO:ImportIFC:Creating object #1681=IfcSlab('22Qf$m7qHD0hM1fd6LNj9v',#6,'RR pile with Pressure Plate:RD140/10:1609801',$,$,#1662,#1680,'1609801',.BASESLAB.)
INFO:ImportIFC:Creating object #1709=IfcSlab('22Qf$m7qHD0hM1fd6LNj9w',#6,'RR pile with Pressure Plate:RD140/10:1609802',$,$,#1690,#1708,'1609802',.BASESLAB.)
INFO:ImportIFC:Creating object #1729=IfcSlab('22Qf$m7qHD0hM1fd6LNjFa',#6,'Floor:650 BTG:1610196',$,$,#1718,#1728,'1610196',.FLOOR.)
INFO:ImportIFC:Creating object #1758=IfcSlab('22Qf$m7qHD0hM1fd6LNjFg',#6,'RR pile with Pressure Plate:RD140/10:1610202',$,$,#1739,#1757,'1610202',.BASESLAB.)
INFO:ImportIFC:Creating object #1806=IfcSlab('22Qf$m7qHD0hM1fd6LNjPr',#6,'Floor:650 BTG:1610821',$,$,#1795,#1805,'1610821',.FLOOR.)
INFO:ImportIFC:Creating object #1786=IfcSlab('22Qf$m7qHD0hM1fd6LNjFh',#6,'RR pile with Pressure Plate:RD140/10:1610203',$,$,#1767,#1785,'1610203',.BASESLAB.)
INFO:ImportIFC:Creating object #1883=IfcSlab('22Qf$m7qHD0hM1fd6LNje8',#6,'Floor:650 BTG:1611832',$,$,#1872,#1882,'1611832',.FLOOR.)
INFO:ImportIFC:Creating object #1863=IfcSlab('22Qf$m7qHD0hM1fd6LNjPy',#6,'RR pile with Pressure Plate:RD140/10:1610828',$,$,#1844,#1862,'1610828',.BASESLAB.)
INFO:ImportIFC:Creating object #1835=IfcSlab('22Qf$m7qHD0hM1fd6LNjPx',#6,'RR pile with Pressure Plate:RD140/10:1610827',$,$,#1816,#1834,'1610827',.BASESLAB.)
INFO:ImportIFC:Creating object #1960=IfcSlab('1MtA$wfTnE89QqC8Eo6JWM',#6,'Floor:650 BTG:1612922',$,$,#1949,#1959,'1612922',.FLOOR.)
INFO:ImportIFC:Creating object #1912=IfcSlab('22Qf$m7qHD0hM1fd6LNjeE',#6,'RR pile with Pressure Plate:RD140/10:1611838',$,$,#1893,#1911,'1611838',.BASESLAB.)
INFO:ImportIFC:Creating object #1940=IfcSlab('22Qf$m7qHD0hM1fd6LNjeF',#6,'RR pile with Pressure Plate:RD140/10:1611839',$,$,#1921,#1939,'1611839',.BASESLAB.)
INFO:ImportIFC:Creating object #2037=IfcSlab('1MtA$wfTnE89QqC8Eo6Jb_',#6,'Floor:650 BTG:1613074',$,$,#2026,#2036,'1613074',.FLOOR.)
INFO:ImportIFC:Creating object #2017=IfcSlab('1MtA$wfTnE89QqC8Eo6JZj',#6,'RR pile with Pressure Plate:RD140/10:1612929',$,$,#1998,#2016,'1612929',.BASESLAB.)
INFO:ImportIFC:Creating object #1989=IfcSlab('1MtA$wfTnE89QqC8Eo6JZi',#6,'RR pile with Pressure Plate:RD140/10:1612928',$,$,#1970,#1988,'1612928',.BASESLAB.)
INFO:ImportIFC:Creating object #2114=IfcSlab('1MtA$wfTnE89QqC8Eo6Jdm',#6,'Floor:650 BTG:1613212',$,$,#2103,#2113,'1613212',.FLOOR.)
INFO:ImportIFC:Creating object #2094=IfcSlab('1MtA$wfTnE89QqC8Eo6Jbr',#6,'RR pile with Pressure Plate:RD140/10:1613081',$,$,#2075,#2093,'1613081',.BASESLAB.)
INFO:ImportIFC:Creating object #2066=IfcSlab('1MtA$wfTnE89QqC8Eo6Jbq',#6,'RR pile with Pressure Plate:RD140/10:1613080',$,$,#2047,#2065,'1613080',.BASESLAB.)
INFO:ImportIFC:Creating object #2143=IfcSlab('1MtA$wfTnE89QqC8Eo6JdE',#6,'RR pile with Pressure Plate:RD140/10:1613218',$,$,#2124,#2142,'1613218',.BASESLAB.)
INFO:ImportIFC:Creating object #2191=IfcSlab('1MtA$wfTnE89QqC8Eo6JdV',#6,'Floor:650 BTG:1613235',$,$,#2180,#2190,'1613235',.FLOOR.)
INFO:ImportIFC:Creating object #2220=IfcSlab('1MtA$wfTnE89QqC8Eo6JdL',#6,'RR pile with Pressure Plate:RD140/10:1613241',$,$,#2201,#2219,'1613241',.BASESLAB.)
INFO:ImportIFC:Creating object #2171=IfcSlab('1MtA$wfTnE89QqC8Eo6JdF',#6,'RR pile with Pressure Plate:RD140/10:1613219',$,$,#2152,#2170,'1613219',.BASESLAB.)
INFO:ImportIFC:Creating object #2316=IfcWall('0vnaqzM3X1993q3wmO1SFC',#6,'Basic Wall:Concrete - Cast-in-Place - 412:1618544',$,$,#2259,#2264,'1618544')
INFO:ImportIFC:Creating object #2248=IfcSlab('1MtA$wfTnE89QqC8Eo6JdM',#6,'RR pile with Pressure Plate:RD140/10:1613242',$,$,#2229,#2247,'1613242',.BASESLAB.)
INFO:ImportIFC:Creating object #2348=IfcSlab('2TpkYqaPTCqhVRlCXguJqL',#6,'Floor:500 BTG:1623642',$,$,#2330,#2347,'1623642',.FLOOR.)
INFO:ImportIFC:Creating object #2377=IfcWallStandardCase('3U976yoxP4kAVQbLmq$_qo',#6,'Basic Wall:Concrete - Cast-in-Place - 200:1624429',$,$,#2364,#2368,'1624429')
INFO:ImportIFC:Creating object #2429=IfcWallStandardCase('3U976yoxP4kAVQbLmq$_qf',#6,'Basic Wall:Concrete - Cast-in-Place - 200:1624438',$,$,#2417,#2421,'1624438')
INFO:ImportIFC:Creating object #2401=IfcSlab('3U976yoxP4kAVQbLmq$_ql',#6,'Floor:250 BTG:1624432',$,$,#2390,#2400,'1624432',.FLOOR.)
INFO:ImportIFC:Creating object #2477=IfcWallStandardCase('3U976yoxP4kAVQbLmq$_tB',#6,'Basic Wall:Concrete - Cast-in-Place - 200:1624468',$,$,#2465,#2469,'1624468')
INFO:ImportIFC:Creating object #2453=IfcWallStandardCase('3U976yoxP4kAVQbLmq$_qe',#6,'Basic Wall:Concrete - Cast-in-Place - 200:1624439',$,$,#2441,#2445,'1624439')
INFO:ImportIFC:Creating object #2551=IfcSlab('3IXkosVlr2wuA56b_H17D4',#6,'Floor:650 BTG:1628477',$,$,#2540,#2550,'1628477',.FLOOR.)
INFO:ImportIFC:Creating object #2498=IfcSlab('0F9t5p45X9Vf$Klq95QZJD',#6,'Floor:550 BTG:1626885',$,$,#2487,#2497,'1626885',.FLOOR.)
INFO:ImportIFC:Creating object #2608=IfcSlab('3IXkosVlr2wuA56b_H17Cz',#6,'RR pile with Pressure Plate:RD140/10:1628484',$,$,#2589,#2607,'1628484',.BASESLAB.)
INFO:ImportIFC:Creating object #2580=IfcSlab('3IXkosVlr2wuA56b_H17Cw',#6,'RR pile with Pressure Plate:RD140/10:1628483',$,$,#2561,#2579,'1628483',.BASESLAB.)
INFO:ImportIFC:Creating object #2531=IfcSlab('0F9t5p45X9Vf$Klq95QZBK',#6,'RR pile with Pressure Plate:RD140/10:1627420',$,$,#2512,#2530,'1627420',.BASESLAB.)
INFO:ImportIFC:Creating object #2628=IfcSlab('3IXkosVlr2wuA56b_H17Cn',#6,'Floor:650 BTG:1628488',$,$,#2617,#2627,'1628488',.FLOOR.)
INFO:ImportIFC:Creating object #2705=IfcSlab('3IXkosVlr2wuA56b_H17CD',#6,'Floor:650 BTG:1628532',$,$,#2694,#2704,'1628532',.FLOOR.)
INFO:ImportIFC:Creating object #2657=IfcSlab('3IXkosVlr2wuA56b_H17Ct',#6,'RR pile with Pressure Plate:RD140/10:1628494',$,$,#2638,#2656,'1628494',.BASESLAB.)
INFO:ImportIFC:Creating object #2685=IfcSlab('3IXkosVlr2wuA56b_H17Cs',#6,'RR pile with Pressure Plate:RD140/10:1628495',$,$,#2666,#2684,'1628495',.BASESLAB.)
INFO:ImportIFC:Creating object #2782=IfcSlab('3IXkosVlr2wuA56b_H17Fi',#6,'Floor:650 BTG:1628565',$,$,#2771,#2781,'1628565',.FLOOR.)
INFO:ImportIFC:Creating object #2762=IfcSlab('3IXkosVlr2wuA56b_H17C2',#6,'RR pile with Pressure Plate:RD140/10:1628539',$,$,#2743,#2761,'1628539',.BASESLAB.)
INFO:ImportIFC:Creating object #2734=IfcSlab('3IXkosVlr2wuA56b_H17C3',#6,'RR pile with Pressure Plate:RD140/10:1628538',$,$,#2715,#2733,'1628538',.BASESLAB.)
INFO:ImportIFC:Creating object #2839=IfcSlab('3IXkosVlr2wuA56b_H17Fb',#6,'RR pile with Pressure Plate:RD140/10:1628572',$,$,#2820,#2838,'1628572',.BASESLAB.)
INFO:ImportIFC:Creating object #2811=IfcSlab('3IXkosVlr2wuA56b_H17FY',#6,'RR pile with Pressure Plate:RD140/10:1628571',$,$,#2792,#2810,'1628571',.BASESLAB.)
INFO:ImportIFC:Creating object #2859=IfcSlab('3IXkosVlr2wuA56b_H17FP',#6,'Floor:650 BTG:1628576',$,$,#2848,#2858,'1628576',.FLOOR.)
INFO:ImportIFC:Creating object #2936=IfcSlab('3IXkosVlr2wuA56b_H17FI',#6,'Floor:650 BTG:1628587',$,$,#2925,#2935,'1628587',.FLOOR.)
INFO:ImportIFC:Creating object #2916=IfcSlab('3IXkosVlr2wuA56b_H17FU',#6,'RR pile with Pressure Plate:RD140/10:1628583',$,$,#2897,#2915,'1628583',.BASESLAB.)
INFO:ImportIFC:Creating object #2888=IfcSlab('3IXkosVlr2wuA56b_H17FV',#6,'RR pile with Pressure Plate:RD140/10:1628582',$,$,#2869,#2887,'1628582',.BASESLAB.)
INFO:ImportIFC:Creating object #3013=IfcSlab('3IXkosVlr2wuA56b_H17Eu',#6,'Floor:650 BTG:1628609',$,$,#3002,#3012,'1628609',.FLOOR.)
INFO:ImportIFC:Creating object #2965=IfcSlab('3IXkosVlr2wuA56b_H17F8',#6,'RR pile with Pressure Plate:RD140/10:1628593',$,$,#2946,#2964,'1628593',.BASESLAB.)
INFO:ImportIFC:Creating object #2993=IfcSlab('3IXkosVlr2wuA56b_H17FB',#6,'RR pile with Pressure Plate:RD140/10:1628594',$,$,#2974,#2992,'1628594',.BASESLAB.)
INFO:ImportIFC:Creating object #3090=IfcSlab('3IXkosVlr2wuA56b_H17Er',#6,'Floor:650 BTG:1628620',$,$,#3079,#3089,'1628620',.FLOOR.)
INFO:ImportIFC:Creating object #3042=IfcSlab('3IXkosVlr2wuA56b_H17E_',#6,'RR pile with Pressure Plate:RD140/10:1628615',$,$,#3023,#3041,'1628615',.BASESLAB.)
INFO:ImportIFC:Creating object #3070=IfcSlab('3IXkosVlr2wuA56b_H17En',#6,'RR pile with Pressure Plate:RD140/10:1628616',$,$,#3051,#3069,'1628616',.BASESLAB.)
INFO:ImportIFC:Creating object #3119=IfcSlab('3IXkosVlr2wuA56b_H17Eh',#6,'RR pile with Pressure Plate:RD140/10:1628626',$,$,#3100,#3118,'1628626',.BASESLAB.)
INFO:ImportIFC:Creating object #3167=IfcSlab('3IXkosVlr2wuA56b_H170I',#6,'Floor:550 BTG:1628779',$,$,#3156,#3166,'1628779',.FLOOR.)
INFO:ImportIFC:Creating object #3147=IfcSlab('3IXkosVlr2wuA56b_H17Eg',#6,'RR pile with Pressure Plate:RD140/10:1628627',$,$,#3128,#3146,'1628627',.BASESLAB.)
INFO:ImportIFC:Creating object #3216=IfcSlab('3IXkosVlr2wuA56b_H1706',#6,'Floor:550 BTG:1628799',$,$,#3205,#3215,'1628799',.FLOOR.)
INFO:ImportIFC:Creating object #3265=IfcSlab('3IXkosVlr2wuA56b_H173g',#6,'Floor:550 BTG:1628819',$,$,#3254,#3264,'1628819',.FLOOR.)
INFO:ImportIFC:Creating object #3196=IfcSlab('3IXkosVlr2wuA56b_H1708',#6,'RR pile with Pressure Plate:RD140/10:1628785',$,$,#3177,#3195,'1628785',.BASESLAB.)
INFO:ImportIFC:Creating object #3314=IfcSlab('3IXkosVlr2wuA56b_H172I',#6,'Floor:550 BTG:1628907',$,$,#3303,#3313,'1628907',.FLOOR.)
INFO:ImportIFC:Creating object #3245=IfcSlab('3IXkosVlr2wuA56b_H173y',#6,'RR pile with Pressure Plate:RD140/10:1628805',$,$,#3226,#3244,'1628805',.BASESLAB.)
INFO:ImportIFC:Creating object #3294=IfcSlab('3IXkosVlr2wuA56b_H173W',#6,'RR pile with Pressure Plate:RD140/10:1628825',$,$,#3275,#3293,'1628825',.BASESLAB.)
INFO:ImportIFC:Creating object #3363=IfcSlab('25R6qIJ7HCRAqxNnHbcXCo',#6,'Floor:650 BTG:1629005',$,$,#3352,#3362,'1629005',.FLOOR.)
INFO:ImportIFC:Creating object #3343=IfcSlab('3IXkosVlr2wuA56b_H1728',#6,'RR pile with Pressure Plate:RD140/10:1628913',$,$,#3324,#3342,'1628913',.BASESLAB.)
INFO:ImportIFC:Creating object #3420=IfcSlab('25R6qIJ7HCRAqxNnHbcXCh',#6,'RR pile with Pressure Plate:RD140/10:1629012',$,$,#3401,#3419,'1629012',.BASESLAB.)
INFO:ImportIFC:Creating object #3392=IfcSlab('25R6qIJ7HCRAqxNnHbcXCi',#6,'RR pile with Pressure Plate:RD140/10:1629011',$,$,#3373,#3391,'1629011',.BASESLAB.)
INFO:ImportIFC:Creating object #3450=IfcSlab('309$ipA4H7Nec9AVcxMgFV',#6,'RR pile with Pressure Plate:RD140/10:1632081',$,$,#3429,#3449,'1632081',.BASESLAB.)
INFO:ImportIFC:Creating object #3507=IfcSlab('1QPOUNVTb3XwCFwF4fprQO',#6,'RR pile with Pressure Plate:RD140/10:1637530',$,$,#3488,#3506,'1637530',.BASESLAB.)
INFO:ImportIFC:Creating object #3479=IfcSlab('1QPOUNVTb3XwCFwF4fpr4h',#6,'RR pile with Pressure Plate:RD140/10:1637161',$,$,#3460,#3478,'1637161',.BASESLAB.)
INFO:ImportIFC:Creating object #3592=IfcSlab('0lEd2Iu$94IQY13zZOhXm5',#6,'Floor:500 BTG:1638230',$,$,#3572,#3591,'1638230',.FLOOR.)
INFO:ImportIFC:Creating object #3535=IfcSlab('1QPOUNVTb3XwCFwF4fprSD',#6,'RR pile with Pressure Plate:RD140/10:1637647',$,$,#3516,#3534,'1637647',.BASESLAB.)
INFO:ImportIFC:Creating object #3563=IfcSlab('1QPOUNVTb3XwCFwF4fprUy',#6,'RR pile with Pressure Plate:RD140/10:1637822',$,$,#3544,#3562,'1637822',.BASESLAB.)
INFO:ImportIFC:Creating object #3652=IfcSlab('0z95fqNuj3bx7HTx6Xs6Mt',#6,'RR pile with Pressure Plate:RD140/10:1642499',$,$,#3633,#3651,'1642499',.BASESLAB.)
INFO:ImportIFC:Creating object #3623=IfcSlab('0z95fqNuj3bx7HTx6Xs7iP',#6,'RR pile with Pressure Plate:RD140/10:1642157',$,$,#3602,#3622,'1642157',.BASESLAB.)
INFO:ImportIFC:Creating object #3682=IfcSlab('0z95fqNuj3bx7HTx6Xs6LG',#6,'RR pile with Pressure Plate:RD140/10:1642724',$,$,#3661,#3681,'1642724',.BASESLAB.)
INFO:ImportIFC:Creating object #3738=IfcSlab('0z95fqNuj3bx7HTx6Xs6Uu',#6,'RR pile with Pressure Plate:RD140/10:1643020',$,$,#3719,#3737,'1643020',.BASESLAB.)
INFO:ImportIFC:Creating object #3710=IfcSlab('0z95fqNuj3bx7HTx6Xs6JE',#6,'RR pile with Pressure Plate:RD140/10:1642874',$,$,#3691,#3709,'1642874',.BASESLAB.)
INFO:ImportIFC:Creating object #3766=IfcSlab('0z95fqNuj3bx7HTx6Xs6Sy',#6,'RR pile with Pressure Plate:RD140/10:1643144',$,$,#3747,#3765,'1643144',.BASESLAB.)
INFO:ImportIFC:Creating object #3848=IfcSlab('0elcjjBqT2WuSfhpvTmG$O',#6,'Floor:500 BTG:1660715',$,$,#3803,#3847,'1660715',.FLOOR.)
INFO:ImportIFC:Creating object #3901=IfcWallStandardCase('0Dl2Km$jXE1hKGR8r6jn0o',#6,'Basic Wall:Concrete - Cast-in-Place - 200:1667205',$,$,#3889,#3893,'1667205')
INFO:ImportIFC:Creating object #3873=IfcSlab('0elcjjBqT2WuSfhpvTmG7h',#6,'Floor:Concrete - Cast-in-Place - 150:1661208',$,$,#3857,#3872,'1661208',.FLOOR.)
INFO:ImportIFC:Creating object #3925=IfcWallStandardCase('0Dl2Km$jXE1hKGR8r6jn0n',#6,'Basic Wall:Concrete - Cast-in-Place - 200:1667206',$,$,#3913,#3917,'1667206')
INFO:ImportIFC:Creating object #3949=IfcWallStandardCase('0Dl2Km$jXE1hKGR8r6jn0m',#6,'Basic Wall:Concrete - Cast-in-Place - 200:1667207',$,$,#3937,#3941,'1667207')
INFO:ImportIFC:Creating object #3973=IfcWallStandardCase('0Dl2Km$jXE1hKGR8r6jn0$',#6,'Basic Wall:Concrete - Cast-in-Place - 200:1667208',$,$,#3961,#3965,'1667208')
INFO:ImportIFC:Creating object #3997=IfcWallStandardCase('0Dl2Km$jXE1hKGR8r6jn0a',#6,'Basic Wall:Concrete - Cast-in-Place - 200:1667219',$,$,#3985,#3989,'1667219')
INFO:ImportIFC:Creating object #4021=IfcWallStandardCase('0Dl2Km$jXE1hKGR8r6jn0Z',#6,'Basic Wall:Concrete - Cast-in-Place - 200:1667220',$,$,#4009,#4013,'1667220')
INFO:ImportIFC:Creating object #4082=IfcSlab('0Dl2Km$jXE1hKGR8r6jn0l',#6,'Floor:Concrete - Cast-in-Place - 200:1667224',$,$,#4055,#4081,'1667224',.FLOOR.)
INFO:ImportIFC:Creating object #4045=IfcWallStandardCase('0Dl2Km$jXE1hKGR8r6jn0Y',#6,'Basic Wall:Concrete - Cast-in-Place - 200:1667221',$,$,#4033,#4037,'1667221')
INFO:ImportIFC:Creating object #3794=IfcSlab('1pYdUfaX9FtQcqpUiHo8RL',#6,'RR pile with Pressure Plate:RD140/10:1654809',$,$,#3775,#3793,'1654809',.BASESLAB.)
INFO:ImportIFC:Creating object #4154=IfcWallStandardCase('0Dl2Km$jXE1hKGR8r6jnQa',#6,'Basic Wall:Concrete - Cast-in-Place - 200:1668627',$,$,#4142,#4146,'1668627')
INFO:ImportIFC:Creating object #4130=IfcWallStandardCase('0Dl2Km$jXE1hKGR8r6jnCC',#6,'Basic Wall:Concrete - Cast-in-Place - 200:1668027',$,$,#4118,#4122,'1668027')
INFO:ImportIFC:Creating object #4178=IfcWallStandardCase('0Dl2Km$jXE1hKGR8r6jnTM',#6,'Basic Wall:Concrete - Cast-in-Place - 200:1669089',$,$,#4166,#4170,'1669089')
INFO:ImportIFC:Creating object #4106=IfcWallStandardCase('0Dl2Km$jXE1hKGR8r6jn0Q',#6,'Basic Wall:Concrete - Cast-in-Place - 200:1667245',$,$,#4094,#4098,'1667245')
INFO:ImportIFC:Creating object #4207=IfcSlab('2W9iUIrLP7xQWljilRVfAP',#6,'RR pile with Pressure Plate:RD140/10:1676344',$,$,#4188,#4206,'1676344',.BASESLAB.)
INFO:ImportIFC:Creating object #4263=IfcSlab('2W9iUIrLP7xQWljilRVfwS',#6,'RR pile with Pressure Plate:RD140/10:1677373',$,$,#4244,#4262,'1677373',.BASESLAB.)
INFO:ImportIFC:Creating object #4235=IfcSlab('2W9iUIrLP7xQWljilRVf7o',#6,'RR pile with Pressure Plate:RD140/10:1677139',$,$,#4216,#4234,'1677139',.BASESLAB.)
INFO:ImportIFC:Creating object #4348=IfcWallStandardCase('2G336sV9rCvAEY_NVepGuz',#6,'Basic Wall:Concrete - Cast-in-Place - 200:1687963',$,$,#4336,#4340,'1687963')
INFO:ImportIFC:Creating object #4372=IfcWallStandardCase('2G336sV9rCvAEY_NVepGv3',#6,'Basic Wall:Concrete - Cast-in-Place - 200:1688037',$,$,#4360,#4364,'1688037')
INFO:ImportIFC:Creating object #4502=IfcWallStandardCase('3E_iZLL3H2vvVGDBOlHiMF',#6,'Basic Wall:Concrete - Cast-in-Place - 200:1689305',$,$,#4490,#4494,'1689305')
INFO:ImportIFC:Creating object #4475=IfcSlab('3E_iZLL3H2vvVGDBOlHi1S',#6,'Floor:265 BTG:1688330',$,$,#4382,#4474,'1688330',.FLOOR.)
INFO:ImportIFC:Creating object #4580=IfcSlab('3E_iZLL3H2vvVGDBOlHiMZ',#6,'Floor:265 BTG:1689333',$,$,#4512,#4579,'1689333',.FLOOR.)
INFO:ImportIFC:Creating object #4603=IfcSlab('3E_iZLL3H2vvVGDBOlHikr',#6,'Floor:265 BTG:1689827',$,$,#4589,#4602,'1689827',.FLOOR.)
INFO:ImportIFC:Creating object #4660=IfcWallStandardCase('1Bln_veFj7puNDSsr8lEvN',#6,'Basic Wall:Concrete - Cast-in-Place - 200:1693045',$,$,#4643,#4647,'1693045')
INFO:ImportIFC:Creating object #4627=IfcSlab('3E_iZLL3H2vvVGDBOlHi$7',#6,'Floor:200 BTG:1690769',$,$,#4613,#4626,'1690769',.FLOOR.)
INFO:ImportIFC:Creating object #4688=IfcWallStandardCase('1Bln_veFj7puNDSsr8lEvP',#6,'Basic Wall:Concrete - Cast-in-Place - 200:1693051',$,$,#4672,#4676,'1693051')
INFO:ImportIFC:Creating object #4716=IfcWallStandardCase('1Bln_veFj7puNDSsr8lEwW',#6,'Basic Wall:Concrete - Cast-in-Place - 200:1693058',$,$,#4700,#4704,'1693058')
INFO:ImportIFC:Creating object #4792=IfcSlab('1Bln_veFj7puNDSsr8lEts',#6,'Floor:200 BTG:1693396',$,$,#4778,#4791,'1693396',.FLOOR.)
INFO:ImportIFC:Creating object #4816=IfcSlab('1Bln_veFj7puNDSsr8lEmX',#6,'Floor:265 BTG:1693443',$,$,#4802,#4815,'1693443',.FLOOR.)
INFO:ImportIFC:Creating object #4840=IfcSlab('1Bln_veFj7puNDSsr8lEm6',#6,'Floor:265 BTG:1693476',$,$,#4826,#4839,'1693476',.FLOOR.)
INFO:ImportIFC:Creating object #4864=IfcWallStandardCase('15AI333QL7C918c1wk5uAx',#6,'Basic Wall:Concrete - Cast-in-Place - 200:1802941',$,$,#4852,#4856,'1802941')
INFO:ImportIFC:Creating object #4893=IfcSlab('32M627M150O9dqKzk0$dgu',#6,'RR pile with Pressure Plate:RD140/10:1966131',$,$,#4874,#4892,'1966131',.BASESLAB.)
INFO:ImportIFC:Creating object #4923=IfcSlab('2wsE$64bfAxOtyS9ts4Wo7',#6,'RR pile with Pressure Plate:RD140/10:1980282',$,$,#4902,#4922,'1980282',.BASESLAB.)
INFO:ImportIFC:Creating object #4954=IfcSlab('2wsE$64bfAxOtyS9ts4W5B',#6,'RR pile with Pressure Plate:RD140/10:1981110',$,$,#4933,#4953,'1981110',.BASESLAB.)
INFO:ImportIFC:Creating object #4985=IfcSlab('1Qm8M6QFL9gBqZjv03DRXL',#6,'RR pile with Pressure Plate:RD140/10:1984021',$,$,#4964,#4984,'1984021',.BASESLAB.)
INFO:ImportIFC:Creating object #5016=IfcSlab('0Qtshb6E1EWPi4a9CLXdXj',#6,'RR pile with Pressure Plate:RD140/10:2025338',$,$,#4995,#5015,'2025338',.BASESLAB.)
INFO:ImportIFC:Creating object #4747=IfcWallStandardCase('1Bln_veFj7puNDSsr8lEwg',#6,'Basic Wall:Concrete - Cast-in-Place - 200:1693064',$,$,#4728,#4732,'1693064')
INFO:ImportIFC:Creating object #5036=IfcSlab('2optMPCh583eJUrYS1XSuw',#6,'Floor:650 BTG:2118550',$,$,#5025,#5035,'2118550',.FLOOR.)
INFO:ImportIFC:Creating object #5093=IfcSlab('2optMPCh583eJUrYS1XSun',#6,'RR pile with Pressure Plate:RD140/10:2118557',$,$,#5074,#5092,'2118557',.BASESLAB.)
INFO:ImportIFC:Creating object #5065=IfcSlab('2optMPCh583eJUrYS1XSum',#6,'RR pile with Pressure Plate:RD140/10:2118556',$,$,#5046,#5064,'2118556',.BASESLAB.)
INFO:ImportIFC:Creating object #5142=IfcSlab('2optMPCh583eJUrYS1XSci',#6,'RR pile with Pressure Plate:RD140/10:2118656',$,$,#5123,#5141,'2118656',.BASESLAB.)
INFO:ImportIFC:Creating object #5113=IfcSlab('2optMPCh583eJUrYS1XSvM',#6,'Floor:650 BTG:2118650',$,$,#5102,#5112,'2118650',.FLOOR.)
INFO:ImportIFC:Creating object #5170=IfcSlab('2optMPCh583eJUrYS1XScj',#6,'RR pile with Pressure Plate:RD140/10:2118657',$,$,#5151,#5169,'2118657',.BASESLAB.)
INFO:ImportIFC:Creating object #5190=IfcSlab('2optMPCh583eJUrYS1XSWl',#6,'Floor:650 BTG:2119043',$,$,#5179,#5189,'2119043',.FLOOR.)
INFO:ImportIFC:Creating object #5247=IfcSlab('2optMPCh583eJUrYS1XSWc',#6,'RR pile with Pressure Plate:RD140/10:2119050',$,$,#5228,#5246,'2119050',.BASESLAB.)
INFO:ImportIFC:Creating object #5267=IfcSlab('2optMPCh583eJUrYS1XSX3',#6,'Floor:650 BTG:2119151',$,$,#5256,#5266,'2119151',.FLOOR.)
INFO:ImportIFC:Creating object #5219=IfcSlab('2optMPCh583eJUrYS1XSWb',#6,'RR pile with Pressure Plate:RD140/10:2119049',$,$,#5200,#5218,'2119049',.BASESLAB.)
INFO:ImportIFC:Creating object #4286=IfcWallStandardCase('2G336sV9rCvAEY_NVepG_X',#6,'Basic Wall:Concrete - Cast-in-Place - 200:1687559',$,$,#4274,#4278,'1687559')
INFO:ImportIFC:Creating object #5296=IfcSlab('2optMPCh583eJUrYS1XSXP',#6,'RR pile with Pressure Plate:RD140/10:2119157',$,$,#5277,#5295,'2119157',.BASESLAB.)
INFO:ImportIFC:Creating object #5324=IfcSlab('2optMPCh583eJUrYS1XSXQ',#6,'RR pile with Pressure Plate:RD140/10:2119158',$,$,#5305,#5323,'2119158',.BASESLAB.)
INFO:ImportIFC:Creating object #5344=IfcSlab('2optMPCh583eJUrYS1XSi5',#6,'Floor:650 BTG:2119337',$,$,#5333,#5343,'2119337',.FLOOR.)
INFO:ImportIFC:Creating object #5431=IfcSlab('0XSQ7nlrv2SOLJnqA$n6UU',#6,'RR pile with Pressure Plate:RD140/10:2263637',$,$,#5410,#5430,'2263637',.BASESLAB.)
INFO:ImportIFC:Creating object #5373=IfcSlab('2optMPCh583eJUrYS1XSi3',#6,'RR pile with Pressure Plate:RD140/10:2119343',$,$,#5354,#5372,'2119343',.BASESLAB.)
INFO:ImportIFC:Creating object #5401=IfcSlab('2optMPCh583eJUrYS1XSiS',#6,'RR pile with Pressure Plate:RD140/10:2119344',$,$,#5382,#5400,'2119344',.BASESLAB.)
INFO:ImportIFC:Creating object #5526=IfcSlab('3rxOTX6O16R8Y381PrfeAB',#6,'Floor:650 BTG:2611757',$,$,#5515,#5525,'2611757',.FLOOR.)
INFO:ImportIFC:Creating object #5555=IfcSlab('3rxOTX6O16R8Y381PrfeAL',#6,'RR pile with Pressure Plate:RD140/10:2611763',$,$,#5536,#5554,'2611763',.BASESLAB.)
INFO:ImportIFC:Creating object #5603=IfcSlab('3rxOTX6O16R8Y381PrfeCh',#6,'Floor:650 BTG:2612109',$,$,#5592,#5602,'2612109',.FLOOR.)
INFO:ImportIFC:Creating object #5583=IfcSlab('3rxOTX6O16R8Y381PrfeAI',#6,'RR pile with Pressure Plate:RD140/10:2611764',$,$,#5564,#5582,'2611764',.BASESLAB.)
INFO:ImportIFC:Creating object #5632=IfcSlab('3rxOTX6O16R8Y381PrfeCr',#6,'RR pile with Pressure Plate:RD140/10:2612115',$,$,#5613,#5631,'2612115',.BASESLAB.)
INFO:ImportIFC:Creating object #5680=IfcSlab('3rxOTX6O16R8Y381PrfeJX',#6,'Floor:650 BTG:2612295',$,$,#5669,#5679,'2612295',.FLOOR.)
INFO:ImportIFC:Creating object #5660=IfcSlab('3rxOTX6O16R8Y381PrfeCo',#6,'RR pile with Pressure Plate:RD140/10:2612116',$,$,#5641,#5659,'2612116',.BASESLAB.)
INFO:ImportIFC:Creating object #5709=IfcSlab('3rxOTX6O16R8Y381PrfeJh',#6,'RR pile with Pressure Plate:RD140/10:2612301',$,$,#5690,#5708,'2612301',.BASESLAB.)
INFO:ImportIFC:Creating object #5757=IfcSlab('1IzND9vID1TxKyM4ksLu$1',#6,'Floor:650 BTG:2614588',$,$,#5746,#5756,'2614588',.FLOOR.)
INFO:ImportIFC:Creating object #5737=IfcSlab('3rxOTX6O16R8Y381PrfeJe',#6,'RR pile with Pressure Plate:RD140/10:2612302',$,$,#5718,#5736,'2612302',.BASESLAB.)
INFO:ImportIFC:Creating object #5786=IfcSlab('1IzND9vID1TxKyM4ksLu_$',#6,'RR pile with Pressure Plate:RD140/10:2614594',$,$,#5767,#5785,'2614594',.BASESLAB.)
INFO:ImportIFC:Creating object #5814=IfcSlab('1IzND9vID1TxKyM4ksLu__',#6,'RR pile with Pressure Plate:RD140/10:2614595',$,$,#5795,#5813,'2614595',.BASESLAB.)
INFO:ImportIFC:Creating object #5862=IfcSlab('3sn7W$0ePC2ev$$yCd5HvZ',#6,'Floor:100 BTG:2619762',$,$,#5851,#5861,'2619762',.FLOOR.)
INFO:ImportIFC:Creating object #5842=IfcSlab('3sn7W$0ePC2ev$$yCd5Hv_',#6,'RR pile with Pressure Plate:RD140/10:2619759',$,$,#5823,#5841,'2619759',.BASESLAB.)
INFO:ImportIFC:Creating object #5891=IfcSlab('3sn7W$0ePC2ev$$yCd5Hw7',#6,'RR pile with Pressure Plate:RD140/10:2619798',$,$,#5872,#5890,'2619798',.BASESLAB.)
INFO:ImportIFC:Creating object #5911=IfcSlab('3sn7W$0ePC2ev$$yCd5Hw8',#6,'Floor:100 BTG:2619801',$,$,#5900,#5910,'2619801',.FLOOR.)
INFO:ImportIFC:Creating object #5960=IfcSlab('3sn7W$0ePC2ev$$yCd5HxH',#6,'Floor:100 BTG:2619840',$,$,#5949,#5959,'2619840',.FLOOR.)
INFO:ImportIFC:Creating object #5989=IfcSlab('3sn7W$0ePC2ev$$yCd5Hxr',#6,'RR pile with Pressure Plate:RD140/10:2619876',$,$,#5970,#5988,'2619876',.BASESLAB.)
INFO:ImportIFC:Creating object #5940=IfcSlab('3sn7W$0ePC2ev$$yCd5Hwi',#6,'RR pile with Pressure Plate:RD140/10:2619837',$,$,#5921,#5939,'2619837',.BASESLAB.)
INFO:ImportIFC:Creating object #6009=IfcSlab('3sn7W$0ePC2ev$$yCd5Hxs',#6,'Floor:100 BTG:2619879',$,$,#5998,#6008,'2619879',.FLOOR.)
INFO:ImportIFC:Creating object #6033=IfcWallStandardCase('2GJ687PRH0mw5XoMlivwnw',#6,'Basic Wall:Concrete - Cast-in-Place - 300:2649525',$,$,#6021,#6025,'2649525')
INFO:ImportIFC:Creating object #6058=IfcSlab('01Icbl$RfFpOj$md1Yy6iq',#6,'Floor:280 BTG:2652429',$,$,#6047,#6057,'2652429',.FLOOR.)
INFO:ImportIFC:Creating object #6104=IfcWallStandardCase('01Icbl$RfFpOj$md1Yy6oU',#6,'Basic Wall:Concrete - Cast-in-Place - 300:2653863',$,$,#6092,#6096,'2653863')
INFO:ImportIFC:Creating object #6125=IfcSlab('01Icbl$RfFpOj$md1Yy6oJ',#6,'Floor:280 BTG:2653866',$,$,#6114,#6124,'2653866',.FLOOR.)
INFO:ImportIFC:Creating object #6149=IfcWallStandardCase('01Icbl$RfFpOj$md1Yy6qj',#6,'Basic Wall:Concrete - Cast-in-Place - 300:2653972',$,$,#6137,#6141,'2653972')
INFO:ImportIFC:Creating object #6170=IfcSlab('01Icbl$RfFpOj$md1Yy6qk',#6,'Floor:280 BTG:2653975',$,$,#6159,#6169,'2653975',.FLOOR.)
INFO:ImportIFC:Creating object #6194=IfcWallStandardCase('01Icbl$RfFpOj$md1Yy6qM',#6,'Basic Wall:Concrete - Cast-in-Place - 300:2653999',$,$,#6182,#6186,'2653999')
INFO:ImportIFC:Creating object #6215=IfcSlab('01Icbl$RfFpOj$md1Yy6qB',#6,'Floor:280 BTG:2654002',$,$,#6204,#6214,'2654002',.FLOOR.)
INFO:ImportIFC:Creating object #6284=IfcWallStandardCase('3K8C6GlZfE3QlT3xAYvUWt',#6,'Basic Wall:Concrete - Cast-in-Place - 235:2795778',$,$,#6272,#6276,'2795778')
INFO:ImportIFC:Creating object #6312=IfcWallStandardCase('3K8C6GlZfE3QlT3xAYvUeU',#6,'Basic Wall:Concrete - Cast-in-Place - 255:2796331',$,$,#6300,#6304,'2796331')
INFO:ImportIFC:Creating object #6340=IfcWallStandardCase('3K8C6GlZfE3QlT3xAYvUtO',#6,'Basic Wall:Concrete - Cast-in-Place - 255:2796781',$,$,#6328,#6332,'2796781')
INFO:ImportIFC:Creating object #6364=IfcWallStandardCase('3K8C6GlZfE3QlT3xAYvUpo',#6,'Basic Wall:Concrete - Cast-in-Place - 255:2796999',$,$,#6352,#6356,'2796999')
INFO:ImportIFC:Creating object #6388=IfcWallStandardCase('3K8C6GlZfE3QlT3xAYvVCK',#6,'Basic Wall:Concrete - Cast-in-Place - 235:2798113',$,$,#6376,#6380,'2798113')
INFO:ImportIFC:Creating object #6412=IfcWallStandardCase('3TGLzgck1BcAIvkHAqUuVz',#6,'Basic Wall:Concrete - Cast-in-Place - 360:2798497',$,$,#6400,#6404,'2798497')
INFO:ImportIFC:Creating object #6440=IfcWallStandardCase('3TGLzgck1BcAIvkHAqUu6H',#6,'Basic Wall:Concrete - Cast-in-Place - 360:2799053',$,$,#6428,#6432,'2799053')
INFO:ImportIFC:Creating object #6464=IfcWallStandardCase('3TGLzgck1BcAIvkHAqUu66',#6,'Basic Wall:Concrete - Cast-in-Place - 360:2799066',$,$,#6452,#6456,'2799066')
INFO:ImportIFC:Creating object #6488=IfcWallStandardCase('3TGLzgck1BcAIvkHAqUu6$',#6,'Basic Wall:Concrete - Cast-in-Place - 360:2799075',$,$,#6476,#6480,'2799075')
INFO:ImportIFC:Creating object #6512=IfcWallStandardCase('3TGLzgck1BcAIvkHAqUu6m',#6,'Basic Wall:Concrete - Cast-in-Place - 360:2799084',$,$,#6500,#6504,'2799084')
INFO:ImportIFC:Creating object #6536=IfcWallStandardCase('3TGLzgck1BcAIvkHAqUuAH',#6,'Basic Wall:Concrete - Cast-in-Place - 235:2799309',$,$,#6524,#6528,'2799309')
INFO:ImportIFC:Creating object #6560=IfcWallStandardCase('3TGLzgck1BcAIvkHAqUunQ',#6,'Basic Wall:Concrete - Cast-in-Place - 235:2799622',$,$,#6548,#6552,'2799622')
INFO:ImportIFC:Creating object #6584=IfcWallStandardCase('3TGLzgck1BcAIvkHAqUuvR',#6,'Basic Wall:Concrete - Cast-in-Place - 235:2800135',$,$,#6572,#6576,'2800135')
INFO:ImportIFC:Creating object #6608=IfcWallStandardCase('3TGLzgck1BcAIvkHAqUu$9',#6,'Basic Wall:Concrete - Cast-in-Place - 235:2800533',$,$,#6596,#6600,'2800533')
INFO:ImportIFC:Creating object #6653=IfcWall('3TGLzgck1BcAIvkHAqUugz',#6,'Basic Wall:Concrete - Cast-in-Place - 235:2801377',$,$,#6620,#6624,'2801377')
INFO:ImportIFC:Creating object #6255=IfcSlab('01Icbl$RfFpOj$md1Yy6sg',#6,'Floor:150 BTG:2654099',$,$,#6225,#6254,'2654099',.FLOOR.)
INFO:ImportIFC:Creating object #6700=IfcWallStandardCase('3TGLzgck1BcAIvkHAqU$nG',#6,'Basic Wall:Concrete - Cast-in-Place - 360:2803724',$,$,#6688,#6692,'2803724')
INFO:ImportIFC:Creating object #6676=IfcWallStandardCase('3TGLzgck1BcAIvkHAqU$LB',#6,'Basic Wall:Concrete - Cast-in-Place - 235:2801943',$,$,#6664,#6668,'2801943')
INFO:ImportIFC:Creating object #6724=IfcWallStandardCase('3TGLzgck1BcAIvkHAqU$os',#6,'Basic Wall:Concrete - Cast-in-Place - 315:2803946',$,$,#6712,#6716,'2803946')
INFO:ImportIFC:Creating object #6752=IfcWallStandardCase('3TGLzgck1BcAIvkHAqU$ux',#6,'Basic Wall:Concrete - Cast-in-Place - 315:2804327',$,$,#6740,#6744,'2804327')
INFO:ImportIFC:Creating object #6776=IfcWallStandardCase('3TGLzgck1BcAIvkHAqU$uk',#6,'Basic Wall:Concrete - Cast-in-Place - 315:2804338',$,$,#6764,#6768,'2804338')
INFO:ImportIFC:Creating object #6800=IfcWallStandardCase('3TGLzgck1BcAIvkHAqU$uX',#6,'Basic Wall:Concrete - Cast-in-Place - 315:2804349',$,$,#6788,#6792,'2804349')
INFO:ImportIFC:Creating object #6848=IfcWallStandardCase('3TGLzgck1BcAIvkHAqU_R9',#6,'Basic Wall:Concrete - Cast-in-Place - 235:2806421',$,$,#6836,#6840,'2806421')
INFO:ImportIFC:Creating object #6824=IfcWallStandardCase('3TGLzgck1BcAIvkHAqU_Ns',#6,'Basic Wall:Concrete - Cast-in-Place - 235:2806186',$,$,#6812,#6816,'2806186')
INFO:ImportIFC:Creating object #6872=IfcWallStandardCase('3TGLzgck1BcAIvkHAqU_Vg',#6,'Basic Wall:Concrete - Cast-in-Place - 235:2806710',$,$,#6860,#6864,'2806710')
INFO:ImportIFC:Creating object #6896=IfcWallStandardCase('3TGLzgck1BcAIvkHAqU_2V',#6,'Basic Wall:Concrete - Cast-in-Place - 235:2806979',$,$,#6884,#6888,'2806979')
INFO:ImportIFC:Creating object #6920=IfcWallStandardCase('3TGLzgck1BcAIvkHAqU_4N',#6,'Basic Wall:Concrete - Cast-in-Place - 235:2807115',$,$,#6908,#6912,'2807115')
INFO:ImportIFC:Creating object #6944=IfcWallStandardCase('3TGLzgck1BcAIvkHAqU_D4',#6,'Basic Wall:Concrete - Cast-in-Place - 255:2807576',$,$,#6932,#6936,'2807576')
INFO:ImportIFC:Creating object #6968=IfcWallStandardCase('3TGLzgck1BcAIvkHAqU_Eh',#6,'Basic Wall:Concrete - Cast-in-Place - 255:2807799',$,$,#6956,#6960,'2807799')
INFO:ImportIFC:Creating object #7016=IfcWallStandardCase('3TGLzgck1BcAIvkHAqU_vf',#6,'Basic Wall:Concrete - Cast-in-Place - 235:2808373',$,$,#7004,#7008,'2808373')
INFO:ImportIFC:Creating object #6992=IfcWallStandardCase('3TGLzgck1BcAIvkHAqU_r$',#6,'Basic Wall:Concrete - Cast-in-Place - 235:2808099',$,$,#6980,#6984,'2808099')
INFO:ImportIFC:Creating object #7040=IfcWallStandardCase('3TGLzgck1BcAIvkHAqU_$H',#6,'Basic Wall:Concrete - Cast-in-Place - 235:2808717',$,$,#7028,#7032,'2808717')
INFO:ImportIFC:Creating object #7064=IfcWallStandardCase('3TGLzgck1BcAIvkHAqU_XF',#6,'Basic Wall:Concrete - Cast-in-Place - 235:2808851',$,$,#7052,#7056,'2808851')
INFO:ImportIFC:Creating object #7088=IfcWallStandardCase('3TGLzgck1BcAIvkHAqU_cR',#6,'Basic Wall:Concrete - Cast-in-Place - 235:2809287',$,$,#7076,#7080,'2809287')
INFO:ImportIFC:Creating object #7112=IfcWallStandardCase('3TGLzgck1BcAIvkHAqU_j6',#6,'Basic Wall:Concrete - Cast-in-Place - 235:2809626',$,$,#7100,#7104,'2809626')
INFO:ImportIFC:Creating object #7136=IfcWallStandardCase('3TGLzgck1BcAIvkHAqU_kh',#6,'Basic Wall:Concrete - Cast-in-Place - 235:2809847',$,$,#7124,#7128,'2809847')
INFO:ImportIFC:Creating object #7191=IfcSlab('3RESZ2oR91geH7xhiMANos',#6,'RR pile with Pressure Plate:RD140/10:2883316',$,$,#7170,#7190,'2883316',.BASESLAB.)
INFO:ImportIFC:Creating object #7160=IfcWallStandardCase('3TGLzgck1BcAIvkHAqUzRQ',#6,'Basic Wall:Concrete - Cast-in-Place - 255:2810502',$,$,#7148,#7152,'2810502')
INFO:ImportIFC:Creating object #7253=IfcSlab('3RESZ2oR91geH7xhiMBeTd',#6,'RR pile with Pressure Plate:RD140/10:2884901',$,$,#7232,#7252,'2884901',.BASESLAB.)
INFO:ImportIFC:Creating object #7222=IfcSlab('3RESZ2oR91geH7xhiMBeE4',#6,'RR pile with Pressure Plate:RD140/10:2884038',$,$,#7201,#7221,'2884038',.BASESLAB.)
INFO:ImportIFC:Creating object #7315=IfcSlab('3RESZ2oR91geH7xhiMBfDx',#6,'RR pile with Pressure Plate:RD140/10:2887993',$,$,#7294,#7314,'2887993',.BASESLAB.)
INFO:ImportIFC:Creating object #7284=IfcSlab('3RESZ2oR91geH7xhiMBeZP',#6,'RR pile with Pressure Plate:RD140/10:2886299',$,$,#7263,#7283,'2886299',.BASESLAB.)
INFO:ImportIFC:Creating object #7377=IfcSlab('3n8VBWUkj2U9HO5tehhmuk',#6,'RR pile with Pressure Plate:RD140/10:2889120',$,$,#7356,#7376,'2889120',.BASESLAB.)
INFO:ImportIFC:Creating object #7346=IfcSlab('3n8VBWUkj2U9HO5tehhmXn',#6,'RR pile with Pressure Plate:RD140/10:2888703',$,$,#7325,#7345,'2888703',.BASESLAB.)
INFO:ImportIFC:Creating object #7406=IfcSlab('3n8VBWUkj2U9HO5tehhmtB',#6,'RR pile with Pressure Plate:RD140/10:2889285',$,$,#7387,#7405,'2889285',.BASESLAB.)
INFO:ImportIFC:Creating object #7434=IfcSlab('3n8VBWUkj2U9HO5tehhmAZ',#6,'RR pile with Pressure Plate:RD140/10:2890029',$,$,#7415,#7433,'2890029',.BASESLAB.)
INFO:ImportIFC:Creating object #7462=IfcSlab('3n8VBWUkj2U9HO5tehhmBr',#6,'RR pile with Pressure Plate:RD140/10:2890107',$,$,#7443,#7461,'2890107',.BASESLAB.)
INFO:ImportIFC:Creating object #7490=IfcSlab('3n8VBWUkj2U9HO5tehhm8n',#6,'RR pile with Pressure Plate:RD140/10:2890175',$,$,#7471,#7489,'2890175',.BASESLAB.)
INFO:ImportIFC:Creating object #7520=IfcSlab('3n8VBWUkj2U9HO5tehhm4i',#6,'RR pile with Pressure Plate:RD140/10:2890402',$,$,#7499,#7519,'2890402',.BASESLAB.)
INFO:ImportIFC:Creating object #7551=IfcSlab('1hC1DwmIv5hePyymrFEjEC',#6,'RR pile with Pressure Plate:RD140/10:2890823',$,$,#7530,#7550,'2890823',.BASESLAB.)
INFO:ImportIFC:Creating object #7582=IfcSlab('1hC1DwmIv5hePyymrFEjCQ',#6,'RR pile with Pressure Plate:RD140/10:2890961',$,$,#7561,#7581,'2890961',.BASESLAB.)
INFO:ImportIFC:Creating object #7613=IfcSlab('1hC1DwmIv5hePyymrFEj3L',#6,'RR pile with Pressure Plate:RD140/10:2891550',$,$,#7592,#7612,'2891550',.BASESLAB.)
INFO:ImportIFC:Creating object #7642=IfcSlab('1hC1DwmIv5hePyymrFEk_w',#6,'RR pile with Pressure Plate:RD140/10:2891889',$,$,#7623,#7641,'2891889',.BASESLAB.)
INFO:ImportIFC:Creating object #7698=IfcSlab('3du7D3jRjCOenpOtofUmZT',#6,'RR pile with Pressure Plate:RD140/10:2893098',$,$,#7679,#7697,'2893098',.BASESLAB.)
INFO:ImportIFC:Creating object #7670=IfcSlab('1hC1DwmIv5hePyymrFEkxR',#6,'RR pile with Pressure Plate:RD140/10:2892048',$,$,#7651,#7669,'2892048',.BASESLAB.)
INFO:ImportIFC:Creating object #7728=IfcSlab('3du7D3jRjCOenpOtofUmle',#6,'RR pile with Pressure Plate:RD140/10:2893343',$,$,#7707,#7727,'2893343',.BASESLAB.)
INFO:ImportIFC:Creating object #7758=IfcSlab('3du7D3jRjCOenpOtofUmhK',#6,'RR pile with Pressure Plate:RD140/10:2893603',$,$,#7737,#7757,'2893603',.BASESLAB.)
INFO:ImportIFC:Creating object #7819=IfcSlab('3du7D3jRjCOenpOtofUmeJ',#6,'RR pile with Pressure Plate:RD140/10:2893796',$,$,#7798,#7818,'2893796',.BASESLAB.)
INFO:ImportIFC:Creating object #7788=IfcSlab('3du7D3jRjCOenpOtofUmf4',#6,'RR pile with Pressure Plate:RD140/10:2893747',$,$,#7767,#7787,'2893747',.BASESLAB.)
INFO:ImportIFC:Creating object #7850=IfcSlab('3du7D3jRjCOenpOtofUm1G',#6,'RR pile with Pressure Plate:RD140/10:2895271',$,$,#7829,#7849,'2895271',.BASESLAB.)
INFO:ImportIFC:Creating object #7880=IfcSlab('3du7D3jRjCOenpOtofUm0b',#6,'RR pile with Pressure Plate:RD140/10:2895314',$,$,#7859,#7879,'2895314',.BASESLAB.)
INFO:ImportIFC:Creating object #7910=IfcSlab('3du7D3jRjCOenpOtofUm99',#6,'RR pile with Pressure Plate:RD140/10:2895806',$,$,#7889,#7909,'2895806',.BASESLAB.)
INFO:ImportIFC:Creating object #7941=IfcSlab('1GpqQWs8X3MvNQ69_aP4qC',#6,'RR pile with Pressure Plate:RD140/10:2897528',$,$,#7920,#7940,'2897528',.BASESLAB.)
INFO:ImportIFC:Creating object #7972=IfcSlab('1GpqQWs8X3MvNQ69_aP4pK',#6,'RR pile with Pressure Plate:RD140/10:2897824',$,$,#7951,#7971,'2897824',.BASESLAB.)
INFO:ImportIFC:Creating object #8003=IfcSlab('1GpqQWs8X3MvNQ69_aP4oO',#6,'RR pile with Pressure Plate:RD140/10:2897900',$,$,#7982,#8002,'2897900',.BASESLAB.)
INFO:ImportIFC:Creating object #8034=IfcSlab('1GpqQWs8X3MvNQ69_aP4Fk',#6,'RR pile with Pressure Plate:RD140/10:2898074',$,$,#8013,#8033,'2898074',.BASESLAB.)
INFO:ImportIFC:Creating object #8065=IfcSlab('1GpqQWs8X3MvNQ69_aP4Bf',#6,'RR pile with Pressure Plate:RD140/10:2898333',$,$,#8044,#8064,'2898333',.BASESLAB.)
INFO:ImportIFC:Creating object #8096=IfcSlab('1GpqQWs8X3MvNQ69_aP45_',#6,'RR pile with Pressure Plate:RD140/10:2898442',$,$,#8075,#8095,'2898442',.BASESLAB.)
INFO:ImportIFC:Creating object #8127=IfcSlab('1GpqQWs8X3MvNQ69_aP438',#6,'RR pile with Pressure Plate:RD140/10:2898876',$,$,#8106,#8126,'2898876',.BASESLAB.)
INFO:ImportIFC:Creating object #8187=IfcSlab('1GpqQWs8X3MvNQ69_aP4Pi',#6,'RR pile with Pressure Plate:RD140/10:2899224',$,$,#8168,#8186,'2899224',.BASESLAB.)
INFO:ImportIFC:Creating object #8158=IfcSlab('1GpqQWs8X3MvNQ69_aP4SL',#6,'RR pile with Pressure Plate:RD140/10:2899041',$,$,#8137,#8157,'2899041',.BASESLAB.)
INFO:ImportIFC:Creating object #8248=IfcSlab('1GpqQWs8X3MvNQ69_aP3$s',#6,'RR pile with Pressure Plate:RD140/10:2901122',$,$,#8227,#8247,'2901122',.BASESLAB.)
INFO:ImportIFC:Creating object #8217=IfcSlab('1GpqQWs8X3MvNQ69_aP3g4',#6,'RR pile with Pressure Plate:RD140/10:2900464',$,$,#8196,#8216,'2900464',.BASESLAB.)
INFO:ImportIFC:Creating object #8279=IfcSlab('1GpqQWs8X3MvNQ69_aP3qZ',#6,'RR pile with Pressure Plate:RD140/10:2901591',$,$,#8258,#8278,'2901591',.BASESLAB.)
INFO:ImportIFC:Creating object #8310=IfcSlab('1GpqQWs8X3MvNQ69_aP3sL',#6,'RR pile with Pressure Plate:RD140/10:2901729',$,$,#8289,#8309,'2901729',.BASESLAB.)
INFO:ImportIFC:Creating object #8370=IfcSlab('1GpqQWs8X3MvNQ69_aP3QL',#6,'RR pile with Pressure Plate:RD140/10:2903521',$,$,#8351,#8369,'2903521',.BASESLAB.)
INFO:ImportIFC:Creating object #8341=IfcSlab('1GpqQWs8X3MvNQ69_aP3O3',#6,'RR pile with Pressure Plate:RD140/10:2903415',$,$,#8320,#8340,'2903415',.BASESLAB.)
INFO:ImportIFC:Creating object #8400=IfcSlab('1GpqQWs8X3MvNQ69_aP3M4',#6,'RR pile with Pressure Plate:RD140/10:2903792',$,$,#8379,#8399,'2903792',.BASESLAB.)
INFO:ImportIFC:Creating object #8431=IfcSlab('1GpqQWs8X3MvNQ69_aP3Gk',#6,'RR pile with Pressure Plate:RD140/10:2903898',$,$,#8410,#8430,'2903898',.BASESLAB.)
INFO:ImportIFC:Creating object #8460=IfcSlab('1GpqQWs8X3MvNQ69_aP2cg',#6,'RR pile with Pressure Plate:RD140/10:2904798',$,$,#8441,#8459,'2904798',.BASESLAB.)
INFO:ImportIFC:Creating object #8490=IfcSlab('1GpqQWs8X3MvNQ69_aP2yb',#6,'RR pile with Pressure Plate:RD140/10:2905169',$,$,#8469,#8489,'2905169',.BASESLAB.)
INFO:ImportIFC:Creating object #8519=IfcSlab('1GpqQWs8X3MvNQ69_aP2tD',#6,'RR pile with Pressure Plate:RD140/10:2905785',$,$,#8500,#8518,'2905785',.BASESLAB.)
INFO:ImportIFC:Creating object #8577=IfcSlab('1GpqQWs8X3MvNQ69_aP21L',#6,'RR pile with Pressure Plate:RD140/10:2906913',$,$,#8558,#8576,'2906913',.BASESLAB.)
INFO:ImportIFC:Creating object #8607=IfcSlab('1GpqQWs8X3MvNQ69_aP2TL',#6,'RR pile with Pressure Plate:RD140/10:2907169',$,$,#8586,#8606,'2907169',.BASESLAB.)
INFO:ImportIFC:Creating object #8636=IfcSlab('1GpqQWs8X3MvNQ69_aP2RI',#6,'RR pile with Pressure Plate:RD140/10:2907558',$,$,#8617,#8635,'2907558',.BASESLAB.)
INFO:ImportIFC:Creating object #8664=IfcSlab('1GpqQWs8X3MvNQ69_aP2Mo',#6,'RR pile with Pressure Plate:RD140/10:2907846',$,$,#8645,#8663,'2907846',.BASESLAB.)
INFO:ImportIFC:Creating object #8549=IfcSlab('1GpqQWs8X3MvNQ69_aP2Bo',#6,'RR pile with Pressure Plate:RD140/10:2906502',$,$,#8528,#8548,'2906502',.BASESLAB.)
INFO:ImportIFC:Creating object #8712=IfcSlab('2d2Z9OQurDJwlOUIhLw21O',#6,'Floor:100 BTG:2966356',$,$,#8701,#8711,'2966356',.FLOOR.)
INFO:ImportIFC:Creating object #8741=IfcSlab('2d2Z9OQurDJwlOUIhLw2T4',#6,'RR pile with Pressure Plate:RD140/10:2966600',$,$,#8722,#8740,'2966600',.BASESLAB.)
INFO:ImportIFC:Creating object #8692=IfcSlab('1GpqQWs8X3MvNQ69_aP1id',#6,'RR pile with Pressure Plate:RD140/10:2908243',$,$,#8673,#8691,'2908243',.BASESLAB.)
INFO:ImportIFC:Creating object #9825=IfcBuildingElementProxy('0$RtYNfo15W9nqagerlexp',#6,'Welda:WELDA 300x300-165:3043446',$,$,#9824,#9820,'3043446',$)
INFO:ImportIFC:Creating object #9840=IfcBuildingElementProxy('0$RtYNfo15W9nqagerley8',#6,'Welda:WELDA 300x300-165:3043725',$,$,#9839,#9835,'3043725',$)
INFO:ImportIFC:Creating object #9852=IfcBuildingElementProxy('0$RtYNfo15W9nqagerleot',#6,'Welda:WELDA 300x300-165:3043890',$,$,#9851,#9847,'3043890',$)
INFO:ImportIFC:Creating object #9864=IfcBuildingElementProxy('0$RtYNfo15W9nqagerleou',#6,'Welda:WELDA 300x300-165:3043901',$,$,#9863,#9859,'3043901',$)
INFO:ImportIFC:Creating object #9876=IfcBuildingElementProxy('0$RtYNfo15W9nqagerlepD',#6,'Welda:WELDA 300x300-165:3043912',$,$,#9875,#9871,'3043912',$)
INFO:ImportIFC:Creating object #9888=IfcBuildingElementProxy('0$RtYNfo15W9nqagerlepM',#6,'Welda:WELDA 300x300-165:3043923',$,$,#9887,#9883,'3043923',$)
INFO:ImportIFC:Creating object #9900=IfcBuildingElementProxy('0$RtYNfo15W9nqagerlesK',#6,'Welda:WELDA 300x300-165:3044113',$,$,#9899,#9895,'3044113',$)
INFO:ImportIFC:Creating object #9912=IfcBuildingElementProxy('0$RtYNfo15W9nqagerlehE',#6,'Welda:WELDA 300x300-165:3044427',$,$,#9911,#9907,'3044427',$)
INFO:ImportIFC:Creating object #9924=IfcBuildingElementProxy('0$RtYNfo15W9nqagerlehH',#6,'Welda:WELDA 300x300-165:3044436',$,$,#9923,#9919,'3044436',$)
INFO:ImportIFC:Creating object #9936=IfcBuildingElementProxy('0$RtYNfo15W9nqagerlehO',#6,'Welda:WELDA 300x300-165:3044445',$,$,#9935,#9931,'3044445',$)
INFO:ImportIFC:Creating object #10015=IfcBuildingElementProxy('0liQvotF559AKLbN3k$oIs',#6,'Welda:WELDA 300x300-165 invändig:3138993',$,$,#10014,#10010,'3138993',$)
INFO:ImportIFC:Creating object #10030=IfcBuildingElementProxy('0liQvotF559AKLbN3k$oOv',#6,'Welda:WELDA 300x300-165 invändig:3139390',$,$,#10029,#10025,'3139390',$)
INFO:ImportIFC:Creating object #10042=IfcBuildingElementProxy('0liQvotF559AKLbN3k$oPe',#6,'Welda:WELDA 300x300-165 invändig:3139439',$,$,#10041,#10037,'3139439',$)
INFO:ImportIFC:Creating object #10054=IfcBuildingElementProxy('0liQvotF559AKLbN3k$oQe',#6,'Welda:WELDA 300x300-165 invändig:3139503',$,$,#10053,#10049,'3139503',$)
INFO:ImportIFC:Creating object #10074=IfcWallStandardCase('3cE4fXcRb6D9sJuwD7_362',#6,'Basic Wall:Concrete - Cast-in-Place - 150:3168399',$,$,#10062,#10066,'3168399')
INFO:ImportIFC:Creating object #10101=IfcWallStandardCase('3cE4fXcRb6D9sJuwD7_30S',#6,'Basic Wall:Concrete - Cast-in-Place - 150:3168529',$,$,#10089,#10093,'3168529')
INFO:ImportIFC:Creating object #10125=IfcWallStandardCase('3cE4fXcRb6D9sJuwD7_30V',#6,'Basic Wall:Concrete - Cast-in-Place - 150:3168530',$,$,#10113,#10117,'3168530')
INFO:ImportIFC:Creating object #10146=IfcSlab('26LkqnWpbCvRoBsHuGgEtp',#6,'Floor:200 BTG:3169975',$,$,#10135,#10145,'3169975',.FLOOR.)
INFO:ImportIFC:Creating object #10167=IfcSlab('26LkqnWpbCvRoBsHuGgD8z',#6,'Floor:200 BTG:3170681',$,$,#10156,#10166,'3170681',.FLOOR.)
INFO:ImportIFC:Creating object #10191=IfcWallStandardCase('3DdC$kV0P3qgwlsTMA3gUx',#6,'Basic Wall:Concrete - Cast-in-Place - 200:3173557',$,$,#10179,#10183,'3173557')
INFO:ImportIFC:Creating object #10215=IfcWallStandardCase('2sDBeaUyXDLeJH4a7Be5x6',#6,'Basic Wall:Concrete - Cast-in-Place - 200:3173935',$,$,#10203,#10207,'3173935')
INFO:ImportIFC:Creating object #10239=IfcWallStandardCase('2mVBUjHAz7ChtC5HZbHqCv',#6,'Basic Wall:Concrete - Cast-in-Place - 150:3191350',$,$,#10227,#10231,'3191350')
INFO:ImportIFC:Creating object #10263=IfcSlab('2QFUWnyNbFNQSPyBozqONK',#6,'Floor:200 BTG:3261054',$,$,#10249,#10262,'3261054',.FLOOR.)
INFO:ImportIFC:Creating object #9733=IfcBuildingElementProxy('3kbFmF4MH4KfNDRl5Rs5Xi',#6,'PSB group:8xPSB-10/160-3/331:2976189',$,$,#9732,#9728,'2976189',$)
INFO:ImportIFC:Creating object #418=IfcSlab('22Qf$m7qHD0hM1fd6LNieU',#6,'Floor:Concrete - Cast-in-Place - 200:1607726',$,$,#311,#417,'1607726',.FLOOR.)
INFO:ImportIFC:Creating object #5475=IfcSlab('3u7HSm7d91peYOx7Iha1qV',#6,'Floor:100 BTG:2597512',$,$,#5441,#5474,'2597512',.FLOOR.)
INFO:ImportIFC:Creating object #10287=IfcWallStandardCase('2QFUWnyNbFNQSPyBozqO99',#6,'Basic Wall:Concrete - Cast-in-Place - 120:3261923',$,$,#10275,#10279,'3261923')
INFO:ImportIFC:Creating object #6088=IfcAnnotation('01Icbl$RfFpOj$md1Yy6un',#6,'Model Lines:2653192',$,$,#6072,#6086)
INFO:ImportIFC:Creating object #54=IfcBuildingStorey('3adfCpgMzF4eaVp1jlOR4V',#6,'PLAN 16',$,$,#53,$,'PLAN 16',.ELEMENT.,42519.99999999994)
INFO:ImportIFC:Creating object #34=IfcBuildingStorey('0Nv1MkV6PCfgKgMyZEhNXd',#6,'PLAN 11',$,$,#33,$,'PLAN 11',.ELEMENT.,27520.00000000026)
INFO:ImportIFC:Creating object #38=IfcBuildingStorey('3MF1NPWfHAjA1o$xSBfZDg',#6,'PLAN 12',$,$,#37,$,'PLAN 12',.ELEMENT.,30319.99999999871)
INFO:ImportIFC:Creating object #42=IfcBuildingStorey('1ONfzxsYjB7uTz72mS9pCn',#6,'PLAN 13',$,$,#41,$,'PLAN 13',.ELEMENT.,33120.00000000026)
INFO:ImportIFC:Creating object #46=IfcBuildingStorey('1ONfzxsYjB7uTz72mS9pCu',#6,'PLAN 14',$,$,#45,$,'PLAN 14',.ELEMENT.,35920.00000000026)
INFO:ImportIFC:Creating object #50=IfcBuildingStorey('1ONfzxsYjB7uTz72mS9pIO',#6,'PLAN 15',$,$,#49,$,'PLAN 15',.ELEMENT.,38720.00000000026)
INFO:ImportIFC:Creating object #22=IfcBuilding('2rE1cFQurCf8n7WoYumwsu',#6,'',$,$,#21,$,'',.ELEMENT.,$,$,#19)
INFO:ImportIFC:Creating object #57=IfcSite('2rE1cFQurCf8n7WoYumwsx',#6,'Default',$,$,#56,$,$,.ELEMENT.,(42,24,53,508911),(-71,-15,-29,-58837),0.,$,$)
INFO:ImportIFC:Creating object #26=IfcBuildingStorey('1ONfzxsYjB7uTz72mS9pHB',#6,'Plan 09',$,$,#25,$,'Plan 09',.ELEMENT.,19020.)
INFO:ImportIFC:Creating object #30=IfcBuildingStorey('3MF1NPWfHAjA1o$xSBfZCz',#6,'PLAN 10',$,$,#29,$,'PLAN 10',.ELEMENT.,22319.999999999996)
INFO:ImportIFC:Creating object #6288=IfcWallType('3K8C6GlZfE3QlT3xAYvUc4',#6,'Basic Wall:Concrete - Cast-in-Place - 235',$,$,$,$,'2795697',$,.STANDARD.)
INFO:ImportIFC:Creating object #10007=IfcBuildingElementProxyType('0liQvotF559AKLbN3k$oam',#6,'Welda:WELDA 300x300-165 invändig',$,$,(#10022),(#10006),'3139639',$,.NOTDEFINED.)
INFO:ImportIFC:Creating object #6416=IfcWallType('1vm5Iemq56sRvVLWhCLg5j',#6,'Basic Wall:Concrete - Cast-in-Place - 360',$,$,$,$,'3019991',$,.STANDARD.)
INFO:ImportIFC:Creating object #6059=IfcSlabType('0oJkaNwLzEHucGR9RgBy3c',#6,'Floor:280 BTG',$,$,$,$,'2682848',$,.FLOOR.)
INFO:ImportIFC:Creating object #2319=IfcWallType('1qcvbNWYT0He9_0uBi_HHe',#6,'Basic Wall:Concrete - Cast-in-Place - 412',$,$,$,$,'3085448',$,.STANDARD.)
INFO:ImportIFC:Creating object #597=IfcSlabType('2W9iUIrLP7xQWljilRVfK5',#6,'RR pile with Pressure Plate:RD140/10',$,$,$,$,'1676196',$,.BASESLAB.)
INFO:ImportIFC:Creating object #6316=IfcWallType('3K8C6GlZfE3QlT3xAYvUlI',#6,'Basic Wall:Concrete - Cast-in-Place - 255',$,$,$,$,'2796263',$,.STANDARD.)
INFO:ImportIFC:Creating object #10291=IfcWallType('0RhD8vHcH4z9qVQKrIIS27',#6,'Basic Wall:Concrete - Cast-in-Place - 120',$,$,$,$,'1203952',$,.STANDARD.)
INFO:ImportIFC:Creating object #2349=IfcSlabType('0elcjjBqT2WuSfhpvTmG$T',#6,'Floor:500 BTG',$,$,$,$,'1660718',$,.FLOOR.)
INFO:ImportIFC:Creating object #4476=IfcSlabType('2optMPCh583eJUrYS1XSuE',#6,'Floor:265 BTG',$,$,$,$,'2118562',$,.FLOOR.)
INFO:ImportIFC:Creating object #4628=IfcSlabType('1lV$H8koL1ThgNcsLUcvpq',#6,'Floor:200 BTG',$,$,$,$,'1042477',$,.FLOOR.)
INFO:ImportIFC:Creating object #9811=IfcBuildingElementProxyType('0$RtYNfo15W9nqagerlex6',#6,'Welda:WELDA 300x300-165',$,$,(#9832),(#9810),'3043395',$,.NOTDEFINED.)
INFO:ImportIFC:Creating object #511=IfcSlabType('3Ur97l8tb2hvscQW6NfvwP',#6,'Floor:Concrete - Cast-in-Place - 200',$,$,$,$,'56006',$,.FLOOR.)
INFO:ImportIFC:Creating object #5498=IfcSlabType('2CuZC4bor7uvnT2e1UeJ4k',#6,'Floor:100 BTG',$,$,$,$,'1622578',$,.FLOOR.)
INFO:ImportIFC:Creating object #6728=IfcWallType('1vm5Iemq56sRvVLWhCLgFv',#6,'Basic Wall:Concrete - Cast-in-Place - 315',$,$,$,$,'3020355',$,.STANDARD.)
INFO:ImportIFC:Creating object #10078=IfcWallType('0zAQyGfQj7mgGjK8aC8x4E',#6,'Basic Wall:Concrete - Cast-in-Place - 150',$,$,$,$,'60865',$,.STANDARD.)
INFO:ImportIFC:Creating object #2499=IfcSlabType('0F9t5p45X9Vf$Klq95QZJ0',#6,'Floor:550 BTG',$,$,$,$,'1626888',$,.FLOOR.)
INFO:ImportIFC:Creating object #2381=IfcWallType('0zAQyGfQj7mgGjK8aC8x4C',#6,'Basic Wall:Concrete - Cast-in-Place - 200',$,$,$,$,'60867',$,.STANDARD.)
INFO:ImportIFC:Creating object #287=IfcSlabType('22Qf$m7qHD0hM1fd6LNjQK',#6,'Floor:600 BTG',$,$,$,$,'1610916',$,.FLOOR.)
INFO:ImportIFC:Creating object #6256=IfcSlabType('01Icbl$RfFpOj$md1Yy6sU',#6,'Floor:150 BTG',$,$,$,$,'2654119',$,.FLOOR.)
INFO:ImportIFC:Creating object #9717=IfcBuildingElementProxyType('3kbFmF4MH4KfNDRl5Rs4xG',#6,'PSB group:8xPSB-10/160-3/331',$,$,(#9740),(#9716),'2980933',$,.NOTDEFINED.)
INFO:ImportIFC:Creating object #3874=IfcSlabType('1JGRULYwvA9ez$E2wjdWMq',#6,'Floor:Concrete - Cast-in-Place - 150',$,$,$,$,'493406',$,.FLOOR.)
INFO:ImportIFC:Creating object #2402=IfcSlabType('1cHwC47F18mB_F9n9W$INT',#6,'Floor:250 BTG',$,$,$,$,'1790302',$,.FLOOR.)
INFO:ImportIFC:Creating object #560=IfcSlabType('1GpqQWs8X3MvNQ69_aP1Wv',#6,'Floor:650 BTG',$,$,$,$,'2909005',$,.FLOOR.)
INFO:ImportIFC:Creating object #6037=IfcWallType('1Qm8M6QFL9gBqZjv03DQXf',#6,'Basic Wall:Concrete - Cast-in-Place - 300',$,$,$,$,'1988137',$,.STANDARD.)
INFO:ImportIFC:Import finished in 1.52 seconds
INFO:ImportIFC:Starting import
INFO:ImportIFC:loading file /home/diana/BIM/releases/upstream-0.9.0/smoketest/K15-copy.ifc
INFO:ImportIFC:Creating object #18=IfcProject('2rE1cFQurCf8n7WoYumwsv',#6,'10108',$,$,'RACKARBERGET TORGET','STATUS',(#13),#10728)
INFO:ImportIFC:Creating object #559=IfcSlab('22Qf$m7qHD0hM1fd6LNihv',#6,'Floor:650 BTG:1607881',$,$,#548,#558,'1607881',.FLOOR.)
INFO:ImportIFC:Creating object #286=IfcSlab('22Qf$m7qHD0hM1fd6LNiT3',#6,'Floor:600 BTG:1607027',$,$,#59,#285,'1607027',.FLOOR.)
INFO:ImportIFC:Creating object #651=IfcSlab('22Qf$m7qHD0hM1fd6LNimQ',#6,'Floor:650 BTG:1609258',$,$,#640,#650,'1609258',.FLOOR.)
INFO:ImportIFC:Creating object #631=IfcSlab('22Qf$m7qHD0hM1fd6LNibA',#6,'RR pile with Pressure Plate:RD140/10:1608570',$,$,#612,#630,'1608570',.BASESLAB.)
INFO:ImportIFC:Creating object #596=IfcSlab('22Qf$m7qHD0hM1fd6LNikJ',#6,'RR pile with Pressure Plate:RD140/10:1608099',$,$,#573,#595,'1608099',.BASESLAB.)
INFO:ImportIFC:Creating object #728=IfcSlab('22Qf$m7qHD0hM1fd6LNinA',#6,'Floor:650 BTG:1609338',$,$,#717,#727,'1609338',.FLOOR.)
INFO:ImportIFC:Creating object #680=IfcSlab('22Qf$m7qHD0hM1fd6LNim0',#6,'RR pile with Pressure Plate:RD140/10:1609264',$,$,#661,#679,'1609264',.BASESLAB.)
INFO:ImportIFC:Creating object #708=IfcSlab('22Qf$m7qHD0hM1fd6LNim1',#6,'RR pile with Pressure Plate:RD140/10:1609265',$,$,#689,#707,'1609265',.BASESLAB.)
INFO:ImportIFC:Creating object #805=IfcSlab('22Qf$m7qHD0hM1fd6LNioX',#6,'Floor:650 BTG:1609361',$,$,#794,#804,'1609361',.FLOOR.)
INFO:ImportIFC:Creating object #757=IfcSlab('22Qf$m7qHD0hM1fd6LNiom',#6,'RR pile with Pressure Plate:RD140/10:1609344',$,$,#738,#756,'1609344',.BASESLAB.)
INFO:ImportIFC:Creating object #785=IfcSlab('22Qf$m7qHD0hM1fd6LNion',#6,'RR pile with Pressure Plate:RD140/10:1609345',$,$,#766,#784,'1609345',.BASESLAB.)
INFO:ImportIFC:Creating object #834=IfcSlab('22Qf$m7qHD0hM1fd6LNiod',#6,'RR pile with Pressure Plate:RD140/10:1609367',$,$,#815,#833,'1609367',.BASESLAB.)
INFO:ImportIFC:Creating object #882=IfcSlab('22Qf$m7qHD0hM1fd6LNipl',#6,'Floor:650 BTG:1609439',$,$,#871,#881,'1609439',.FLOOR.)
INFO:ImportIFC:Creating object #862=IfcSlab('22Qf$m7qHD0hM1fd6LNioe',#6,'RR pile with Pressure Plate:RD140/10:1609368',$,$,#843,#861,'1609368',.BASESLAB.)
INFO:ImportIFC:Creating object #939=IfcSlab('22Qf$m7qHD0hM1fd6LNipM',#6,'RR pile with Pressure Plate:RD140/10:1609446',$,$,#920,#938,'1609446',.BASESLAB.)
INFO:ImportIFC:Creating object #959=IfcSlab('22Qf$m7qHD0hM1fd6LNiqN',#6,'Floor:650 BTG:1609511',$,$,#948,#958,'1609511',.FLOOR.)
INFO:ImportIFC:Creating object #988=IfcSlab('22Qf$m7qHD0hM1fd6LNiqT',#6,'RR pile with Pressure Plate:RD140/10:1609517',$,$,#969,#987,'1609517',.BASESLAB.)
INFO:ImportIFC:Creating object #911=IfcSlab('22Qf$m7qHD0hM1fd6LNipL',#6,'RR pile with Pressure Plate:RD140/10:1609445',$,$,#892,#910,'1609445',.BASESLAB.)
INFO:ImportIFC:Creating object #1036=IfcSlab('22Qf$m7qHD0hM1fd6LNisv',#6,'Floor:650 BTG:1609609',$,$,#1025,#1035,'1609609',.FLOOR.)
INFO:ImportIFC:Creating object #1093=IfcSlab('22Qf$m7qHD0hM1fd6LNisW',#6,'RR pile with Pressure Plate:RD140/10:1609616',$,$,#1074,#1092,'1609616',.BASESLAB.)
INFO:ImportIFC:Creating object #1016=IfcSlab('22Qf$m7qHD0hM1fd6LNiqU',#6,'RR pile with Pressure Plate:RD140/10:1609518',$,$,#997,#1015,'1609518',.BASESLAB.)
INFO:ImportIFC:Creating object #1113=IfcSlab('22Qf$m7qHD0hM1fd6LNisk',#6,'Floor:650 BTG:1609630',$,$,#1102,#1112,'1609630',.FLOOR.)
INFO:ImportIFC:Creating object #1065=IfcSlab('22Qf$m7qHD0hM1fd6LNis$',#6,'RR pile with Pressure Plate:RD140/10:1609615',$,$,#1046,#1064,'1609615',.BASESLAB.)
INFO:ImportIFC:Creating object #1190=IfcSlab('22Qf$m7qHD0hM1fd6LNis5',#6,'Floor:650 BTG:1609653',$,$,#1179,#1189,'1609653',.FLOOR.)
INFO:ImportIFC:Creating object #1142=IfcSlab('22Qf$m7qHD0hM1fd6LNisK',#6,'RR pile with Pressure Plate:RD140/10:1609636',$,$,#1123,#1141,'1609636',.BASESLAB.)
INFO:ImportIFC:Creating object #1219=IfcSlab('22Qf$m7qHD0hM1fd6LNisB',#6,'RR pile with Pressure Plate:RD140/10:1609659',$,$,#1200,#1218,'1609659',.BASESLAB.)
INFO:ImportIFC:Creating object #1170=IfcSlab('22Qf$m7qHD0hM1fd6LNisL',#6,'RR pile with Pressure Plate:RD140/10:1609637',$,$,#1151,#1169,'1609637',.BASESLAB.)
INFO:ImportIFC:Creating object #1267=IfcSlab('22Qf$m7qHD0hM1fd6LNit_',#6,'Floor:650 BTG:1609678',$,$,#1256,#1266,'1609678',.FLOOR.)
INFO:ImportIFC:Creating object #1247=IfcSlab('22Qf$m7qHD0hM1fd6LNisC',#6,'RR pile with Pressure Plate:RD140/10:1609660',$,$,#1228,#1246,'1609660',.BASESLAB.)
INFO:ImportIFC:Creating object #1344=IfcSlab('22Qf$m7qHD0hM1fd6LNitP',#6,'Floor:650 BTG:1609705',$,$,#1333,#1343,'1609705',.FLOOR.)
INFO:ImportIFC:Creating object #1373=IfcSlab('22Qf$m7qHD0hM1fd6LNitV',#6,'RR pile with Pressure Plate:RD140/10:1609711',$,$,#1354,#1372,'1609711',.BASESLAB.)
INFO:ImportIFC:Creating object #1324=IfcSlab('22Qf$m7qHD0hM1fd6LNitb',#6,'RR pile with Pressure Plate:RD140/10:1609685',$,$,#1305,#1323,'1609685',.BASESLAB.)
INFO:ImportIFC:Creating object #1421=IfcSlab('22Qf$m7qHD0hM1fd6LNitE',#6,'Floor:650 BTG:1609726',$,$,#1410,#1420,'1609726',.FLOOR.)
INFO:ImportIFC:Creating object #1401=IfcSlab('22Qf$m7qHD0hM1fd6LNit0',#6,'RR pile with Pressure Plate:RD140/10:1609712',$,$,#1382,#1400,'1609712',.BASESLAB.)
INFO:ImportIFC:Creating object #1296=IfcSlab('22Qf$m7qHD0hM1fd6LNita',#6,'RR pile with Pressure Plate:RD140/10:1609684',$,$,#1277,#1295,'1609684',.BASESLAB.)
INFO:ImportIFC:Creating object #1498=IfcSlab('22Qf$m7qHD0hM1fd6LNj8b',#6,'Floor:650 BTG:1609749',$,$,#1487,#1497,'1609749',.FLOOR.)
INFO:ImportIFC:Creating object #1450=IfcSlab('22Qf$m7qHD0hM1fd6LNj8q',#6,'RR pile with Pressure Plate:RD140/10:1609732',$,$,#1431,#1449,'1609732',.BASESLAB.)
INFO:ImportIFC:Creating object #1478=IfcSlab('22Qf$m7qHD0hM1fd6LNj8r',#6,'RR pile with Pressure Plate:RD140/10:1609733',$,$,#1459,#1477,'1609733',.BASESLAB.)
INFO:ImportIFC:Creating object #1575=IfcSlab('22Qf$m7qHD0hM1fd6LNj8U',#6,'Floor:650 BTG:1609774',$,$,#1564,#1574,'1609774',.FLOOR.)
INFO:ImportIFC:Creating object #1527=IfcSlab('22Qf$m7qHD0hM1fd6LNj8h',#6,'RR pile with Pressure Plate:RD140/10:1609755',$,$,#1508,#1526,'1609755',.BASESLAB.)
INFO:ImportIFC:Creating object #1555=IfcSlab('22Qf$m7qHD0hM1fd6LNj8i',#6,'RR pile with Pressure Plate:RD140/10:1609756',$,$,#1536,#1554,'1609756',.BASESLAB.)
INFO:ImportIFC:Creating object #1632=IfcSlab('22Qf$m7qHD0hM1fd6LNj85',#6,'RR pile with Pressure Plate:RD140/10:1609781',$,$,#1613,#1631,'1609781',.BASESLAB.)
INFO:ImportIFC:Creating object #1652=IfcSlab('22Qf$m7qHD0hM1fd6LNj9p',#6,'Floor:650 BTG:1609795',$,$,#1641,#1651,'1609795',.FLOOR.)
INFO:ImportIFC:Creating object #1604=IfcSlab('22Qf$m7qHD0hM1fd6LNj84',#6,'RR pile with Pressure Plate:RD140/10:1609780',$,$,#1585,#1603,'1609780',.BASESLAB.)
INFO:ImportIFC:Creating object #1729=IfcSlab('22Qf$m7qHD0hM1fd6LNjFa',#6,'Floor:650 BTG:1610196',$,$,#1718,#1728,'1610196',.FLOOR.)
INFO:ImportIFC:Creating object #1681=IfcSlab('22Qf$m7qHD0hM1fd6LNj9v',#6,'RR pile with Pressure Plate:RD140/10:1609801',$,$,#1662,#1680,'1609801',.BASESLAB.)
INFO:ImportIFC:Creating object #1709=IfcSlab('22Qf$m7qHD0hM1fd6LNj9w',#6,'RR pile with Pressure Plate:RD140/10:1609802',$,$,#1690,#1708,'1609802',.BASESLAB.)
INFO:ImportIFC:Creating object #1806=IfcSlab('22Qf$m7qHD0hM1fd6LNjPr',#6,'Floor:650 BTG:1610821',$,$,#1795,#1805,'1610821',.FLOOR.)
INFO:ImportIFC:Creating object #1758=IfcSlab('22Qf$m7qHD0hM1fd6LNjFg',#6,'RR pile with Pressure Plate:RD140/10:1610202',$,$,#1739,#1757,'1610202',.BASESLAB.)
INFO:ImportIFC:Creating object #1786=IfcSlab('22Qf$m7qHD0hM1fd6LNjFh',#6,'RR pile with Pressure Plate:RD140/10:1610203',$,$,#1767,#1785,'1610203',.BASESLAB.)
INFO:ImportIFC:Creating object #1835=IfcSlab('22Qf$m7qHD0hM1fd6LNjPx',#6,'RR pile with Pressure Plate:RD140/10:1610827',$,$,#1816,#1834,'1610827',.BASESLAB.)
INFO:ImportIFC:Creating object #1883=IfcSlab('22Qf$m7qHD0hM1fd6LNje8',#6,'Floor:650 BTG:1611832',$,$,#1872,#1882,'1611832',.FLOOR.)
INFO:ImportIFC:Creating object #1863=IfcSlab('22Qf$m7qHD0hM1fd6LNjPy',#6,'RR pile with Pressure Plate:RD140/10:1610828',$,$,#1844,#1862,'1610828',.BASESLAB.)
INFO:ImportIFC:Creating object #1940=IfcSlab('22Qf$m7qHD0hM1fd6LNjeF',#6,'RR pile with Pressure Plate:RD140/10:1611839',$,$,#1921,#1939,'1611839',.BASESLAB.)
INFO:ImportIFC:Creating object #1960=IfcSlab('1MtA$wfTnE89QqC8Eo6JWM',#6,'Floor:650 BTG:1612922',$,$,#1949,#1959,'1612922',.FLOOR.)
INFO:ImportIFC:Creating object #1912=IfcSlab('22Qf$m7qHD0hM1fd6LNjeE',#6,'RR pile with Pressure Plate:RD140/10:1611838',$,$,#1893,#1911,'1611838',.BASESLAB.)
INFO:ImportIFC:Creating object #1989=IfcSlab('1MtA$wfTnE89QqC8Eo6JZi',#6,'RR pile with Pressure Plate:RD140/10:1612928',$,$,#1970,#1988,'1612928',.BASESLAB.)
INFO:ImportIFC:Creating object #2017=IfcSlab('1MtA$wfTnE89QqC8Eo6JZj',#6,'RR pile with Pressure Plate:RD140/10:1612929',$,$,#1998,#2016,'1612929',.BASESLAB.)
INFO:ImportIFC:Creating object #2037=IfcSlab('1MtA$wfTnE89QqC8Eo6Jb_',#6,'Floor:650 BTG:1613074',$,$,#2026,#2036,'1613074',.FLOOR.)
INFO:ImportIFC:Creating object #2114=IfcSlab('1MtA$wfTnE89QqC8Eo6Jdm',#6,'Floor:650 BTG:1613212',$,$,#2103,#2113,'1613212',.FLOOR.)
INFO:ImportIFC:Creating object #2066=IfcSlab('1MtA$wfTnE89QqC8Eo6Jbq',#6,'RR pile with Pressure Plate:RD140/10:1613080',$,$,#2047,#2065,'1613080',.BASESLAB.)
INFO:ImportIFC:Creating object #2094=IfcSlab('1MtA$wfTnE89QqC8Eo6Jbr',#6,'RR pile with Pressure Plate:RD140/10:1613081',$,$,#2075,#2093,'1613081',.BASESLAB.)
INFO:ImportIFC:Creating object #2171=IfcSlab('1MtA$wfTnE89QqC8Eo6JdF',#6,'RR pile with Pressure Plate:RD140/10:1613219',$,$,#2152,#2170,'1613219',.BASESLAB.)
INFO:ImportIFC:Creating object #2143=IfcSlab('1MtA$wfTnE89QqC8Eo6JdE',#6,'RR pile with Pressure Plate:RD140/10:1613218',$,$,#2124,#2142,'1613218',.BASESLAB.)
INFO:ImportIFC:Creating object #2191=IfcSlab('1MtA$wfTnE89QqC8Eo6JdV',#6,'Floor:650 BTG:1613235',$,$,#2180,#2190,'1613235',.FLOOR.)
INFO:ImportIFC:Creating object #2316=IfcWall('0vnaqzM3X1993q3wmO1SFC',#6,'Basic Wall:Concrete - Cast-in-Place - 412:1618544',$,$,#2259,#2264,'1618544')
INFO:ImportIFC:Creating object #2220=IfcSlab('1MtA$wfTnE89QqC8Eo6JdL',#6,'RR pile with Pressure Plate:RD140/10:1613241',$,$,#2201,#2219,'1613241',.BASESLAB.)
INFO:ImportIFC:Creating object #2348=IfcSlab('2TpkYqaPTCqhVRlCXguJqL',#6,'Floor:500 BTG:1623642',$,$,#2330,#2347,'1623642',.FLOOR.)
INFO:ImportIFC:Creating object #2248=IfcSlab('1MtA$wfTnE89QqC8Eo6JdM',#6,'RR pile with Pressure Plate:RD140/10:1613242',$,$,#2229,#2247,'1613242',.BASESLAB.)
INFO:ImportIFC:Creating object #2377=IfcWallStandardCase('3U976yoxP4kAVQbLmq$_qo',#6,'Basic Wall:Concrete - Cast-in-Place - 200:1624429',$,$,#2364,#2368,'1624429')
INFO:ImportIFC:Creating object #2401=IfcSlab('3U976yoxP4kAVQbLmq$_ql',#6,'Floor:250 BTG:1624432',$,$,#2390,#2400,'1624432',.FLOOR.)
INFO:ImportIFC:Creating object #2453=IfcWallStandardCase('3U976yoxP4kAVQbLmq$_qe',#6,'Basic Wall:Concrete - Cast-in-Place - 200:1624439',$,$,#2441,#2445,'1624439')
INFO:ImportIFC:Creating object #2477=IfcWallStandardCase('3U976yoxP4kAVQbLmq$_tB',#6,'Basic Wall:Concrete - Cast-in-Place - 200:1624468',$,$,#2465,#2469,'1624468')
INFO:ImportIFC:Creating object #2429=IfcWallStandardCase('3U976yoxP4kAVQbLmq$_qf',#6,'Basic Wall:Concrete - Cast-in-Place - 200:1624438',$,$,#2417,#2421,'1624438')
INFO:ImportIFC:Creating object #2498=IfcSlab('0F9t5p45X9Vf$Klq95QZJD',#6,'Floor:550 BTG:1626885',$,$,#2487,#2497,'1626885',.FLOOR.)
INFO:ImportIFC:Creating object #2551=IfcSlab('3IXkosVlr2wuA56b_H17D4',#6,'Floor:650 BTG:1628477',$,$,#2540,#2550,'1628477',.FLOOR.)
INFO:ImportIFC:Creating object #2580=IfcSlab('3IXkosVlr2wuA56b_H17Cw',#6,'RR pile with Pressure Plate:RD140/10:1628483',$,$,#2561,#2579,'1628483',.BASESLAB.)
INFO:ImportIFC:Creating object #2608=IfcSlab('3IXkosVlr2wuA56b_H17Cz',#6,'RR pile with Pressure Plate:RD140/10:1628484',$,$,#2589,#2607,'1628484',.BASESLAB.)
INFO:ImportIFC:Creating object #2628=IfcSlab('3IXkosVlr2wuA56b_H17Cn',#6,'Floor:650 BTG:1628488',$,$,#2617,#2627,'1628488',.FLOOR.)
INFO:ImportIFC:Creating object #2657=IfcSlab('3IXkosVlr2wuA56b_H17Ct',#6,'RR pile with Pressure Plate:RD140/10:1628494',$,$,#2638,#2656,'1628494',.BASESLAB.)
INFO:ImportIFC:Creating object #2685=IfcSlab('3IXkosVlr2wuA56b_H17Cs',#6,'RR pile with Pressure Plate:RD140/10:1628495',$,$,#2666,#2684,'1628495',.BASESLAB.)
INFO:ImportIFC:Creating object #2705=IfcSlab('3IXkosVlr2wuA56b_H17CD',#6,'Floor:650 BTG:1628532',$,$,#2694,#2704,'1628532',.FLOOR.)
INFO:ImportIFC:Creating object #2734=IfcSlab('3IXkosVlr2wuA56b_H17C3',#6,'RR pile with Pressure Plate:RD140/10:1628538',$,$,#2715,#2733,'1628538',.BASESLAB.)
INFO:ImportIFC:Creating object #2762=IfcSlab('3IXkosVlr2wuA56b_H17C2',#6,'RR pile with Pressure Plate:RD140/10:1628539',$,$,#2743,#2761,'1628539',.BASESLAB.)
INFO:ImportIFC:Creating object #2782=IfcSlab('3IXkosVlr2wuA56b_H17Fi',#6,'Floor:650 BTG:1628565',$,$,#2771,#2781,'1628565',.FLOOR.)
INFO:ImportIFC:Creating object #2811=IfcSlab('3IXkosVlr2wuA56b_H17FY',#6,'RR pile with Pressure Plate:RD140/10:1628571',$,$,#2792,#2810,'1628571',.BASESLAB.)
INFO:ImportIFC:Creating object #2531=IfcSlab('0F9t5p45X9Vf$Klq95QZBK',#6,'RR pile with Pressure Plate:RD140/10:1627420',$,$,#2512,#2530,'1627420',.BASESLAB.)
INFO:ImportIFC:Creating object #2859=IfcSlab('3IXkosVlr2wuA56b_H17FP',#6,'Floor:650 BTG:1628576',$,$,#2848,#2858,'1628576',.FLOOR.)
INFO:ImportIFC:Creating object #2839=IfcSlab('3IXkosVlr2wuA56b_H17Fb',#6,'RR pile with Pressure Plate:RD140/10:1628572',$,$,#2820,#2838,'1628572',.BASESLAB.)
INFO:ImportIFC:Creating object #2936=IfcSlab('3IXkosVlr2wuA56b_H17FI',#6,'Floor:650 BTG:1628587',$,$,#2925,#2935,'1628587',.FLOOR.)
INFO:ImportIFC:Creating object #2888=IfcSlab('3IXkosVlr2wuA56b_H17FV',#6,'RR pile with Pressure Plate:RD140/10:1628582',$,$,#2869,#2887,'1628582',.BASESLAB.)
INFO:ImportIFC:Creating object #2916=IfcSlab('3IXkosVlr2wuA56b_H17FU',#6,'RR pile with Pressure Plate:RD140/10:1628583',$,$,#2897,#2915,'1628583',.BASESLAB.)
INFO:ImportIFC:Creating object #2965=IfcSlab('3IXkosVlr2wuA56b_H17F8',#6,'RR pile with Pressure Plate:RD140/10:1628593',$,$,#2946,#2964,'1628593',.BASESLAB.)
INFO:ImportIFC:Creating object #3013=IfcSlab('3IXkosVlr2wuA56b_H17Eu',#6,'Floor:650 BTG:1628609',$,$,#3002,#3012,'1628609',.FLOOR.)
INFO:ImportIFC:Creating object #2993=IfcSlab('3IXkosVlr2wuA56b_H17FB',#6,'RR pile with Pressure Plate:RD140/10:1628594',$,$,#2974,#2992,'1628594',.BASESLAB.)
INFO:ImportIFC:Creating object #3070=IfcSlab('3IXkosVlr2wuA56b_H17En',#6,'RR pile with Pressure Plate:RD140/10:1628616',$,$,#3051,#3069,'1628616',.BASESLAB.)
INFO:ImportIFC:Creating object #3090=IfcSlab('3IXkosVlr2wuA56b_H17Er',#6,'Floor:650 BTG:1628620',$,$,#3079,#3089,'1628620',.FLOOR.)
INFO:ImportIFC:Creating object #3042=IfcSlab('3IXkosVlr2wuA56b_H17E_',#6,'RR pile with Pressure Plate:RD140/10:1628615',$,$,#3023,#3041,'1628615',.BASESLAB.)
INFO:ImportIFC:Creating object #3167=IfcSlab('3IXkosVlr2wuA56b_H170I',#6,'Floor:550 BTG:1628779',$,$,#3156,#3166,'1628779',.FLOOR.)
INFO:ImportIFC:Creating object #3147=IfcSlab('3IXkosVlr2wuA56b_H17Eg',#6,'RR pile with Pressure Plate:RD140/10:1628627',$,$,#3128,#3146,'1628627',.BASESLAB.)
INFO:ImportIFC:Creating object #3119=IfcSlab('3IXkosVlr2wuA56b_H17Eh',#6,'RR pile with Pressure Plate:RD140/10:1628626',$,$,#3100,#3118,'1628626',.BASESLAB.)
INFO:ImportIFC:Creating object #3196=IfcSlab('3IXkosVlr2wuA56b_H1708',#6,'RR pile with Pressure Plate:RD140/10:1628785',$,$,#3177,#3195,'1628785',.BASESLAB.)
INFO:ImportIFC:Creating object #3216=IfcSlab('3IXkosVlr2wuA56b_H1706',#6,'Floor:550 BTG:1628799',$,$,#3205,#3215,'1628799',.FLOOR.)
INFO:ImportIFC:Creating object #3265=IfcSlab('3IXkosVlr2wuA56b_H173g',#6,'Floor:550 BTG:1628819',$,$,#3254,#3264,'1628819',.FLOOR.)
INFO:ImportIFC:Creating object #3245=IfcSlab('3IXkosVlr2wuA56b_H173y',#6,'RR pile with Pressure Plate:RD140/10:1628805',$,$,#3226,#3244,'1628805',.BASESLAB.)
INFO:ImportIFC:Creating object #3314=IfcSlab('3IXkosVlr2wuA56b_H172I',#6,'Floor:550 BTG:1628907',$,$,#3303,#3313,'1628907',.FLOOR.)
INFO:ImportIFC:Creating object #3363=IfcSlab('25R6qIJ7HCRAqxNnHbcXCo',#6,'Floor:650 BTG:1629005',$,$,#3352,#3362,'1629005',.FLOOR.)
INFO:ImportIFC:Creating object #3294=IfcSlab('3IXkosVlr2wuA56b_H173W',#6,'RR pile with Pressure Plate:RD140/10:1628825',$,$,#3275,#3293,'1628825',.BASESLAB.)
INFO:ImportIFC:Creating object #3343=IfcSlab('3IXkosVlr2wuA56b_H1728',#6,'RR pile with Pressure Plate:RD140/10:1628913',$,$,#3324,#3342,'1628913',.BASESLAB.)
INFO:ImportIFC:Creating object #3420=IfcSlab('25R6qIJ7HCRAqxNnHbcXCh',#6,'RR pile with Pressure Plate:RD140/10:1629012',$,$,#3401,#3419,'1629012',.BASESLAB.)
INFO:ImportIFC:Creating object #3392=IfcSlab('25R6qIJ7HCRAqxNnHbcXCi',#6,'RR pile with Pressure Plate:RD140/10:1629011',$,$,#3373,#3391,'1629011',.BASESLAB.)
INFO:ImportIFC:Creating object #3450=IfcSlab('309$ipA4H7Nec9AVcxMgFV',#6,'RR pile with Pressure Plate:RD140/10:1632081',$,$,#3429,#3449,'1632081',.BASESLAB.)
INFO:ImportIFC:Creating object #3479=IfcSlab('1QPOUNVTb3XwCFwF4fpr4h',#6,'RR pile with Pressure Plate:RD140/10:1637161',$,$,#3460,#3478,'1637161',.BASESLAB.)
INFO:ImportIFC:Creating object #3507=IfcSlab('1QPOUNVTb3XwCFwF4fprQO',#6,'RR pile with Pressure Plate:RD140/10:1637530',$,$,#3488,#3506,'1637530',.BASESLAB.)
INFO:ImportIFC:Creating object #3535=IfcSlab('1QPOUNVTb3XwCFwF4fprSD',#6,'RR pile with Pressure Plate:RD140/10:1637647',$,$,#3516,#3534,'1637647',.BASESLAB.)
INFO:ImportIFC:Creating object #3592=IfcSlab('0lEd2Iu$94IQY13zZOhXm5',#6,'Floor:500 BTG:1638230',$,$,#3572,#3591,'1638230',.FLOOR.)
INFO:ImportIFC:Creating object #3563=IfcSlab('1QPOUNVTb3XwCFwF4fprUy',#6,'RR pile with Pressure Plate:RD140/10:1637822',$,$,#3544,#3562,'1637822',.BASESLAB.)
INFO:ImportIFC:Creating object #3623=IfcSlab('0z95fqNuj3bx7HTx6Xs7iP',#6,'RR pile with Pressure Plate:RD140/10:1642157',$,$,#3602,#3622,'1642157',.BASESLAB.)
INFO:ImportIFC:Creating object #3652=IfcSlab('0z95fqNuj3bx7HTx6Xs6Mt',#6,'RR pile with Pressure Plate:RD140/10:1642499',$,$,#3633,#3651,'1642499',.BASESLAB.)
INFO:ImportIFC:Creating object #3710=IfcSlab('0z95fqNuj3bx7HTx6Xs6JE',#6,'RR pile with Pressure Plate:RD140/10:1642874',$,$,#3691,#3709,'1642874',.BASESLAB.)
INFO:ImportIFC:Creating object #3766=IfcSlab('0z95fqNuj3bx7HTx6Xs6Sy',#6,'RR pile with Pressure Plate:RD140/10:1643144',$,$,#3747,#3765,'1643144',.BASESLAB.)
INFO:ImportIFC:Creating object #3682=IfcSlab('0z95fqNuj3bx7HTx6Xs6LG',#6,'RR pile with Pressure Plate:RD140/10:1642724',$,$,#3661,#3681,'1642724',.BASESLAB.)
INFO:ImportIFC:Creating object #3738=IfcSlab('0z95fqNuj3bx7HTx6Xs6Uu',#6,'RR pile with Pressure Plate:RD140/10:1643020',$,$,#3719,#3737,'1643020',.BASESLAB.)
INFO:ImportIFC:Creating object #3848=IfcSlab('0elcjjBqT2WuSfhpvTmG$O',#6,'Floor:500 BTG:1660715',$,$,#3803,#3847,'1660715',.FLOOR.)
INFO:ImportIFC:Creating object #3794=IfcSlab('1pYdUfaX9FtQcqpUiHo8RL',#6,'RR pile with Pressure Plate:RD140/10:1654809',$,$,#3775,#3793,'1654809',.BASESLAB.)
INFO:ImportIFC:Creating object #3901=IfcWallStandardCase('0Dl2Km$jXE1hKGR8r6jn0o',#6,'Basic Wall:Concrete - Cast-in-Place - 200:1667205',$,$,#3889,#3893,'1667205')
INFO:ImportIFC:Creating object #3873=IfcSlab('0elcjjBqT2WuSfhpvTmG7h',#6,'Floor:Concrete - Cast-in-Place - 150:1661208',$,$,#3857,#3872,'1661208',.FLOOR.)
INFO:ImportIFC:Creating object #3949=IfcWallStandardCase('0Dl2Km$jXE1hKGR8r6jn0m',#6,'Basic Wall:Concrete - Cast-in-Place - 200:1667207',$,$,#3937,#3941,'1667207')
INFO:ImportIFC:Creating object #3925=IfcWallStandardCase('0Dl2Km$jXE1hKGR8r6jn0n',#6,'Basic Wall:Concrete - Cast-in-Place - 200:1667206',$,$,#3913,#3917,'1667206')
INFO:ImportIFC:Creating object #4021=IfcWallStandardCase('0Dl2Km$jXE1hKGR8r6jn0Z',#6,'Basic Wall:Concrete - Cast-in-Place - 200:1667220',$,$,#4009,#4013,'1667220')
INFO:ImportIFC:Creating object #3973=IfcWallStandardCase('0Dl2Km$jXE1hKGR8r6jn0$',#6,'Basic Wall:Concrete - Cast-in-Place - 200:1667208',$,$,#3961,#3965,'1667208')
INFO:ImportIFC:Creating object #3997=IfcWallStandardCase('0Dl2Km$jXE1hKGR8r6jn0a',#6,'Basic Wall:Concrete - Cast-in-Place - 200:1667219',$,$,#3985,#3989,'1667219')
INFO:ImportIFC:Creating object #4045=IfcWallStandardCase('0Dl2Km$jXE1hKGR8r6jn0Y',#6,'Basic Wall:Concrete - Cast-in-Place - 200:1667221',$,$,#4033,#4037,'1667221')
INFO:ImportIFC:Creating object #4106=IfcWallStandardCase('0Dl2Km$jXE1hKGR8r6jn0Q',#6,'Basic Wall:Concrete - Cast-in-Place - 200:1667245',$,$,#4094,#4098,'1667245')
INFO:ImportIFC:Creating object #4130=IfcWallStandardCase('0Dl2Km$jXE1hKGR8r6jnCC',#6,'Basic Wall:Concrete - Cast-in-Place - 200:1668027',$,$,#4118,#4122,'1668027')
INFO:ImportIFC:Creating object #4154=IfcWallStandardCase('0Dl2Km$jXE1hKGR8r6jnQa',#6,'Basic Wall:Concrete - Cast-in-Place - 200:1668627',$,$,#4142,#4146,'1668627')
INFO:ImportIFC:Creating object #4082=IfcSlab('0Dl2Km$jXE1hKGR8r6jn0l',#6,'Floor:Concrete - Cast-in-Place - 200:1667224',$,$,#4055,#4081,'1667224',.FLOOR.)
INFO:ImportIFC:Creating object #4207=IfcSlab('2W9iUIrLP7xQWljilRVfAP',#6,'RR pile with Pressure Plate:RD140/10:1676344',$,$,#4188,#4206,'1676344',.BASESLAB.)
INFO:ImportIFC:Creating object #4178=IfcWallStandardCase('0Dl2Km$jXE1hKGR8r6jnTM',#6,'Basic Wall:Concrete - Cast-in-Place - 200:1669089',$,$,#4166,#4170,'1669089')
INFO:ImportIFC:Creating object #4263=IfcSlab('2W9iUIrLP7xQWljilRVfwS',#6,'RR pile with Pressure Plate:RD140/10:1677373',$,$,#4244,#4262,'1677373',.BASESLAB.)
INFO:ImportIFC:Creating object #4235=IfcSlab('2W9iUIrLP7xQWljilRVf7o',#6,'RR pile with Pressure Plate:RD140/10:1677139',$,$,#4216,#4234,'1677139',.BASESLAB.)
INFO:ImportIFC:Creating object #4372=IfcWallStandardCase('2G336sV9rCvAEY_NVepGv3',#6,'Basic Wall:Concrete - Cast-in-Place - 200:1688037',$,$,#4360,#4364,'1688037')
INFO:ImportIFC:Creating object #4348=IfcWallStandardCase('2G336sV9rCvAEY_NVepGuz',#6,'Basic Wall:Concrete - Cast-in-Place - 200:1687963',$,$,#4336,#4340,'1687963')
INFO:ImportIFC:Creating object #4475=IfcSlab('3E_iZLL3H2vvVGDBOlHi1S',#6,'Floor:265 BTG:1688330',$,$,#4382,#4474,'1688330',.FLOOR.)
INFO:ImportIFC:Creating object #4502=IfcWallStandardCase('3E_iZLL3H2vvVGDBOlHiMF',#6,'Basic Wall:Concrete - Cast-in-Place - 200:1689305',$,$,#4490,#4494,'1689305')
INFO:ImportIFC:Creating object #4603=IfcSlab('3E_iZLL3H2vvVGDBOlHikr',#6,'Floor:265 BTG:1689827',$,$,#4589,#4602,'1689827',.FLOOR.)
INFO:ImportIFC:Creating object #4580=IfcSlab('3E_iZLL3H2vvVGDBOlHiMZ',#6,'Floor:265 BTG:1689333',$,$,#4512,#4579,'1689333',.FLOOR.)
INFO:ImportIFC:Creating object #4627=IfcSlab('3E_iZLL3H2vvVGDBOlHi$7',#6,'Floor:200 BTG:1690769',$,$,#4613,#4626,'1690769',.FLOOR.)
INFO:ImportIFC:Creating object #4688=IfcWallStandardCase('1Bln_veFj7puNDSsr8lEvP',#6,'Basic Wall:Concrete - Cast-in-Place - 200:1693051',$,$,#4672,#4676,'1693051')
INFO:ImportIFC:Creating object #4716=IfcWallStandardCase('1Bln_veFj7puNDSsr8lEwW',#6,'Basic Wall:Concrete - Cast-in-Place - 200:1693058',$,$,#4700,#4704,'1693058')
INFO:ImportIFC:Creating object #4660=IfcWallStandardCase('1Bln_veFj7puNDSsr8lEvN',#6,'Basic Wall:Concrete - Cast-in-Place - 200:1693045',$,$,#4643,#4647,'1693045')
INFO:ImportIFC:Creating object #4792=IfcSlab('1Bln_veFj7puNDSsr8lEts',#6,'Floor:200 BTG:1693396',$,$,#4778,#4791,'1693396',.FLOOR.)
INFO:ImportIFC:Creating object #4816=IfcSlab('1Bln_veFj7puNDSsr8lEmX',#6,'Floor:265 BTG:1693443',$,$,#4802,#4815,'1693443',.FLOOR.)
INFO:ImportIFC:Creating object #4840=IfcSlab('1Bln_veFj7puNDSsr8lEm6',#6,'Floor:265 BTG:1693476',$,$,#4826,#4839,'1693476',.FLOOR.)
INFO:ImportIFC:Creating object #4864=IfcWallStandardCase('15AI333QL7C918c1wk5uAx',#6,'Basic Wall:Concrete - Cast-in-Place - 200:1802941',$,$,#4852,#4856,'1802941')
INFO:ImportIFC:Creating object #4893=IfcSlab('32M627M150O9dqKzk0$dgu',#6,'RR pile with Pressure Plate:RD140/10:1966131',$,$,#4874,#4892,'1966131',.BASESLAB.)
INFO:ImportIFC:Creating object #4923=IfcSlab('2wsE$64bfAxOtyS9ts4Wo7',#6,'RR pile with Pressure Plate:RD140/10:1980282',$,$,#4902,#4922,'1980282',.BASESLAB.)
INFO:ImportIFC:Creating object #4954=IfcSlab('2wsE$64bfAxOtyS9ts4W5B',#6,'RR pile with Pressure Plate:RD140/10:1981110',$,$,#4933,#4953,'1981110',.BASESLAB.)
INFO:ImportIFC:Creating object #4985=IfcSlab('1Qm8M6QFL9gBqZjv03DRXL',#6,'RR pile with Pressure Plate:RD140/10:1984021',$,$,#4964,#4984,'1984021',.BASESLAB.)
INFO:ImportIFC:Creating object #5016=IfcSlab('0Qtshb6E1EWPi4a9CLXdXj',#6,'RR pile with Pressure Plate:RD140/10:2025338',$,$,#4995,#5015,'2025338',.BASESLAB.)
INFO:ImportIFC:Creating object #5036=IfcSlab('2optMPCh583eJUrYS1XSuw',#6,'Floor:650 BTG:2118550',$,$,#5025,#5035,'2118550',.FLOOR.)
INFO:ImportIFC:Creating object #5065=IfcSlab('2optMPCh583eJUrYS1XSum',#6,'RR pile with Pressure Plate:RD140/10:2118556',$,$,#5046,#5064,'2118556',.BASESLAB.)
INFO:ImportIFC:Creating object #5093=IfcSlab('2optMPCh583eJUrYS1XSun',#6,'RR pile with Pressure Plate:RD140/10:2118557',$,$,#5074,#5092,'2118557',.BASESLAB.)
INFO:ImportIFC:Creating object #5113=IfcSlab('2optMPCh583eJUrYS1XSvM',#6,'Floor:650 BTG:2118650',$,$,#5102,#5112,'2118650',.FLOOR.)
INFO:ImportIFC:Creating object #5142=IfcSlab('2optMPCh583eJUrYS1XSci',#6,'RR pile with Pressure Plate:RD140/10:2118656',$,$,#5123,#5141,'2118656',.BASESLAB.)
INFO:ImportIFC:Creating object #5170=IfcSlab('2optMPCh583eJUrYS1XScj',#6,'RR pile with Pressure Plate:RD140/10:2118657',$,$,#5151,#5169,'2118657',.BASESLAB.)
INFO:ImportIFC:Creating object #5190=IfcSlab('2optMPCh583eJUrYS1XSWl',#6,'Floor:650 BTG:2119043',$,$,#5179,#5189,'2119043',.FLOOR.)
INFO:ImportIFC:Creating object #5219=IfcSlab('2optMPCh583eJUrYS1XSWb',#6,'RR pile with Pressure Plate:RD140/10:2119049',$,$,#5200,#5218,'2119049',.BASESLAB.)
INFO:ImportIFC:Creating object #5247=IfcSlab('2optMPCh583eJUrYS1XSWc',#6,'RR pile with Pressure Plate:RD140/10:2119050',$,$,#5228,#5246,'2119050',.BASESLAB.)
INFO:ImportIFC:Creating object #5267=IfcSlab('2optMPCh583eJUrYS1XSX3',#6,'Floor:650 BTG:2119151',$,$,#5256,#5266,'2119151',.FLOOR.)
INFO:ImportIFC:Creating object #4747=IfcWallStandardCase('1Bln_veFj7puNDSsr8lEwg',#6,'Basic Wall:Concrete - Cast-in-Place - 200:1693064',$,$,#4728,#4732,'1693064')
INFO:ImportIFC:Creating object #5296=IfcSlab('2optMPCh583eJUrYS1XSXP',#6,'RR pile with Pressure Plate:RD140/10:2119157',$,$,#5277,#5295,'2119157',.BASESLAB.)
INFO:ImportIFC:Creating object #5344=IfcSlab('2optMPCh583eJUrYS1XSi5',#6,'Floor:650 BTG:2119337',$,$,#5333,#5343,'2119337',.FLOOR.)
INFO:ImportIFC:Creating object #5324=IfcSlab('2optMPCh583eJUrYS1XSXQ',#6,'RR pile with Pressure Plate:RD140/10:2119158',$,$,#5305,#5323,'2119158',.BASESLAB.)
INFO:ImportIFC:Creating object #5373=IfcSlab('2optMPCh583eJUrYS1XSi3',#6,'RR pile with Pressure Plate:RD140/10:2119343',$,$,#5354,#5372,'2119343',.BASESLAB.)
INFO:ImportIFC:Creating object #5401=IfcSlab('2optMPCh583eJUrYS1XSiS',#6,'RR pile with Pressure Plate:RD140/10:2119344',$,$,#5382,#5400,'2119344',.BASESLAB.)
INFO:ImportIFC:Creating object #5431=IfcSlab('0XSQ7nlrv2SOLJnqA$n6UU',#6,'RR pile with Pressure Plate:RD140/10:2263637',$,$,#5410,#5430,'2263637',.BASESLAB.)
INFO:ImportIFC:Creating object #5526=IfcSlab('3rxOTX6O16R8Y381PrfeAB',#6,'Floor:650 BTG:2611757',$,$,#5515,#5525,'2611757',.FLOOR.)
INFO:ImportIFC:Creating object #5555=IfcSlab('3rxOTX6O16R8Y381PrfeAL',#6,'RR pile with Pressure Plate:RD140/10:2611763',$,$,#5536,#5554,'2611763',.BASESLAB.)
INFO:ImportIFC:Creating object #5583=IfcSlab('3rxOTX6O16R8Y381PrfeAI',#6,'RR pile with Pressure Plate:RD140/10:2611764',$,$,#5564,#5582,'2611764',.BASESLAB.)
INFO:ImportIFC:Creating object #5603=IfcSlab('3rxOTX6O16R8Y381PrfeCh',#6,'Floor:650 BTG:2612109',$,$,#5592,#5602,'2612109',.FLOOR.)
INFO:ImportIFC:Creating object #5632=IfcSlab('3rxOTX6O16R8Y381PrfeCr',#6,'RR pile with Pressure Plate:RD140/10:2612115',$,$,#5613,#5631,'2612115',.BASESLAB.)
INFO:ImportIFC:Creating object #5660=IfcSlab('3rxOTX6O16R8Y381PrfeCo',#6,'RR pile with Pressure Plate:RD140/10:2612116',$,$,#5641,#5659,'2612116',.BASESLAB.)
INFO:ImportIFC:Creating object #5680=IfcSlab('3rxOTX6O16R8Y381PrfeJX',#6,'Floor:650 BTG:2612295',$,$,#5669,#5679,'2612295',.FLOOR.)
INFO:ImportIFC:Creating object #5709=IfcSlab('3rxOTX6O16R8Y381PrfeJh',#6,'RR pile with Pressure Plate:RD140/10:2612301',$,$,#5690,#5708,'2612301',.BASESLAB.)
INFO:ImportIFC:Creating object #5737=IfcSlab('3rxOTX6O16R8Y381PrfeJe',#6,'RR pile with Pressure Plate:RD140/10:2612302',$,$,#5718,#5736,'2612302',.BASESLAB.)
INFO:ImportIFC:Creating object #5757=IfcSlab('1IzND9vID1TxKyM4ksLu$1',#6,'Floor:650 BTG:2614588',$,$,#5746,#5756,'2614588',.FLOOR.)
INFO:ImportIFC:Creating object #4286=IfcWallStandardCase('2G336sV9rCvAEY_NVepG_X',#6,'Basic Wall:Concrete - Cast-in-Place - 200:1687559',$,$,#4274,#4278,'1687559')
INFO:ImportIFC:Creating object #5786=IfcSlab('1IzND9vID1TxKyM4ksLu_$',#6,'RR pile with Pressure Plate:RD140/10:2614594',$,$,#5767,#5785,'2614594',.BASESLAB.)
INFO:ImportIFC:Creating object #5814=IfcSlab('1IzND9vID1TxKyM4ksLu__',#6,'RR pile with Pressure Plate:RD140/10:2614595',$,$,#5795,#5813,'2614595',.BASESLAB.)
INFO:ImportIFC:Creating object #5862=IfcSlab('3sn7W$0ePC2ev$$yCd5HvZ',#6,'Floor:100 BTG:2619762',$,$,#5851,#5861,'2619762',.FLOOR.)
INFO:ImportIFC:Creating object #5891=IfcSlab('3sn7W$0ePC2ev$$yCd5Hw7',#6,'RR pile with Pressure Plate:RD140/10:2619798',$,$,#5872,#5890,'2619798',.BASESLAB.)
INFO:ImportIFC:Creating object #5842=IfcSlab('3sn7W$0ePC2ev$$yCd5Hv_',#6,'RR pile with Pressure Plate:RD140/10:2619759',$,$,#5823,#5841,'2619759',.BASESLAB.)
INFO:ImportIFC:Creating object #5911=IfcSlab('3sn7W$0ePC2ev$$yCd5Hw8',#6,'Floor:100 BTG:2619801',$,$,#5900,#5910,'2619801',.FLOOR.)
INFO:ImportIFC:Creating object #5960=IfcSlab('3sn7W$0ePC2ev$$yCd5HxH',#6,'Floor:100 BTG:2619840',$,$,#5949,#5959,'2619840',.FLOOR.)
INFO:ImportIFC:Creating object #5989=IfcSlab('3sn7W$0ePC2ev$$yCd5Hxr',#6,'RR pile with Pressure Plate:RD140/10:2619876',$,$,#5970,#5988,'2619876',.BASESLAB.)
INFO:ImportIFC:Creating object #6009=IfcSlab('3sn7W$0ePC2ev$$yCd5Hxs',#6,'Floor:100 BTG:2619879',$,$,#5998,#6008,'2619879',.FLOOR.)
INFO:ImportIFC:Creating object #5940=IfcSlab('3sn7W$0ePC2ev$$yCd5Hwi',#6,'RR pile with Pressure Plate:RD140/10:2619837',$,$,#5921,#5939,'2619837',.BASESLAB.)
INFO:ImportIFC:Creating object #6033=IfcWallStandardCase('2GJ687PRH0mw5XoMlivwnw',#6,'Basic Wall:Concrete - Cast-in-Place - 300:2649525',$,$,#6021,#6025,'2649525')
INFO:ImportIFC:Creating object #6104=IfcWallStandardCase('01Icbl$RfFpOj$md1Yy6oU',#6,'Basic Wall:Concrete - Cast-in-Place - 300:2653863',$,$,#6092,#6096,'2653863')
INFO:ImportIFC:Creating object #6058=IfcSlab('01Icbl$RfFpOj$md1Yy6iq',#6,'Floor:280 BTG:2652429',$,$,#6047,#6057,'2652429',.FLOOR.)
INFO:ImportIFC:Creating object #6125=IfcSlab('01Icbl$RfFpOj$md1Yy6oJ',#6,'Floor:280 BTG:2653866',$,$,#6114,#6124,'2653866',.FLOOR.)
INFO:ImportIFC:Creating object #6149=IfcWallStandardCase('01Icbl$RfFpOj$md1Yy6qj',#6,'Basic Wall:Concrete - Cast-in-Place - 300:2653972',$,$,#6137,#6141,'2653972')
INFO:ImportIFC:Creating object #6170=IfcSlab('01Icbl$RfFpOj$md1Yy6qk',#6,'Floor:280 BTG:2653975',$,$,#6159,#6169,'2653975',.FLOOR.)
INFO:ImportIFC:Creating object #6194=IfcWallStandardCase('01Icbl$RfFpOj$md1Yy6qM',#6,'Basic Wall:Concrete - Cast-in-Place - 300:2653999',$,$,#6182,#6186,'2653999')
INFO:ImportIFC:Creating object #6215=IfcSlab('01Icbl$RfFpOj$md1Yy6qB',#6,'Floor:280 BTG:2654002',$,$,#6204,#6214,'2654002',.FLOOR.)
INFO:ImportIFC:Creating object #6284=IfcWallStandardCase('3K8C6GlZfE3QlT3xAYvUWt',#6,'Basic Wall:Concrete - Cast-in-Place - 235:2795778',$,$,#6272,#6276,'2795778')
INFO:ImportIFC:Creating object #6312=IfcWallStandardCase('3K8C6GlZfE3QlT3xAYvUeU',#6,'Basic Wall:Concrete - Cast-in-Place - 255:2796331',$,$,#6300,#6304,'2796331')
INFO:ImportIFC:Creating object #6340=IfcWallStandardCase('3K8C6GlZfE3QlT3xAYvUtO',#6,'Basic Wall:Concrete - Cast-in-Place - 255:2796781',$,$,#6328,#6332,'2796781')
INFO:ImportIFC:Creating object #6364=IfcWallStandardCase('3K8C6GlZfE3QlT3xAYvUpo',#6,'Basic Wall:Concrete - Cast-in-Place - 255:2796999',$,$,#6352,#6356,'2796999')
INFO:ImportIFC:Creating object #6388=IfcWallStandardCase('3K8C6GlZfE3QlT3xAYvVCK',#6,'Basic Wall:Concrete - Cast-in-Place - 235:2798113',$,$,#6376,#6380,'2798113')
INFO:ImportIFC:Creating object #6412=IfcWallStandardCase('3TGLzgck1BcAIvkHAqUuVz',#6,'Basic Wall:Concrete - Cast-in-Place - 360:2798497',$,$,#6400,#6404,'2798497')
INFO:ImportIFC:Creating object #6440=IfcWallStandardCase('3TGLzgck1BcAIvkHAqUu6H',#6,'Basic Wall:Concrete - Cast-in-Place - 360:2799053',$,$,#6428,#6432,'2799053')
INFO:ImportIFC:Creating object #6464=IfcWallStandardCase('3TGLzgck1BcAIvkHAqUu66',#6,'Basic Wall:Concrete - Cast-in-Place - 360:2799066',$,$,#6452,#6456,'2799066')
INFO:ImportIFC:Creating object #6488=IfcWallStandardCase('3TGLzgck1BcAIvkHAqUu6$',#6,'Basic Wall:Concrete - Cast-in-Place - 360:2799075',$,$,#6476,#6480,'2799075')
INFO:ImportIFC:Creating object #6512=IfcWallStandardCase('3TGLzgck1BcAIvkHAqUu6m',#6,'Basic Wall:Concrete - Cast-in-Place - 360:2799084',$,$,#6500,#6504,'2799084')
INFO:ImportIFC:Creating object #6536=IfcWallStandardCase('3TGLzgck1BcAIvkHAqUuAH',#6,'Basic Wall:Concrete - Cast-in-Place - 235:2799309',$,$,#6524,#6528,'2799309')
INFO:ImportIFC:Creating object #6560=IfcWallStandardCase('3TGLzgck1BcAIvkHAqUunQ',#6,'Basic Wall:Concrete - Cast-in-Place - 235:2799622',$,$,#6548,#6552,'2799622')
INFO:ImportIFC:Creating object #6584=IfcWallStandardCase('3TGLzgck1BcAIvkHAqUuvR',#6,'Basic Wall:Concrete - Cast-in-Place - 235:2800135',$,$,#6572,#6576,'2800135')
INFO:ImportIFC:Creating object #6608=IfcWallStandardCase('3TGLzgck1BcAIvkHAqUu$9',#6,'Basic Wall:Concrete - Cast-in-Place - 235:2800533',$,$,#6596,#6600,'2800533')
INFO:ImportIFC:Creating object #6653=IfcWall('3TGLzgck1BcAIvkHAqUugz',#6,'Basic Wall:Concrete - Cast-in-Place - 235:2801377',$,$,#6620,#6624,'2801377')
INFO:ImportIFC:Creating object #6676=IfcWallStandardCase('3TGLzgck1BcAIvkHAqU$LB',#6,'Basic Wall:Concrete - Cast-in-Place - 235:2801943',$,$,#6664,#6668,'2801943')
INFO:ImportIFC:Creating object #6700=IfcWallStandardCase('3TGLzgck1BcAIvkHAqU$nG',#6,'Basic Wall:Concrete - Cast-in-Place - 360:2803724',$,$,#6688,#6692,'2803724')
INFO:ImportIFC:Creating object #6724=IfcWallStandardCase('3TGLzgck1BcAIvkHAqU$os',#6,'Basic Wall:Concrete - Cast-in-Place - 315:2803946',$,$,#6712,#6716,'2803946')
INFO:ImportIFC:Creating object #6255=IfcSlab('01Icbl$RfFpOj$md1Yy6sg',#6,'Floor:150 BTG:2654099',$,$,#6225,#6254,'2654099',.FLOOR.)
INFO:ImportIFC:Creating object #6752=IfcWallStandardCase('3TGLzgck1BcAIvkHAqU$ux',#6,'Basic Wall:Concrete - Cast-in-Place - 315:2804327',$,$,#6740,#6744,'2804327')
INFO:ImportIFC:Creating object #6776=IfcWallStandardCase('3TGLzgck1BcAIvkHAqU$uk',#6,'Basic Wall:Concrete - Cast-in-Place - 315:2804338',$,$,#6764,#6768,'2804338')
INFO:ImportIFC:Creating object #6824=IfcWallStandardCase('3TGLzgck1BcAIvkHAqU_Ns',#6,'Basic Wall:Concrete - Cast-in-Place - 235:2806186',$,$,#6812,#6816,'2806186')
INFO:ImportIFC:Creating object #6800=IfcWallStandardCase('3TGLzgck1BcAIvkHAqU$uX',#6,'Basic Wall:Concrete - Cast-in-Place - 315:2804349',$,$,#6788,#6792,'2804349')
INFO:ImportIFC:Creating object #6848=IfcWallStandardCase('3TGLzgck1BcAIvkHAqU_R9',#6,'Basic Wall:Concrete - Cast-in-Place - 235:2806421',$,$,#6836,#6840,'2806421')
INFO:ImportIFC:Creating object #6872=IfcWallStandardCase('3TGLzgck1BcAIvkHAqU_Vg',#6,'Basic Wall:Concrete - Cast-in-Place - 235:2806710',$,$,#6860,#6864,'2806710')
INFO:ImportIFC:Creating object #6920=IfcWallStandardCase('3TGLzgck1BcAIvkHAqU_4N',#6,'Basic Wall:Concrete - Cast-in-Place - 235:2807115',$,$,#6908,#6912,'2807115')
INFO:ImportIFC:Creating object #6896=IfcWallStandardCase('3TGLzgck1BcAIvkHAqU_2V',#6,'Basic Wall:Concrete - Cast-in-Place - 235:2806979',$,$,#6884,#6888,'2806979')
INFO:ImportIFC:Creating object #6944=IfcWallStandardCase('3TGLzgck1BcAIvkHAqU_D4',#6,'Basic Wall:Concrete - Cast-in-Place - 255:2807576',$,$,#6932,#6936,'2807576')
INFO:ImportIFC:Creating object #6968=IfcWallStandardCase('3TGLzgck1BcAIvkHAqU_Eh',#6,'Basic Wall:Concrete - Cast-in-Place - 255:2807799',$,$,#6956,#6960,'2807799')
INFO:ImportIFC:Creating object #6992=IfcWallStandardCase('3TGLzgck1BcAIvkHAqU_r$',#6,'Basic Wall:Concrete - Cast-in-Place - 235:2808099',$,$,#6980,#6984,'2808099')
INFO:ImportIFC:Creating object #7016=IfcWallStandardCase('3TGLzgck1BcAIvkHAqU_vf',#6,'Basic Wall:Concrete - Cast-in-Place - 235:2808373',$,$,#7004,#7008,'2808373')
INFO:ImportIFC:Creating object #7040=IfcWallStandardCase('3TGLzgck1BcAIvkHAqU_$H',#6,'Basic Wall:Concrete - Cast-in-Place - 235:2808717',$,$,#7028,#7032,'2808717')
INFO:ImportIFC:Creating object #7064=IfcWallStandardCase('3TGLzgck1BcAIvkHAqU_XF',#6,'Basic Wall:Concrete - Cast-in-Place - 235:2808851',$,$,#7052,#7056,'2808851')
INFO:ImportIFC:Creating object #7112=IfcWallStandardCase('3TGLzgck1BcAIvkHAqU_j6',#6,'Basic Wall:Concrete - Cast-in-Place - 235:2809626',$,$,#7100,#7104,'2809626')
INFO:ImportIFC:Creating object #7088=IfcWallStandardCase('3TGLzgck1BcAIvkHAqU_cR',#6,'Basic Wall:Concrete - Cast-in-Place - 235:2809287',$,$,#7076,#7080,'2809287')
INFO:ImportIFC:Creating object #7136=IfcWallStandardCase('3TGLzgck1BcAIvkHAqU_kh',#6,'Basic Wall:Concrete - Cast-in-Place - 235:2809847',$,$,#7124,#7128,'2809847')
INFO:ImportIFC:Creating object #7160=IfcWallStandardCase('3TGLzgck1BcAIvkHAqUzRQ',#6,'Basic Wall:Concrete - Cast-in-Place - 255:2810502',$,$,#7148,#7152,'2810502')
INFO:ImportIFC:Creating object #7191=IfcSlab('3RESZ2oR91geH7xhiMANos',#6,'RR pile with Pressure Plate:RD140/10:2883316',$,$,#7170,#7190,'2883316',.BASESLAB.)
INFO:ImportIFC:Creating object #7222=IfcSlab('3RESZ2oR91geH7xhiMBeE4',#6,'RR pile with Pressure Plate:RD140/10:2884038',$,$,#7201,#7221,'2884038',.BASESLAB.)
INFO:ImportIFC:Creating object #7253=IfcSlab('3RESZ2oR91geH7xhiMBeTd',#6,'RR pile with Pressure Plate:RD140/10:2884901',$,$,#7232,#7252,'2884901',.BASESLAB.)
INFO:ImportIFC:Creating object #7284=IfcSlab('3RESZ2oR91geH7xhiMBeZP',#6,'RR pile with Pressure Plate:RD140/10:2886299',$,$,#7263,#7283,'2886299',.BASESLAB.)
INFO:ImportIFC:Creating object #7315=IfcSlab('3RESZ2oR91geH7xhiMBfDx',#6,'RR pile with Pressure Plate:RD140/10:2887993',$,$,#7294,#7314,'2887993',.BASESLAB.)
INFO:ImportIFC:Creating object #7346=IfcSlab('3n8VBWUkj2U9HO5tehhmXn',#6,'RR pile with Pressure Plate:RD140/10:2888703',$,$,#7325,#7345,'2888703',.BASESLAB.)
INFO:ImportIFC:Creating object #7377=IfcSlab('3n8VBWUkj2U9HO5tehhmuk',#6,'RR pile with Pressure Plate:RD140/10:2889120',$,$,#7356,#7376,'2889120',.BASESLAB.)
INFO:ImportIFC:Creating object #7406=IfcSlab('3n8VBWUkj2U9HO5tehhmtB',#6,'RR pile with Pressure Plate:RD140/10:2889285',$,$,#7387,#7405,'2889285',.BASESLAB.)
INFO:ImportIFC:Creating object #7434=IfcSlab('3n8VBWUkj2U9HO5tehhmAZ',#6,'RR pile with Pressure Plate:RD140/10:2890029',$,$,#7415,#7433,'2890029',.BASESLAB.)
INFO:ImportIFC:Creating object #7462=IfcSlab('3n8VBWUkj2U9HO5tehhmBr',#6,'RR pile with Pressure Plate:RD140/10:2890107',$,$,#7443,#7461,'2890107',.BASESLAB.)
INFO:ImportIFC:Creating object #7490=IfcSlab('3n8VBWUkj2U9HO5tehhm8n',#6,'RR pile with Pressure Plate:RD140/10:2890175',$,$,#7471,#7489,'2890175',.BASESLAB.)
INFO:ImportIFC:Creating object #7520=IfcSlab('3n8VBWUkj2U9HO5tehhm4i',#6,'RR pile with Pressure Plate:RD140/10:2890402',$,$,#7499,#7519,'2890402',.BASESLAB.)
INFO:ImportIFC:Creating object #7551=IfcSlab('1hC1DwmIv5hePyymrFEjEC',#6,'RR pile with Pressure Plate:RD140/10:2890823',$,$,#7530,#7550,'2890823',.BASESLAB.)
INFO:ImportIFC:Creating object #7582=IfcSlab('1hC1DwmIv5hePyymrFEjCQ',#6,'RR pile with Pressure Plate:RD140/10:2890961',$,$,#7561,#7581,'2890961',.BASESLAB.)
INFO:ImportIFC:Creating object #7613=IfcSlab('1hC1DwmIv5hePyymrFEj3L',#6,'RR pile with Pressure Plate:RD140/10:2891550',$,$,#7592,#7612,'2891550',.BASESLAB.)
INFO:ImportIFC:Creating object #7642=IfcSlab('1hC1DwmIv5hePyymrFEk_w',#6,'RR pile with Pressure Plate:RD140/10:2891889',$,$,#7623,#7641,'2891889',.BASESLAB.)
INFO:ImportIFC:Creating object #7670=IfcSlab('1hC1DwmIv5hePyymrFEkxR',#6,'RR pile with Pressure Plate:RD140/10:2892048',$,$,#7651,#7669,'2892048',.BASESLAB.)
INFO:ImportIFC:Creating object #7698=IfcSlab('3du7D3jRjCOenpOtofUmZT',#6,'RR pile with Pressure Plate:RD140/10:2893098',$,$,#7679,#7697,'2893098',.BASESLAB.)
INFO:ImportIFC:Creating object #7728=IfcSlab('3du7D3jRjCOenpOtofUmle',#6,'RR pile with Pressure Plate:RD140/10:2893343',$,$,#7707,#7727,'2893343',.BASESLAB.)
INFO:ImportIFC:Creating object #7758=IfcSlab('3du7D3jRjCOenpOtofUmhK',#6,'RR pile with Pressure Plate:RD140/10:2893603',$,$,#7737,#7757,'2893603',.BASESLAB.)
INFO:ImportIFC:Creating object #7788=IfcSlab('3du7D3jRjCOenpOtofUmf4',#6,'RR pile with Pressure Plate:RD140/10:2893747',$,$,#7767,#7787,'2893747',.BASESLAB.)
INFO:ImportIFC:Creating object #7819=IfcSlab('3du7D3jRjCOenpOtofUmeJ',#6,'RR pile with Pressure Plate:RD140/10:2893796',$,$,#7798,#7818,'2893796',.BASESLAB.)
INFO:ImportIFC:Creating object #7850=IfcSlab('3du7D3jRjCOenpOtofUm1G',#6,'RR pile with Pressure Plate:RD140/10:2895271',$,$,#7829,#7849,'2895271',.BASESLAB.)
INFO:ImportIFC:Creating object #7910=IfcSlab('3du7D3jRjCOenpOtofUm99',#6,'RR pile with Pressure Plate:RD140/10:2895806',$,$,#7889,#7909,'2895806',.BASESLAB.)
INFO:ImportIFC:Creating object #7880=IfcSlab('3du7D3jRjCOenpOtofUm0b',#6,'RR pile with Pressure Plate:RD140/10:2895314',$,$,#7859,#7879,'2895314',.BASESLAB.)
INFO:ImportIFC:Creating object #7972=IfcSlab('1GpqQWs8X3MvNQ69_aP4pK',#6,'RR pile with Pressure Plate:RD140/10:2897824',$,$,#7951,#7971,'2897824',.BASESLAB.)
INFO:ImportIFC:Creating object #8003=IfcSlab('1GpqQWs8X3MvNQ69_aP4oO',#6,'RR pile with Pressure Plate:RD140/10:2897900',$,$,#7982,#8002,'2897900',.BASESLAB.)
INFO:ImportIFC:Creating object #8034=IfcSlab('1GpqQWs8X3MvNQ69_aP4Fk',#6,'RR pile with Pressure Plate:RD140/10:2898074',$,$,#8013,#8033,'2898074',.BASESLAB.)
INFO:ImportIFC:Creating object #8065=IfcSlab('1GpqQWs8X3MvNQ69_aP4Bf',#6,'RR pile with Pressure Plate:RD140/10:2898333',$,$,#8044,#8064,'2898333',.BASESLAB.)
INFO:ImportIFC:Creating object #7941=IfcSlab('1GpqQWs8X3MvNQ69_aP4qC',#6,'RR pile with Pressure Plate:RD140/10:2897528',$,$,#7920,#7940,'2897528',.BASESLAB.)
INFO:ImportIFC:Creating object #8127=IfcSlab('1GpqQWs8X3MvNQ69_aP438',#6,'RR pile with Pressure Plate:RD140/10:2898876',$,$,#8106,#8126,'2898876',.BASESLAB.)
INFO:ImportIFC:Creating object #8096=IfcSlab('1GpqQWs8X3MvNQ69_aP45_',#6,'RR pile with Pressure Plate:RD140/10:2898442',$,$,#8075,#8095,'2898442',.BASESLAB.)
INFO:ImportIFC:Creating object #8158=IfcSlab('1GpqQWs8X3MvNQ69_aP4SL',#6,'RR pile with Pressure Plate:RD140/10:2899041',$,$,#8137,#8157,'2899041',.BASESLAB.)
INFO:ImportIFC:Creating object #8187=IfcSlab('1GpqQWs8X3MvNQ69_aP4Pi',#6,'RR pile with Pressure Plate:RD140/10:2899224',$,$,#8168,#8186,'2899224',.BASESLAB.)
INFO:ImportIFC:Creating object #8217=IfcSlab('1GpqQWs8X3MvNQ69_aP3g4',#6,'RR pile with Pressure Plate:RD140/10:2900464',$,$,#8196,#8216,'2900464',.BASESLAB.)
INFO:ImportIFC:Creating object #8248=IfcSlab('1GpqQWs8X3MvNQ69_aP3$s',#6,'RR pile with Pressure Plate:RD140/10:2901122',$,$,#8227,#8247,'2901122',.BASESLAB.)
INFO:ImportIFC:Creating object #8279=IfcSlab('1GpqQWs8X3MvNQ69_aP3qZ',#6,'RR pile with Pressure Plate:RD140/10:2901591',$,$,#8258,#8278,'2901591',.BASESLAB.)
INFO:ImportIFC:Creating object #8341=IfcSlab('1GpqQWs8X3MvNQ69_aP3O3',#6,'RR pile with Pressure Plate:RD140/10:2903415',$,$,#8320,#8340,'2903415',.BASESLAB.)
INFO:ImportIFC:Creating object #8310=IfcSlab('1GpqQWs8X3MvNQ69_aP3sL',#6,'RR pile with Pressure Plate:RD140/10:2901729',$,$,#8289,#8309,'2901729',.BASESLAB.)
INFO:ImportIFC:Creating object #8400=IfcSlab('1GpqQWs8X3MvNQ69_aP3M4',#6,'RR pile with Pressure Plate:RD140/10:2903792',$,$,#8379,#8399,'2903792',.BASESLAB.)
INFO:ImportIFC:Creating object #8370=IfcSlab('1GpqQWs8X3MvNQ69_aP3QL',#6,'RR pile with Pressure Plate:RD140/10:2903521',$,$,#8351,#8369,'2903521',.BASESLAB.)
INFO:ImportIFC:Creating object #8431=IfcSlab('1GpqQWs8X3MvNQ69_aP3Gk',#6,'RR pile with Pressure Plate:RD140/10:2903898',$,$,#8410,#8430,'2903898',.BASESLAB.)
INFO:ImportIFC:Creating object #8460=IfcSlab('1GpqQWs8X3MvNQ69_aP2cg',#6,'RR pile with Pressure Plate:RD140/10:2904798',$,$,#8441,#8459,'2904798',.BASESLAB.)
INFO:ImportIFC:Creating object #8519=IfcSlab('1GpqQWs8X3MvNQ69_aP2tD',#6,'RR pile with Pressure Plate:RD140/10:2905785',$,$,#8500,#8518,'2905785',.BASESLAB.)
INFO:ImportIFC:Creating object #8490=IfcSlab('1GpqQWs8X3MvNQ69_aP2yb',#6,'RR pile with Pressure Plate:RD140/10:2905169',$,$,#8469,#8489,'2905169',.BASESLAB.)
INFO:ImportIFC:Creating object #8549=IfcSlab('1GpqQWs8X3MvNQ69_aP2Bo',#6,'RR pile with Pressure Plate:RD140/10:2906502',$,$,#8528,#8548,'2906502',.BASESLAB.)
INFO:ImportIFC:Creating object #8577=IfcSlab('1GpqQWs8X3MvNQ69_aP21L',#6,'RR pile with Pressure Plate:RD140/10:2906913',$,$,#8558,#8576,'2906913',.BASESLAB.)
INFO:ImportIFC:Creating object #8636=IfcSlab('1GpqQWs8X3MvNQ69_aP2RI',#6,'RR pile with Pressure Plate:RD140/10:2907558',$,$,#8617,#8635,'2907558',.BASESLAB.)
INFO:ImportIFC:Creating object #8607=IfcSlab('1GpqQWs8X3MvNQ69_aP2TL',#6,'RR pile with Pressure Plate:RD140/10:2907169',$,$,#8586,#8606,'2907169',.BASESLAB.)
INFO:ImportIFC:Creating object #8692=IfcSlab('1GpqQWs8X3MvNQ69_aP1id',#6,'RR pile with Pressure Plate:RD140/10:2908243',$,$,#8673,#8691,'2908243',.BASESLAB.)
INFO:ImportIFC:Creating object #8664=IfcSlab('1GpqQWs8X3MvNQ69_aP2Mo',#6,'RR pile with Pressure Plate:RD140/10:2907846',$,$,#8645,#8663,'2907846',.BASESLAB.)
INFO:ImportIFC:Creating object #8712=IfcSlab('2d2Z9OQurDJwlOUIhLw21O',#6,'Floor:100 BTG:2966356',$,$,#8701,#8711,'2966356',.FLOOR.)
INFO:ImportIFC:Creating object #8741=IfcSlab('2d2Z9OQurDJwlOUIhLw2T4',#6,'RR pile with Pressure Plate:RD140/10:2966600',$,$,#8722,#8740,'2966600',.BASESLAB.)
INFO:ImportIFC:Creating object #9825=IfcBuildingElementProxy('0$RtYNfo15W9nqagerlexp',#6,'Welda:WELDA 300x300-165:3043446',$,$,#9824,#9820,'3043446',$)
INFO:ImportIFC:Creating object #9840=IfcBuildingElementProxy('0$RtYNfo15W9nqagerley8',#6,'Welda:WELDA 300x300-165:3043725',$,$,#9839,#9835,'3043725',$)
INFO:ImportIFC:Creating object #9852=IfcBuildingElementProxy('0$RtYNfo15W9nqagerleot',#6,'Welda:WELDA 300x300-165:3043890',$,$,#9851,#9847,'3043890',$)
INFO:ImportIFC:Creating object #9864=IfcBuildingElementProxy('0$RtYNfo15W9nqagerleou',#6,'Welda:WELDA 300x300-165:3043901',$,$,#9863,#9859,'3043901',$)
INFO:ImportIFC:Creating object #9876=IfcBuildingElementProxy('0$RtYNfo15W9nqagerlepD',#6,'Welda:WELDA 300x300-165:3043912',$,$,#9875,#9871,'3043912',$)
INFO:ImportIFC:Creating object #9888=IfcBuildingElementProxy('0$RtYNfo15W9nqagerlepM',#6,'Welda:WELDA 300x300-165:3043923',$,$,#9887,#9883,'3043923',$)
INFO:ImportIFC:Creating object #9900=IfcBuildingElementProxy('0$RtYNfo15W9nqagerlesK',#6,'Welda:WELDA 300x300-165:3044113',$,$,#9899,#9895,'3044113',$)
INFO:ImportIFC:Creating object #9912=IfcBuildingElementProxy('0$RtYNfo15W9nqagerlehE',#6,'Welda:WELDA 300x300-165:3044427',$,$,#9911,#9907,'3044427',$)
INFO:ImportIFC:Creating object #9924=IfcBuildingElementProxy('0$RtYNfo15W9nqagerlehH',#6,'Welda:WELDA 300x300-165:3044436',$,$,#9923,#9919,'3044436',$)
INFO:ImportIFC:Creating object #9936=IfcBuildingElementProxy('0$RtYNfo15W9nqagerlehO',#6,'Welda:WELDA 300x300-165:3044445',$,$,#9935,#9931,'3044445',$)
INFO:ImportIFC:Creating object #10015=IfcBuildingElementProxy('0liQvotF559AKLbN3k$oIs',#6,'Welda:WELDA 300x300-165 invändig:3138993',$,$,#10014,#10010,'3138993',$)
INFO:ImportIFC:Creating object #10030=IfcBuildingElementProxy('0liQvotF559AKLbN3k$oOv',#6,'Welda:WELDA 300x300-165 invändig:3139390',$,$,#10029,#10025,'3139390',$)
INFO:ImportIFC:Creating object #10042=IfcBuildingElementProxy('0liQvotF559AKLbN3k$oPe',#6,'Welda:WELDA 300x300-165 invändig:3139439',$,$,#10041,#10037,'3139439',$)
INFO:ImportIFC:Creating object #10054=IfcBuildingElementProxy('0liQvotF559AKLbN3k$oQe',#6,'Welda:WELDA 300x300-165 invändig:3139503',$,$,#10053,#10049,'3139503',$)
INFO:ImportIFC:Creating object #10074=IfcWallStandardCase('3cE4fXcRb6D9sJuwD7_362',#6,'Basic Wall:Concrete - Cast-in-Place - 150:3168399',$,$,#10062,#10066,'3168399')
INFO:ImportIFC:Creating object #5475=IfcSlab('3u7HSm7d91peYOx7Iha1qV',#6,'Floor:100 BTG:2597512',$,$,#5441,#5474,'2597512',.FLOOR.)
INFO:ImportIFC:Creating object #10101=IfcWallStandardCase('3cE4fXcRb6D9sJuwD7_30S',#6,'Basic Wall:Concrete - Cast-in-Place - 150:3168529',$,$,#10089,#10093,'3168529')
INFO:ImportIFC:Creating object #10125=IfcWallStandardCase('3cE4fXcRb6D9sJuwD7_30V',#6,'Basic Wall:Concrete - Cast-in-Place - 150:3168530',$,$,#10113,#10117,'3168530')
INFO:ImportIFC:Creating object #10146=IfcSlab('26LkqnWpbCvRoBsHuGgEtp',#6,'Floor:200 BTG:3169975',$,$,#10135,#10145,'3169975',.FLOOR.)
INFO:ImportIFC:Creating object #10167=IfcSlab('26LkqnWpbCvRoBsHuGgD8z',#6,'Floor:200 BTG:3170681',$,$,#10156,#10166,'3170681',.FLOOR.)
INFO:ImportIFC:Creating object #10215=IfcWallStandardCase('2sDBeaUyXDLeJH4a7Be5x6',#6,'Basic Wall:Concrete - Cast-in-Place - 200:3173935',$,$,#10203,#10207,'3173935')
INFO:ImportIFC:Creating object #10191=IfcWallStandardCase('3DdC$kV0P3qgwlsTMA3gUx',#6,'Basic Wall:Concrete - Cast-in-Place - 200:3173557',$,$,#10179,#10183,'3173557')
INFO:ImportIFC:Creating object #10239=IfcWallStandardCase('2mVBUjHAz7ChtC5HZbHqCv',#6,'Basic Wall:Concrete - Cast-in-Place - 150:3191350',$,$,#10227,#10231,'3191350')
INFO:ImportIFC:Creating object #9733=IfcBuildingElementProxy('3kbFmF4MH4KfNDRl5Rs5Xi',#6,'PSB group:8xPSB-10/160-3/331:2976189',$,$,#9732,#9728,'2976189',$)
INFO:ImportIFC:Creating object #418=IfcSlab('22Qf$m7qHD0hM1fd6LNieU',#6,'Floor:Concrete - Cast-in-Place - 200:1607726',$,$,#311,#417,'1607726',.FLOOR.)
INFO:ImportIFC:Creating object #10263=IfcSlab('2QFUWnyNbFNQSPyBozqONK',#6,'Floor:200 BTG:3261054',$,$,#10249,#10262,'3261054',.FLOOR.)
INFO:ImportIFC:Creating object #10287=IfcWallStandardCase('2QFUWnyNbFNQSPyBozqO99',#6,'Basic Wall:Concrete - Cast-in-Place - 120:3261923',$,$,#10275,#10279,'3261923')
INFO:ImportIFC:Creating object #6088=IfcAnnotation('01Icbl$RfFpOj$md1Yy6un',#6,'Model Lines:2653192',$,$,#6072,#6086)
INFO:ImportIFC:Creating object #54=IfcBuildingStorey('3adfCpgMzF4eaVp1jlOR4V',#6,'PLAN 16',$,$,#53,$,'PLAN 16',.ELEMENT.,42519.99999999994)
INFO:ImportIFC:Creating object #34=IfcBuildingStorey('0Nv1MkV6PCfgKgMyZEhNXd',#6,'PLAN 11',$,$,#33,$,'PLAN 11',.ELEMENT.,27520.00000000026)
INFO:ImportIFC:Creating object #38=IfcBuildingStorey('3MF1NPWfHAjA1o$xSBfZDg',#6,'PLAN 12',$,$,#37,$,'PLAN 12',.ELEMENT.,30319.99999999871)
INFO:ImportIFC:Creating object #42=IfcBuildingStorey('1ONfzxsYjB7uTz72mS9pCn',#6,'PLAN 13',$,$,#41,$,'PLAN 13',.ELEMENT.,33120.00000000026)
INFO:ImportIFC:Creating object #46=IfcBuildingStorey('1ONfzxsYjB7uTz72mS9pCu',#6,'PLAN 14',$,$,#45,$,'PLAN 14',.ELEMENT.,35920.00000000026)
INFO:ImportIFC:Creating object #50=IfcBuildingStorey('1ONfzxsYjB7uTz72mS9pIO',#6,'PLAN 15',$,$,#49,$,'PLAN 15',.ELEMENT.,38720.00000000026)
INFO:ImportIFC:Creating object #22=IfcBuilding('2rE1cFQurCf8n7WoYumwsu',#6,'',$,$,#21,$,'',.ELEMENT.,$,$,#19)
INFO:ImportIFC:Creating object #57=IfcSite('2rE1cFQurCf8n7WoYumwsx',#6,'Default',$,$,#56,$,$,.ELEMENT.,(42,24,53,508911),(-71,-15,-29,-58837),0.,$,$)
INFO:ImportIFC:Creating object #26=IfcBuildingStorey('1ONfzxsYjB7uTz72mS9pHB',#6,'Plan 09',$,$,#25,$,'Plan 09',.ELEMENT.,19020.)
INFO:ImportIFC:Creating object #30=IfcBuildingStorey('3MF1NPWfHAjA1o$xSBfZCz',#6,'PLAN 10',$,$,#29,$,'PLAN 10',.ELEMENT.,22319.999999999996)
INFO:ImportIFC:Creating object #6288=IfcWallType('3K8C6GlZfE3QlT3xAYvUc4',#6,'Basic Wall:Concrete - Cast-in-Place - 235',$,$,$,$,'2795697',$,.STANDARD.)
INFO:ImportIFC:Creating object #10007=IfcBuildingElementProxyType('0liQvotF559AKLbN3k$oam',#6,'Welda:WELDA 300x300-165 invändig',$,$,(#10022),(#10006),'3139639',$,.NOTDEFINED.)
INFO:ImportIFC:Creating object #6416=IfcWallType('1vm5Iemq56sRvVLWhCLg5j',#6,'Basic Wall:Concrete - Cast-in-Place - 360',$,$,$,$,'3019991',$,.STANDARD.)
INFO:ImportIFC:Creating object #6059=IfcSlabType('0oJkaNwLzEHucGR9RgBy3c',#6,'Floor:280 BTG',$,$,$,$,'2682848',$,.FLOOR.)
INFO:ImportIFC:Creating object #2319=IfcWallType('1qcvbNWYT0He9_0uBi_HHe',#6,'Basic Wall:Concrete - Cast-in-Place - 412',$,$,$,$,'3085448',$,.STANDARD.)
INFO:ImportIFC:Creating object #597=IfcSlabType('2W9iUIrLP7xQWljilRVfK5',#6,'RR pile with Pressure Plate:RD140/10',$,$,$,$,'1676196',$,.BASESLAB.)
INFO:ImportIFC:Creating object #6316=IfcWallType('3K8C6GlZfE3QlT3xAYvUlI',#6,'Basic Wall:Concrete - Cast-in-Place - 255',$,$,$,$,'2796263',$,.STANDARD.)
INFO:ImportIFC:Creating object #10291=IfcWallType('0RhD8vHcH4z9qVQKrIIS27',#6,'Basic Wall:Concrete - Cast-in-Place - 120',$,$,$,$,'1203952',$,.STANDARD.)
INFO:ImportIFC:Creating object #2349=IfcSlabType('0elcjjBqT2WuSfhpvTmG$T',#6,'Floor:500 BTG',$,$,$,$,'1660718',$,.FLOOR.)
INFO:ImportIFC:Creating object #4476=IfcSlabType('2optMPCh583eJUrYS1XSuE',#6,'Floor:265 BTG',$,$,$,$,'2118562',$,.FLOOR.)
INFO:ImportIFC:Creating object #4628=IfcSlabType('1lV$H8koL1ThgNcsLUcvpq',#6,'Floor:200 BTG',$,$,$,$,'1042477',$,.FLOOR.)
INFO:ImportIFC:Creating object #9811=IfcBuildingElementProxyType('0$RtYNfo15W9nqagerlex6',#6,'Welda:WELDA 300x300-165',$,$,(#9832),(#9810),'3043395',$,.NOTDEFINED.)
INFO:ImportIFC:Creating object #511=IfcSlabType('3Ur97l8tb2hvscQW6NfvwP',#6,'Floor:Concrete - Cast-in-Place - 200',$,$,$,$,'56006',$,.FLOOR.)
INFO:ImportIFC:Creating object #5498=IfcSlabType('2CuZC4bor7uvnT2e1UeJ4k',#6,'Floor:100 BTG',$,$,$,$,'1622578',$,.FLOOR.)
INFO:ImportIFC:Creating object #6728=IfcWallType('1vm5Iemq56sRvVLWhCLgFv',#6,'Basic Wall:Concrete - Cast-in-Place - 315',$,$,$,$,'3020355',$,.STANDARD.)
INFO:ImportIFC:Creating object #10078=IfcWallType('0zAQyGfQj7mgGjK8aC8x4E',#6,'Basic Wall:Concrete - Cast-in-Place - 150',$,$,$,$,'60865',$,.STANDARD.)
INFO:ImportIFC:Creating object #2499=IfcSlabType('0F9t5p45X9Vf$Klq95QZJ0',#6,'Floor:550 BTG',$,$,$,$,'1626888',$,.FLOOR.)
INFO:ImportIFC:Creating object #2381=IfcWallType('0zAQyGfQj7mgGjK8aC8x4C',#6,'Basic Wall:Concrete - Cast-in-Place - 200',$,$,$,$,'60867',$,.STANDARD.)
INFO:ImportIFC:Creating object #287=IfcSlabType('22Qf$m7qHD0hM1fd6LNjQK',#6,'Floor:600 BTG',$,$,$,$,'1610916',$,.FLOOR.)
INFO:ImportIFC:Creating object #6256=IfcSlabType('01Icbl$RfFpOj$md1Yy6sU',#6,'Floor:150 BTG',$,$,$,$,'2654119',$,.FLOOR.)
INFO:ImportIFC:Creating object #9717=IfcBuildingElementProxyType('3kbFmF4MH4KfNDRl5Rs4xG',#6,'PSB group:8xPSB-10/160-3/331',$,$,(#9740),(#9716),'2980933',$,.NOTDEFINED.)
INFO:ImportIFC:Creating object #3874=IfcSlabType('1JGRULYwvA9ez$E2wjdWMq',#6,'Floor:Concrete - Cast-in-Place - 150',$,$,$,$,'493406',$,.FLOOR.)
INFO:ImportIFC:Creating object #2402=IfcSlabType('1cHwC47F18mB_F9n9W$INT',#6,'Floor:250 BTG',$,$,$,$,'1790302',$,.FLOOR.)
INFO:ImportIFC:Creating object #560=IfcSlabType('1GpqQWs8X3MvNQ69_aP1Wv',#6,'Floor:650 BTG',$,$,$,$,'2909005',$,.FLOOR.)
INFO:ImportIFC:Creating object #6037=IfcWallType('1Qm8M6QFL9gBqZjv03DQXf',#6,'Basic Wall:Concrete - Cast-in-Place - 300',$,$,$,$,'1988137',$,.STANDARD.)
INFO:ImportIFC:Import finished in 1.50 seconds
DEBUG:git.util:sys.platform='linux', git_executable='git'
DEBUG:git.util:sys.platform='linux', git_executable='git'
INFO:ImportIFC:Starting import
INFO:ImportIFC:loading file /home/diana/BIM/releases/upstream-0.9.0/smoketest/K15-copy.ifc
INFO:ImportIFC:Creating object #18=IfcProject('2rE1cFQurCf8n7WoYumwsv',#6,'10108',$,$,'RACKARBERGET TORGET','STATUS',(#13),#10728)
INFO:ImportIFC:Creating object #559=IfcSlab('22Qf$m7qHD0hM1fd6LNihv',#6,'Floor:650 BTG:1607881',$,$,#548,#558,'1607881',.FLOOR.)
INFO:ImportIFC:Creating object #596=IfcSlab('22Qf$m7qHD0hM1fd6LNikJ',#6,'RR pile with Pressure Plate:RD140/10:1608099',$,$,#573,#595,'1608099',.BASESLAB.)
INFO:ImportIFC:Creating object #651=IfcSlab('22Qf$m7qHD0hM1fd6LNimQ',#6,'Floor:650 BTG:1609258',$,$,#640,#650,'1609258',.FLOOR.)
INFO:ImportIFC:Creating object #286=IfcSlab('22Qf$m7qHD0hM1fd6LNiT3',#6,'Floor:600 BTG:1607027',$,$,#59,#285,'1607027',.FLOOR.)
INFO:ImportIFC:Creating object #631=IfcSlab('22Qf$m7qHD0hM1fd6LNibA',#6,'RR pile with Pressure Plate:RD140/10:1608570',$,$,#612,#630,'1608570',.BASESLAB.)
INFO:ImportIFC:Creating object #680=IfcSlab('22Qf$m7qHD0hM1fd6LNim0',#6,'RR pile with Pressure Plate:RD140/10:1609264',$,$,#661,#679,'1609264',.BASESLAB.)
INFO:ImportIFC:Creating object #728=IfcSlab('22Qf$m7qHD0hM1fd6LNinA',#6,'Floor:650 BTG:1609338',$,$,#717,#727,'1609338',.FLOOR.)
INFO:ImportIFC:Creating object #708=IfcSlab('22Qf$m7qHD0hM1fd6LNim1',#6,'RR pile with Pressure Plate:RD140/10:1609265',$,$,#689,#707,'1609265',.BASESLAB.)
INFO:ImportIFC:Creating object #757=IfcSlab('22Qf$m7qHD0hM1fd6LNiom',#6,'RR pile with Pressure Plate:RD140/10:1609344',$,$,#738,#756,'1609344',.BASESLAB.)
INFO:ImportIFC:Creating object #805=IfcSlab('22Qf$m7qHD0hM1fd6LNioX',#6,'Floor:650 BTG:1609361',$,$,#794,#804,'1609361',.FLOOR.)
INFO:ImportIFC:Creating object #785=IfcSlab('22Qf$m7qHD0hM1fd6LNion',#6,'RR pile with Pressure Plate:RD140/10:1609345',$,$,#766,#784,'1609345',.BASESLAB.)
INFO:ImportIFC:Creating object #882=IfcSlab('22Qf$m7qHD0hM1fd6LNipl',#6,'Floor:650 BTG:1609439',$,$,#871,#881,'1609439',.FLOOR.)
INFO:ImportIFC:Creating object #834=IfcSlab('22Qf$m7qHD0hM1fd6LNiod',#6,'RR pile with Pressure Plate:RD140/10:1609367',$,$,#815,#833,'1609367',.BASESLAB.)
INFO:ImportIFC:Creating object #862=IfcSlab('22Qf$m7qHD0hM1fd6LNioe',#6,'RR pile with Pressure Plate:RD140/10:1609368',$,$,#843,#861,'1609368',.BASESLAB.)
INFO:ImportIFC:Creating object #911=IfcSlab('22Qf$m7qHD0hM1fd6LNipL',#6,'RR pile with Pressure Plate:RD140/10:1609445',$,$,#892,#910,'1609445',.BASESLAB.)
INFO:ImportIFC:Creating object #959=IfcSlab('22Qf$m7qHD0hM1fd6LNiqN',#6,'Floor:650 BTG:1609511',$,$,#948,#958,'1609511',.FLOOR.)
INFO:ImportIFC:Creating object #988=IfcSlab('22Qf$m7qHD0hM1fd6LNiqT',#6,'RR pile with Pressure Plate:RD140/10:1609517',$,$,#969,#987,'1609517',.BASESLAB.)
INFO:ImportIFC:Creating object #939=IfcSlab('22Qf$m7qHD0hM1fd6LNipM',#6,'RR pile with Pressure Plate:RD140/10:1609446',$,$,#920,#938,'1609446',.BASESLAB.)
INFO:ImportIFC:Creating object #1036=IfcSlab('22Qf$m7qHD0hM1fd6LNisv',#6,'Floor:650 BTG:1609609',$,$,#1025,#1035,'1609609',.FLOOR.)
INFO:ImportIFC:Creating object #1065=IfcSlab('22Qf$m7qHD0hM1fd6LNis$',#6,'RR pile with Pressure Plate:RD140/10:1609615',$,$,#1046,#1064,'1609615',.BASESLAB.)
INFO:ImportIFC:Creating object #1113=IfcSlab('22Qf$m7qHD0hM1fd6LNisk',#6,'Floor:650 BTG:1609630',$,$,#1102,#1112,'1609630',.FLOOR.)
INFO:ImportIFC:Creating object #1016=IfcSlab('22Qf$m7qHD0hM1fd6LNiqU',#6,'RR pile with Pressure Plate:RD140/10:1609518',$,$,#997,#1015,'1609518',.BASESLAB.)
INFO:ImportIFC:Creating object #1142=IfcSlab('22Qf$m7qHD0hM1fd6LNisK',#6,'RR pile with Pressure Plate:RD140/10:1609636',$,$,#1123,#1141,'1609636',.BASESLAB.)
INFO:ImportIFC:Creating object #1093=IfcSlab('22Qf$m7qHD0hM1fd6LNisW',#6,'RR pile with Pressure Plate:RD140/10:1609616',$,$,#1074,#1092,'1609616',.BASESLAB.)
INFO:ImportIFC:Creating object #1170=IfcSlab('22Qf$m7qHD0hM1fd6LNisL',#6,'RR pile with Pressure Plate:RD140/10:1609637',$,$,#1151,#1169,'1609637',.BASESLAB.)
INFO:ImportIFC:Creating object #1190=IfcSlab('22Qf$m7qHD0hM1fd6LNis5',#6,'Floor:650 BTG:1609653',$,$,#1179,#1189,'1609653',.FLOOR.)
INFO:ImportIFC:Creating object #1267=IfcSlab('22Qf$m7qHD0hM1fd6LNit_',#6,'Floor:650 BTG:1609678',$,$,#1256,#1266,'1609678',.FLOOR.)
INFO:ImportIFC:Creating object #1219=IfcSlab('22Qf$m7qHD0hM1fd6LNisB',#6,'RR pile with Pressure Plate:RD140/10:1609659',$,$,#1200,#1218,'1609659',.BASESLAB.)
INFO:ImportIFC:Creating object #1296=IfcSlab('22Qf$m7qHD0hM1fd6LNita',#6,'RR pile with Pressure Plate:RD140/10:1609684',$,$,#1277,#1295,'1609684',.BASESLAB.)
INFO:ImportIFC:Creating object #1247=IfcSlab('22Qf$m7qHD0hM1fd6LNisC',#6,'RR pile with Pressure Plate:RD140/10:1609660',$,$,#1228,#1246,'1609660',.BASESLAB.)
INFO:ImportIFC:Creating object #1344=IfcSlab('22Qf$m7qHD0hM1fd6LNitP',#6,'Floor:650 BTG:1609705',$,$,#1333,#1343,'1609705',.FLOOR.)
INFO:ImportIFC:Creating object #1324=IfcSlab('22Qf$m7qHD0hM1fd6LNitb',#6,'RR pile with Pressure Plate:RD140/10:1609685',$,$,#1305,#1323,'1609685',.BASESLAB.)
INFO:ImportIFC:Creating object #1421=IfcSlab('22Qf$m7qHD0hM1fd6LNitE',#6,'Floor:650 BTG:1609726',$,$,#1410,#1420,'1609726',.FLOOR.)
INFO:ImportIFC:Creating object #1401=IfcSlab('22Qf$m7qHD0hM1fd6LNit0',#6,'RR pile with Pressure Plate:RD140/10:1609712',$,$,#1382,#1400,'1609712',.BASESLAB.)
INFO:ImportIFC:Creating object #1373=IfcSlab('22Qf$m7qHD0hM1fd6LNitV',#6,'RR pile with Pressure Plate:RD140/10:1609711',$,$,#1354,#1372,'1609711',.BASESLAB.)
INFO:ImportIFC:Creating object #1498=IfcSlab('22Qf$m7qHD0hM1fd6LNj8b',#6,'Floor:650 BTG:1609749',$,$,#1487,#1497,'1609749',.FLOOR.)
INFO:ImportIFC:Creating object #1450=IfcSlab('22Qf$m7qHD0hM1fd6LNj8q',#6,'RR pile with Pressure Plate:RD140/10:1609732',$,$,#1431,#1449,'1609732',.BASESLAB.)
INFO:ImportIFC:Creating object #1478=IfcSlab('22Qf$m7qHD0hM1fd6LNj8r',#6,'RR pile with Pressure Plate:RD140/10:1609733',$,$,#1459,#1477,'1609733',.BASESLAB.)
INFO:ImportIFC:Creating object #1527=IfcSlab('22Qf$m7qHD0hM1fd6LNj8h',#6,'RR pile with Pressure Plate:RD140/10:1609755',$,$,#1508,#1526,'1609755',.BASESLAB.)
INFO:ImportIFC:Creating object #1555=IfcSlab('22Qf$m7qHD0hM1fd6LNj8i',#6,'RR pile with Pressure Plate:RD140/10:1609756',$,$,#1536,#1554,'1609756',.BASESLAB.)
INFO:ImportIFC:Creating object #1575=IfcSlab('22Qf$m7qHD0hM1fd6LNj8U',#6,'Floor:650 BTG:1609774',$,$,#1564,#1574,'1609774',.FLOOR.)
INFO:ImportIFC:Creating object #1652=IfcSlab('22Qf$m7qHD0hM1fd6LNj9p',#6,'Floor:650 BTG:1609795',$,$,#1641,#1651,'1609795',.FLOOR.)
INFO:ImportIFC:Creating object #1604=IfcSlab('22Qf$m7qHD0hM1fd6LNj84',#6,'RR pile with Pressure Plate:RD140/10:1609780',$,$,#1585,#1603,'1609780',.BASESLAB.)
INFO:ImportIFC:Creating object #1632=IfcSlab('22Qf$m7qHD0hM1fd6LNj85',#6,'RR pile with Pressure Plate:RD140/10:1609781',$,$,#1613,#1631,'1609781',.BASESLAB.)
INFO:ImportIFC:Creating object #1729=IfcSlab('22Qf$m7qHD0hM1fd6LNjFa',#6,'Floor:650 BTG:1610196',$,$,#1718,#1728,'1610196',.FLOOR.)
INFO:ImportIFC:Creating object #1681=IfcSlab('22Qf$m7qHD0hM1fd6LNj9v',#6,'RR pile with Pressure Plate:RD140/10:1609801',$,$,#1662,#1680,'1609801',.BASESLAB.)
INFO:ImportIFC:Creating object #1709=IfcSlab('22Qf$m7qHD0hM1fd6LNj9w',#6,'RR pile with Pressure Plate:RD140/10:1609802',$,$,#1690,#1708,'1609802',.BASESLAB.)
INFO:ImportIFC:Creating object #1806=IfcSlab('22Qf$m7qHD0hM1fd6LNjPr',#6,'Floor:650 BTG:1610821',$,$,#1795,#1805,'1610821',.FLOOR.)
INFO:ImportIFC:Creating object #1786=IfcSlab('22Qf$m7qHD0hM1fd6LNjFh',#6,'RR pile with Pressure Plate:RD140/10:1610203',$,$,#1767,#1785,'1610203',.BASESLAB.)
INFO:ImportIFC:Creating object #1758=IfcSlab('22Qf$m7qHD0hM1fd6LNjFg',#6,'RR pile with Pressure Plate:RD140/10:1610202',$,$,#1739,#1757,'1610202',.BASESLAB.)
INFO:ImportIFC:Creating object #1883=IfcSlab('22Qf$m7qHD0hM1fd6LNje8',#6,'Floor:650 BTG:1611832',$,$,#1872,#1882,'1611832',.FLOOR.)
INFO:ImportIFC:Creating object #1835=IfcSlab('22Qf$m7qHD0hM1fd6LNjPx',#6,'RR pile with Pressure Plate:RD140/10:1610827',$,$,#1816,#1834,'1610827',.BASESLAB.)
INFO:ImportIFC:Creating object #1863=IfcSlab('22Qf$m7qHD0hM1fd6LNjPy',#6,'RR pile with Pressure Plate:RD140/10:1610828',$,$,#1844,#1862,'1610828',.BASESLAB.)
INFO:ImportIFC:Creating object #1960=IfcSlab('1MtA$wfTnE89QqC8Eo6JWM',#6,'Floor:650 BTG:1612922',$,$,#1949,#1959,'1612922',.FLOOR.)
INFO:ImportIFC:Creating object #1912=IfcSlab('22Qf$m7qHD0hM1fd6LNjeE',#6,'RR pile with Pressure Plate:RD140/10:1611838',$,$,#1893,#1911,'1611838',.BASESLAB.)
INFO:ImportIFC:Creating object #1989=IfcSlab('1MtA$wfTnE89QqC8Eo6JZi',#6,'RR pile with Pressure Plate:RD140/10:1612928',$,$,#1970,#1988,'1612928',.BASESLAB.)
INFO:ImportIFC:Creating object #1940=IfcSlab('22Qf$m7qHD0hM1fd6LNjeF',#6,'RR pile with Pressure Plate:RD140/10:1611839',$,$,#1921,#1939,'1611839',.BASESLAB.)
INFO:ImportIFC:Creating object #2037=IfcSlab('1MtA$wfTnE89QqC8Eo6Jb_',#6,'Floor:650 BTG:1613074',$,$,#2026,#2036,'1613074',.FLOOR.)
INFO:ImportIFC:Creating object #2017=IfcSlab('1MtA$wfTnE89QqC8Eo6JZj',#6,'RR pile with Pressure Plate:RD140/10:1612929',$,$,#1998,#2016,'1612929',.BASESLAB.)
INFO:ImportIFC:Creating object #2114=IfcSlab('1MtA$wfTnE89QqC8Eo6Jdm',#6,'Floor:650 BTG:1613212',$,$,#2103,#2113,'1613212',.FLOOR.)
INFO:ImportIFC:Creating object #2066=IfcSlab('1MtA$wfTnE89QqC8Eo6Jbq',#6,'RR pile with Pressure Plate:RD140/10:1613080',$,$,#2047,#2065,'1613080',.BASESLAB.)
INFO:ImportIFC:Creating object #2094=IfcSlab('1MtA$wfTnE89QqC8Eo6Jbr',#6,'RR pile with Pressure Plate:RD140/10:1613081',$,$,#2075,#2093,'1613081',.BASESLAB.)
INFO:ImportIFC:Creating object #2191=IfcSlab('1MtA$wfTnE89QqC8Eo6JdV',#6,'Floor:650 BTG:1613235',$,$,#2180,#2190,'1613235',.FLOOR.)
INFO:ImportIFC:Creating object #2171=IfcSlab('1MtA$wfTnE89QqC8Eo6JdF',#6,'RR pile with Pressure Plate:RD140/10:1613219',$,$,#2152,#2170,'1613219',.BASESLAB.)
INFO:ImportIFC:Creating object #2143=IfcSlab('1MtA$wfTnE89QqC8Eo6JdE',#6,'RR pile with Pressure Plate:RD140/10:1613218',$,$,#2124,#2142,'1613218',.BASESLAB.)
INFO:ImportIFC:Creating object #2220=IfcSlab('1MtA$wfTnE89QqC8Eo6JdL',#6,'RR pile with Pressure Plate:RD140/10:1613241',$,$,#2201,#2219,'1613241',.BASESLAB.)
INFO:ImportIFC:Creating object #2248=IfcSlab('1MtA$wfTnE89QqC8Eo6JdM',#6,'RR pile with Pressure Plate:RD140/10:1613242',$,$,#2229,#2247,'1613242',.BASESLAB.)
INFO:ImportIFC:Creating object #2348=IfcSlab('2TpkYqaPTCqhVRlCXguJqL',#6,'Floor:500 BTG:1623642',$,$,#2330,#2347,'1623642',.FLOOR.)
INFO:ImportIFC:Creating object #2316=IfcWall('0vnaqzM3X1993q3wmO1SFC',#6,'Basic Wall:Concrete - Cast-in-Place - 412:1618544',$,$,#2259,#2264,'1618544')
INFO:ImportIFC:Creating object #2377=IfcWallStandardCase('3U976yoxP4kAVQbLmq$_qo',#6,'Basic Wall:Concrete - Cast-in-Place - 200:1624429',$,$,#2364,#2368,'1624429')
INFO:ImportIFC:Creating object #2453=IfcWallStandardCase('3U976yoxP4kAVQbLmq$_qe',#6,'Basic Wall:Concrete - Cast-in-Place - 200:1624439',$,$,#2441,#2445,'1624439')
INFO:ImportIFC:Creating object #2401=IfcSlab('3U976yoxP4kAVQbLmq$_ql',#6,'Floor:250 BTG:1624432',$,$,#2390,#2400,'1624432',.FLOOR.)
INFO:ImportIFC:Creating object #2429=IfcWallStandardCase('3U976yoxP4kAVQbLmq$_qf',#6,'Basic Wall:Concrete - Cast-in-Place - 200:1624438',$,$,#2417,#2421,'1624438')
INFO:ImportIFC:Creating object #2498=IfcSlab('0F9t5p45X9Vf$Klq95QZJD',#6,'Floor:550 BTG:1626885',$,$,#2487,#2497,'1626885',.FLOOR.)
INFO:ImportIFC:Creating object #2477=IfcWallStandardCase('3U976yoxP4kAVQbLmq$_tB',#6,'Basic Wall:Concrete - Cast-in-Place - 200:1624468',$,$,#2465,#2469,'1624468')
INFO:ImportIFC:Creating object #2551=IfcSlab('3IXkosVlr2wuA56b_H17D4',#6,'Floor:650 BTG:1628477',$,$,#2540,#2550,'1628477',.FLOOR.)
INFO:ImportIFC:Creating object #2531=IfcSlab('0F9t5p45X9Vf$Klq95QZBK',#6,'RR pile with Pressure Plate:RD140/10:1627420',$,$,#2512,#2530,'1627420',.BASESLAB.)
INFO:ImportIFC:Creating object #2580=IfcSlab('3IXkosVlr2wuA56b_H17Cw',#6,'RR pile with Pressure Plate:RD140/10:1628483',$,$,#2561,#2579,'1628483',.BASESLAB.)
INFO:ImportIFC:Creating object #2628=IfcSlab('3IXkosVlr2wuA56b_H17Cn',#6,'Floor:650 BTG:1628488',$,$,#2617,#2627,'1628488',.FLOOR.)
INFO:ImportIFC:Creating object #2608=IfcSlab('3IXkosVlr2wuA56b_H17Cz',#6,'RR pile with Pressure Plate:RD140/10:1628484',$,$,#2589,#2607,'1628484',.BASESLAB.)
INFO:ImportIFC:Creating object #2705=IfcSlab('3IXkosVlr2wuA56b_H17CD',#6,'Floor:650 BTG:1628532',$,$,#2694,#2704,'1628532',.FLOOR.)
INFO:ImportIFC:Creating object #2657=IfcSlab('3IXkosVlr2wuA56b_H17Ct',#6,'RR pile with Pressure Plate:RD140/10:1628494',$,$,#2638,#2656,'1628494',.BASESLAB.)
INFO:ImportIFC:Creating object #2685=IfcSlab('3IXkosVlr2wuA56b_H17Cs',#6,'RR pile with Pressure Plate:RD140/10:1628495',$,$,#2666,#2684,'1628495',.BASESLAB.)
INFO:ImportIFC:Creating object #2734=IfcSlab('3IXkosVlr2wuA56b_H17C3',#6,'RR pile with Pressure Plate:RD140/10:1628538',$,$,#2715,#2733,'1628538',.BASESLAB.)
INFO:ImportIFC:Creating object #2762=IfcSlab('3IXkosVlr2wuA56b_H17C2',#6,'RR pile with Pressure Plate:RD140/10:1628539',$,$,#2743,#2761,'1628539',.BASESLAB.)
INFO:ImportIFC:Creating object #2782=IfcSlab('3IXkosVlr2wuA56b_H17Fi',#6,'Floor:650 BTG:1628565',$,$,#2771,#2781,'1628565',.FLOOR.)
INFO:ImportIFC:Creating object #2859=IfcSlab('3IXkosVlr2wuA56b_H17FP',#6,'Floor:650 BTG:1628576',$,$,#2848,#2858,'1628576',.FLOOR.)
INFO:ImportIFC:Creating object #2811=IfcSlab('3IXkosVlr2wuA56b_H17FY',#6,'RR pile with Pressure Plate:RD140/10:1628571',$,$,#2792,#2810,'1628571',.BASESLAB.)
INFO:ImportIFC:Creating object #2839=IfcSlab('3IXkosVlr2wuA56b_H17Fb',#6,'RR pile with Pressure Plate:RD140/10:1628572',$,$,#2820,#2838,'1628572',.BASESLAB.)
INFO:ImportIFC:Creating object #2936=IfcSlab('3IXkosVlr2wuA56b_H17FI',#6,'Floor:650 BTG:1628587',$,$,#2925,#2935,'1628587',.FLOOR.)
INFO:ImportIFC:Creating object #2888=IfcSlab('3IXkosVlr2wuA56b_H17FV',#6,'RR pile with Pressure Plate:RD140/10:1628582',$,$,#2869,#2887,'1628582',.BASESLAB.)
INFO:ImportIFC:Creating object #2916=IfcSlab('3IXkosVlr2wuA56b_H17FU',#6,'RR pile with Pressure Plate:RD140/10:1628583',$,$,#2897,#2915,'1628583',.BASESLAB.)
INFO:ImportIFC:Creating object #3013=IfcSlab('3IXkosVlr2wuA56b_H17Eu',#6,'Floor:650 BTG:1628609',$,$,#3002,#3012,'1628609',.FLOOR.)
INFO:ImportIFC:Creating object #2993=IfcSlab('3IXkosVlr2wuA56b_H17FB',#6,'RR pile with Pressure Plate:RD140/10:1628594',$,$,#2974,#2992,'1628594',.BASESLAB.)
INFO:ImportIFC:Creating object #2965=IfcSlab('3IXkosVlr2wuA56b_H17F8',#6,'RR pile with Pressure Plate:RD140/10:1628593',$,$,#2946,#2964,'1628593',.BASESLAB.)
INFO:ImportIFC:Creating object #3090=IfcSlab('3IXkosVlr2wuA56b_H17Er',#6,'Floor:650 BTG:1628620',$,$,#3079,#3089,'1628620',.FLOOR.)
INFO:ImportIFC:Creating object #3042=IfcSlab('3IXkosVlr2wuA56b_H17E_',#6,'RR pile with Pressure Plate:RD140/10:1628615',$,$,#3023,#3041,'1628615',.BASESLAB.)
INFO:ImportIFC:Creating object #3070=IfcSlab('3IXkosVlr2wuA56b_H17En',#6,'RR pile with Pressure Plate:RD140/10:1628616',$,$,#3051,#3069,'1628616',.BASESLAB.)
INFO:ImportIFC:Creating object #3167=IfcSlab('3IXkosVlr2wuA56b_H170I',#6,'Floor:550 BTG:1628779',$,$,#3156,#3166,'1628779',.FLOOR.)
INFO:ImportIFC:Creating object #3119=IfcSlab('3IXkosVlr2wuA56b_H17Eh',#6,'RR pile with Pressure Plate:RD140/10:1628626',$,$,#3100,#3118,'1628626',.BASESLAB.)
INFO:ImportIFC:Creating object #3147=IfcSlab('3IXkosVlr2wuA56b_H17Eg',#6,'RR pile with Pressure Plate:RD140/10:1628627',$,$,#3128,#3146,'1628627',.BASESLAB.)
INFO:ImportIFC:Creating object #3216=IfcSlab('3IXkosVlr2wuA56b_H1706',#6,'Floor:550 BTG:1628799',$,$,#3205,#3215,'1628799',.FLOOR.)
INFO:ImportIFC:Creating object #3265=IfcSlab('3IXkosVlr2wuA56b_H173g',#6,'Floor:550 BTG:1628819',$,$,#3254,#3264,'1628819',.FLOOR.)
INFO:ImportIFC:Creating object #3196=IfcSlab('3IXkosVlr2wuA56b_H1708',#6,'RR pile with Pressure Plate:RD140/10:1628785',$,$,#3177,#3195,'1628785',.BASESLAB.)
INFO:ImportIFC:Creating object #3314=IfcSlab('3IXkosVlr2wuA56b_H172I',#6,'Floor:550 BTG:1628907',$,$,#3303,#3313,'1628907',.FLOOR.)
INFO:ImportIFC:Creating object #3245=IfcSlab('3IXkosVlr2wuA56b_H173y',#6,'RR pile with Pressure Plate:RD140/10:1628805',$,$,#3226,#3244,'1628805',.BASESLAB.)
INFO:ImportIFC:Creating object #3294=IfcSlab('3IXkosVlr2wuA56b_H173W',#6,'RR pile with Pressure Plate:RD140/10:1628825',$,$,#3275,#3293,'1628825',.BASESLAB.)
INFO:ImportIFC:Creating object #3363=IfcSlab('25R6qIJ7HCRAqxNnHbcXCo',#6,'Floor:650 BTG:1629005',$,$,#3352,#3362,'1629005',.FLOOR.)
INFO:ImportIFC:Creating object #3343=IfcSlab('3IXkosVlr2wuA56b_H1728',#6,'RR pile with Pressure Plate:RD140/10:1628913',$,$,#3324,#3342,'1628913',.BASESLAB.)
INFO:ImportIFC:Creating object #3392=IfcSlab('25R6qIJ7HCRAqxNnHbcXCi',#6,'RR pile with Pressure Plate:RD140/10:1629011',$,$,#3373,#3391,'1629011',.BASESLAB.)
INFO:ImportIFC:Creating object #3450=IfcSlab('309$ipA4H7Nec9AVcxMgFV',#6,'RR pile with Pressure Plate:RD140/10:1632081',$,$,#3429,#3449,'1632081',.BASESLAB.)
INFO:ImportIFC:Creating object #3420=IfcSlab('25R6qIJ7HCRAqxNnHbcXCh',#6,'RR pile with Pressure Plate:RD140/10:1629012',$,$,#3401,#3419,'1629012',.BASESLAB.)
INFO:ImportIFC:Creating object #3479=IfcSlab('1QPOUNVTb3XwCFwF4fpr4h',#6,'RR pile with Pressure Plate:RD140/10:1637161',$,$,#3460,#3478,'1637161',.BASESLAB.)
INFO:ImportIFC:Creating object #3535=IfcSlab('1QPOUNVTb3XwCFwF4fprSD',#6,'RR pile with Pressure Plate:RD140/10:1637647',$,$,#3516,#3534,'1637647',.BASESLAB.)
INFO:ImportIFC:Creating object #3507=IfcSlab('1QPOUNVTb3XwCFwF4fprQO',#6,'RR pile with Pressure Plate:RD140/10:1637530',$,$,#3488,#3506,'1637530',.BASESLAB.)
INFO:ImportIFC:Creating object #3592=IfcSlab('0lEd2Iu$94IQY13zZOhXm5',#6,'Floor:500 BTG:1638230',$,$,#3572,#3591,'1638230',.FLOOR.)
INFO:ImportIFC:Creating object #3563=IfcSlab('1QPOUNVTb3XwCFwF4fprUy',#6,'RR pile with Pressure Plate:RD140/10:1637822',$,$,#3544,#3562,'1637822',.BASESLAB.)
INFO:ImportIFC:Creating object #3652=IfcSlab('0z95fqNuj3bx7HTx6Xs6Mt',#6,'RR pile with Pressure Plate:RD140/10:1642499',$,$,#3633,#3651,'1642499',.BASESLAB.)
INFO:ImportIFC:Creating object #3623=IfcSlab('0z95fqNuj3bx7HTx6Xs7iP',#6,'RR pile with Pressure Plate:RD140/10:1642157',$,$,#3602,#3622,'1642157',.BASESLAB.)
INFO:ImportIFC:Creating object #3710=IfcSlab('0z95fqNuj3bx7HTx6Xs6JE',#6,'RR pile with Pressure Plate:RD140/10:1642874',$,$,#3691,#3709,'1642874',.BASESLAB.)
INFO:ImportIFC:Creating object #3738=IfcSlab('0z95fqNuj3bx7HTx6Xs6Uu',#6,'RR pile with Pressure Plate:RD140/10:1643020',$,$,#3719,#3737,'1643020',.BASESLAB.)
INFO:ImportIFC:Creating object #3682=IfcSlab('0z95fqNuj3bx7HTx6Xs6LG',#6,'RR pile with Pressure Plate:RD140/10:1642724',$,$,#3661,#3681,'1642724',.BASESLAB.)
INFO:ImportIFC:Creating object #3766=IfcSlab('0z95fqNuj3bx7HTx6Xs6Sy',#6,'RR pile with Pressure Plate:RD140/10:1643144',$,$,#3747,#3765,'1643144',.BASESLAB.)
INFO:ImportIFC:Creating object #3848=IfcSlab('0elcjjBqT2WuSfhpvTmG$O',#6,'Floor:500 BTG:1660715',$,$,#3803,#3847,'1660715',.FLOOR.)
INFO:ImportIFC:Creating object #3873=IfcSlab('0elcjjBqT2WuSfhpvTmG7h',#6,'Floor:Concrete - Cast-in-Place - 150:1661208',$,$,#3857,#3872,'1661208',.FLOOR.)
INFO:ImportIFC:Creating object #3925=IfcWallStandardCase('0Dl2Km$jXE1hKGR8r6jn0n',#6,'Basic Wall:Concrete - Cast-in-Place - 200:1667206',$,$,#3913,#3917,'1667206')
INFO:ImportIFC:Creating object #3901=IfcWallStandardCase('0Dl2Km$jXE1hKGR8r6jn0o',#6,'Basic Wall:Concrete - Cast-in-Place - 200:1667205',$,$,#3889,#3893,'1667205')
INFO:ImportIFC:Creating object #3949=IfcWallStandardCase('0Dl2Km$jXE1hKGR8r6jn0m',#6,'Basic Wall:Concrete - Cast-in-Place - 200:1667207',$,$,#3937,#3941,'1667207')
INFO:ImportIFC:Creating object #3973=IfcWallStandardCase('0Dl2Km$jXE1hKGR8r6jn0$',#6,'Basic Wall:Concrete - Cast-in-Place - 200:1667208',$,$,#3961,#3965,'1667208')
INFO:ImportIFC:Creating object #4021=IfcWallStandardCase('0Dl2Km$jXE1hKGR8r6jn0Z',#6,'Basic Wall:Concrete - Cast-in-Place - 200:1667220',$,$,#4009,#4013,'1667220')
INFO:ImportIFC:Creating object #3794=IfcSlab('1pYdUfaX9FtQcqpUiHo8RL',#6,'RR pile with Pressure Plate:RD140/10:1654809',$,$,#3775,#3793,'1654809',.BASESLAB.)
INFO:ImportIFC:Creating object #3997=IfcWallStandardCase('0Dl2Km$jXE1hKGR8r6jn0a',#6,'Basic Wall:Concrete - Cast-in-Place - 200:1667219',$,$,#3985,#3989,'1667219')
INFO:ImportIFC:Creating object #4045=IfcWallStandardCase('0Dl2Km$jXE1hKGR8r6jn0Y',#6,'Basic Wall:Concrete - Cast-in-Place - 200:1667221',$,$,#4033,#4037,'1667221')
INFO:ImportIFC:Creating object #4106=IfcWallStandardCase('0Dl2Km$jXE1hKGR8r6jn0Q',#6,'Basic Wall:Concrete - Cast-in-Place - 200:1667245',$,$,#4094,#4098,'1667245')
INFO:ImportIFC:Creating object #4130=IfcWallStandardCase('0Dl2Km$jXE1hKGR8r6jnCC',#6,'Basic Wall:Concrete - Cast-in-Place - 200:1668027',$,$,#4118,#4122,'1668027')
INFO:ImportIFC:Creating object #4082=IfcSlab('0Dl2Km$jXE1hKGR8r6jn0l',#6,'Floor:Concrete - Cast-in-Place - 200:1667224',$,$,#4055,#4081,'1667224',.FLOOR.)
INFO:ImportIFC:Creating object #4154=IfcWallStandardCase('0Dl2Km$jXE1hKGR8r6jnQa',#6,'Basic Wall:Concrete - Cast-in-Place - 200:1668627',$,$,#4142,#4146,'1668627')
INFO:ImportIFC:Creating object #4178=IfcWallStandardCase('0Dl2Km$jXE1hKGR8r6jnTM',#6,'Basic Wall:Concrete - Cast-in-Place - 200:1669089',$,$,#4166,#4170,'1669089')
INFO:ImportIFC:Creating object #4235=IfcSlab('2W9iUIrLP7xQWljilRVf7o',#6,'RR pile with Pressure Plate:RD140/10:1677139',$,$,#4216,#4234,'1677139',.BASESLAB.)
INFO:ImportIFC:Creating object #4263=IfcSlab('2W9iUIrLP7xQWljilRVfwS',#6,'RR pile with Pressure Plate:RD140/10:1677373',$,$,#4244,#4262,'1677373',.BASESLAB.)
INFO:ImportIFC:Creating object #4207=IfcSlab('2W9iUIrLP7xQWljilRVfAP',#6,'RR pile with Pressure Plate:RD140/10:1676344',$,$,#4188,#4206,'1676344',.BASESLAB.)
INFO:ImportIFC:Creating object #4348=IfcWallStandardCase('2G336sV9rCvAEY_NVepGuz',#6,'Basic Wall:Concrete - Cast-in-Place - 200:1687963',$,$,#4336,#4340,'1687963')
INFO:ImportIFC:Creating object #4372=IfcWallStandardCase('2G336sV9rCvAEY_NVepGv3',#6,'Basic Wall:Concrete - Cast-in-Place - 200:1688037',$,$,#4360,#4364,'1688037')
INFO:ImportIFC:Creating object #4502=IfcWallStandardCase('3E_iZLL3H2vvVGDBOlHiMF',#6,'Basic Wall:Concrete - Cast-in-Place - 200:1689305',$,$,#4490,#4494,'1689305')
INFO:ImportIFC:Creating object #4580=IfcSlab('3E_iZLL3H2vvVGDBOlHiMZ',#6,'Floor:265 BTG:1689333',$,$,#4512,#4579,'1689333',.FLOOR.)
INFO:ImportIFC:Creating object #4475=IfcSlab('3E_iZLL3H2vvVGDBOlHi1S',#6,'Floor:265 BTG:1688330',$,$,#4382,#4474,'1688330',.FLOOR.)
INFO:ImportIFC:Creating object #4603=IfcSlab('3E_iZLL3H2vvVGDBOlHikr',#6,'Floor:265 BTG:1689827',$,$,#4589,#4602,'1689827',.FLOOR.)
INFO:ImportIFC:Creating object #4627=IfcSlab('3E_iZLL3H2vvVGDBOlHi$7',#6,'Floor:200 BTG:1690769',$,$,#4613,#4626,'1690769',.FLOOR.)
INFO:ImportIFC:Creating object #4660=IfcWallStandardCase('1Bln_veFj7puNDSsr8lEvN',#6,'Basic Wall:Concrete - Cast-in-Place - 200:1693045',$,$,#4643,#4647,'1693045')
INFO:ImportIFC:Creating object #4716=IfcWallStandardCase('1Bln_veFj7puNDSsr8lEwW',#6,'Basic Wall:Concrete - Cast-in-Place - 200:1693058',$,$,#4700,#4704,'1693058')
INFO:ImportIFC:Creating object #4688=IfcWallStandardCase('1Bln_veFj7puNDSsr8lEvP',#6,'Basic Wall:Concrete - Cast-in-Place - 200:1693051',$,$,#4672,#4676,'1693051')
INFO:ImportIFC:Creating object #4792=IfcSlab('1Bln_veFj7puNDSsr8lEts',#6,'Floor:200 BTG:1693396',$,$,#4778,#4791,'1693396',.FLOOR.)
INFO:ImportIFC:Creating object #4816=IfcSlab('1Bln_veFj7puNDSsr8lEmX',#6,'Floor:265 BTG:1693443',$,$,#4802,#4815,'1693443',.FLOOR.)
INFO:ImportIFC:Creating object #4840=IfcSlab('1Bln_veFj7puNDSsr8lEm6',#6,'Floor:265 BTG:1693476',$,$,#4826,#4839,'1693476',.FLOOR.)
INFO:ImportIFC:Creating object #4864=IfcWallStandardCase('15AI333QL7C918c1wk5uAx',#6,'Basic Wall:Concrete - Cast-in-Place - 200:1802941',$,$,#4852,#4856,'1802941')
INFO:ImportIFC:Creating object #4893=IfcSlab('32M627M150O9dqKzk0$dgu',#6,'RR pile with Pressure Plate:RD140/10:1966131',$,$,#4874,#4892,'1966131',.BASESLAB.)
INFO:ImportIFC:Creating object #4923=IfcSlab('2wsE$64bfAxOtyS9ts4Wo7',#6,'RR pile with Pressure Plate:RD140/10:1980282',$,$,#4902,#4922,'1980282',.BASESLAB.)
INFO:ImportIFC:Creating object #4954=IfcSlab('2wsE$64bfAxOtyS9ts4W5B',#6,'RR pile with Pressure Plate:RD140/10:1981110',$,$,#4933,#4953,'1981110',.BASESLAB.)
INFO:ImportIFC:Creating object #4985=IfcSlab('1Qm8M6QFL9gBqZjv03DRXL',#6,'RR pile with Pressure Plate:RD140/10:1984021',$,$,#4964,#4984,'1984021',.BASESLAB.)
INFO:ImportIFC:Creating object #5016=IfcSlab('0Qtshb6E1EWPi4a9CLXdXj',#6,'RR pile with Pressure Plate:RD140/10:2025338',$,$,#4995,#5015,'2025338',.BASESLAB.)
INFO:ImportIFC:Creating object #5036=IfcSlab('2optMPCh583eJUrYS1XSuw',#6,'Floor:650 BTG:2118550',$,$,#5025,#5035,'2118550',.FLOOR.)
INFO:ImportIFC:Creating object #4286=IfcWallStandardCase('2G336sV9rCvAEY_NVepG_X',#6,'Basic Wall:Concrete - Cast-in-Place - 200:1687559',$,$,#4274,#4278,'1687559')
INFO:ImportIFC:Creating object #4747=IfcWallStandardCase('1Bln_veFj7puNDSsr8lEwg',#6,'Basic Wall:Concrete - Cast-in-Place - 200:1693064',$,$,#4728,#4732,'1693064')
INFO:ImportIFC:Creating object #5065=IfcSlab('2optMPCh583eJUrYS1XSum',#6,'RR pile with Pressure Plate:RD140/10:2118556',$,$,#5046,#5064,'2118556',.BASESLAB.)
INFO:ImportIFC:Creating object #5093=IfcSlab('2optMPCh583eJUrYS1XSun',#6,'RR pile with Pressure Plate:RD140/10:2118557',$,$,#5074,#5092,'2118557',.BASESLAB.)
INFO:ImportIFC:Creating object #5113=IfcSlab('2optMPCh583eJUrYS1XSvM',#6,'Floor:650 BTG:2118650',$,$,#5102,#5112,'2118650',.FLOOR.)
INFO:ImportIFC:Creating object #5190=IfcSlab('2optMPCh583eJUrYS1XSWl',#6,'Floor:650 BTG:2119043',$,$,#5179,#5189,'2119043',.FLOOR.)
INFO:ImportIFC:Creating object #5142=IfcSlab('2optMPCh583eJUrYS1XSci',#6,'RR pile with Pressure Plate:RD140/10:2118656',$,$,#5123,#5141,'2118656',.BASESLAB.)
INFO:ImportIFC:Creating object #5170=IfcSlab('2optMPCh583eJUrYS1XScj',#6,'RR pile with Pressure Plate:RD140/10:2118657',$,$,#5151,#5169,'2118657',.BASESLAB.)
INFO:ImportIFC:Creating object #5267=IfcSlab('2optMPCh583eJUrYS1XSX3',#6,'Floor:650 BTG:2119151',$,$,#5256,#5266,'2119151',.FLOOR.)
INFO:ImportIFC:Creating object #5219=IfcSlab('2optMPCh583eJUrYS1XSWb',#6,'RR pile with Pressure Plate:RD140/10:2119049',$,$,#5200,#5218,'2119049',.BASESLAB.)
INFO:ImportIFC:Creating object #5247=IfcSlab('2optMPCh583eJUrYS1XSWc',#6,'RR pile with Pressure Plate:RD140/10:2119050',$,$,#5228,#5246,'2119050',.BASESLAB.)
INFO:ImportIFC:Creating object #5344=IfcSlab('2optMPCh583eJUrYS1XSi5',#6,'Floor:650 BTG:2119337',$,$,#5333,#5343,'2119337',.FLOOR.)
INFO:ImportIFC:Creating object #5296=IfcSlab('2optMPCh583eJUrYS1XSXP',#6,'RR pile with Pressure Plate:RD140/10:2119157',$,$,#5277,#5295,'2119157',.BASESLAB.)
INFO:ImportIFC:Creating object #5324=IfcSlab('2optMPCh583eJUrYS1XSXQ',#6,'RR pile with Pressure Plate:RD140/10:2119158',$,$,#5305,#5323,'2119158',.BASESLAB.)
INFO:ImportIFC:Creating object #5401=IfcSlab('2optMPCh583eJUrYS1XSiS',#6,'RR pile with Pressure Plate:RD140/10:2119344',$,$,#5382,#5400,'2119344',.BASESLAB.)
INFO:ImportIFC:Creating object #5373=IfcSlab('2optMPCh583eJUrYS1XSi3',#6,'RR pile with Pressure Plate:RD140/10:2119343',$,$,#5354,#5372,'2119343',.BASESLAB.)
INFO:ImportIFC:Creating object #5526=IfcSlab('3rxOTX6O16R8Y381PrfeAB',#6,'Floor:650 BTG:2611757',$,$,#5515,#5525,'2611757',.FLOOR.)
INFO:ImportIFC:Creating object #5431=IfcSlab('0XSQ7nlrv2SOLJnqA$n6UU',#6,'RR pile with Pressure Plate:RD140/10:2263637',$,$,#5410,#5430,'2263637',.BASESLAB.)
INFO:ImportIFC:Creating object #5555=IfcSlab('3rxOTX6O16R8Y381PrfeAL',#6,'RR pile with Pressure Plate:RD140/10:2611763',$,$,#5536,#5554,'2611763',.BASESLAB.)
INFO:ImportIFC:Creating object #5603=IfcSlab('3rxOTX6O16R8Y381PrfeCh',#6,'Floor:650 BTG:2612109',$,$,#5592,#5602,'2612109',.FLOOR.)
INFO:ImportIFC:Creating object #5583=IfcSlab('3rxOTX6O16R8Y381PrfeAI',#6,'RR pile with Pressure Plate:RD140/10:2611764',$,$,#5564,#5582,'2611764',.BASESLAB.)
INFO:ImportIFC:Creating object #5632=IfcSlab('3rxOTX6O16R8Y381PrfeCr',#6,'RR pile with Pressure Plate:RD140/10:2612115',$,$,#5613,#5631,'2612115',.BASESLAB.)
INFO:ImportIFC:Creating object #5680=IfcSlab('3rxOTX6O16R8Y381PrfeJX',#6,'Floor:650 BTG:2612295',$,$,#5669,#5679,'2612295',.FLOOR.)
INFO:ImportIFC:Creating object #5660=IfcSlab('3rxOTX6O16R8Y381PrfeCo',#6,'RR pile with Pressure Plate:RD140/10:2612116',$,$,#5641,#5659,'2612116',.BASESLAB.)
INFO:ImportIFC:Creating object #5709=IfcSlab('3rxOTX6O16R8Y381PrfeJh',#6,'RR pile with Pressure Plate:RD140/10:2612301',$,$,#5690,#5708,'2612301',.BASESLAB.)
INFO:ImportIFC:Creating object #5757=IfcSlab('1IzND9vID1TxKyM4ksLu$1',#6,'Floor:650 BTG:2614588',$,$,#5746,#5756,'2614588',.FLOOR.)
INFO:ImportIFC:Creating object #5737=IfcSlab('3rxOTX6O16R8Y381PrfeJe',#6,'RR pile with Pressure Plate:RD140/10:2612302',$,$,#5718,#5736,'2612302',.BASESLAB.)
INFO:ImportIFC:Creating object #5786=IfcSlab('1IzND9vID1TxKyM4ksLu_$',#6,'RR pile with Pressure Plate:RD140/10:2614594',$,$,#5767,#5785,'2614594',.BASESLAB.)
INFO:ImportIFC:Creating object #5814=IfcSlab('1IzND9vID1TxKyM4ksLu__',#6,'RR pile with Pressure Plate:RD140/10:2614595',$,$,#5795,#5813,'2614595',.BASESLAB.)
INFO:ImportIFC:Creating object #5842=IfcSlab('3sn7W$0ePC2ev$$yCd5Hv_',#6,'RR pile with Pressure Plate:RD140/10:2619759',$,$,#5823,#5841,'2619759',.BASESLAB.)
INFO:ImportIFC:Creating object #5862=IfcSlab('3sn7W$0ePC2ev$$yCd5HvZ',#6,'Floor:100 BTG:2619762',$,$,#5851,#5861,'2619762',.FLOOR.)
INFO:ImportIFC:Creating object #5891=IfcSlab('3sn7W$0ePC2ev$$yCd5Hw7',#6,'RR pile with Pressure Plate:RD140/10:2619798',$,$,#5872,#5890,'2619798',.BASESLAB.)
INFO:ImportIFC:Creating object #5911=IfcSlab('3sn7W$0ePC2ev$$yCd5Hw8',#6,'Floor:100 BTG:2619801',$,$,#5900,#5910,'2619801',.FLOOR.)
INFO:ImportIFC:Creating object #5960=IfcSlab('3sn7W$0ePC2ev$$yCd5HxH',#6,'Floor:100 BTG:2619840',$,$,#5949,#5959,'2619840',.FLOOR.)
INFO:ImportIFC:Creating object #5940=IfcSlab('3sn7W$0ePC2ev$$yCd5Hwi',#6,'RR pile with Pressure Plate:RD140/10:2619837',$,$,#5921,#5939,'2619837',.BASESLAB.)
INFO:ImportIFC:Creating object #5989=IfcSlab('3sn7W$0ePC2ev$$yCd5Hxr',#6,'RR pile with Pressure Plate:RD140/10:2619876',$,$,#5970,#5988,'2619876',.BASESLAB.)
INFO:ImportIFC:Creating object #6009=IfcSlab('3sn7W$0ePC2ev$$yCd5Hxs',#6,'Floor:100 BTG:2619879',$,$,#5998,#6008,'2619879',.FLOOR.)
INFO:ImportIFC:Creating object #6058=IfcSlab('01Icbl$RfFpOj$md1Yy6iq',#6,'Floor:280 BTG:2652429',$,$,#6047,#6057,'2652429',.FLOOR.)
INFO:ImportIFC:Creating object #6104=IfcWallStandardCase('01Icbl$RfFpOj$md1Yy6oU',#6,'Basic Wall:Concrete - Cast-in-Place - 300:2653863',$,$,#6092,#6096,'2653863')
INFO:ImportIFC:Creating object #6033=IfcWallStandardCase('2GJ687PRH0mw5XoMlivwnw',#6,'Basic Wall:Concrete - Cast-in-Place - 300:2649525',$,$,#6021,#6025,'2649525')
INFO:ImportIFC:Creating object #6125=IfcSlab('01Icbl$RfFpOj$md1Yy6oJ',#6,'Floor:280 BTG:2653866',$,$,#6114,#6124,'2653866',.FLOOR.)
INFO:ImportIFC:Creating object #6149=IfcWallStandardCase('01Icbl$RfFpOj$md1Yy6qj',#6,'Basic Wall:Concrete - Cast-in-Place - 300:2653972',$,$,#6137,#6141,'2653972')
INFO:ImportIFC:Creating object #6170=IfcSlab('01Icbl$RfFpOj$md1Yy6qk',#6,'Floor:280 BTG:2653975',$,$,#6159,#6169,'2653975',.FLOOR.)
INFO:ImportIFC:Creating object #6194=IfcWallStandardCase('01Icbl$RfFpOj$md1Yy6qM',#6,'Basic Wall:Concrete - Cast-in-Place - 300:2653999',$,$,#6182,#6186,'2653999')
INFO:ImportIFC:Creating object #6215=IfcSlab('01Icbl$RfFpOj$md1Yy6qB',#6,'Floor:280 BTG:2654002',$,$,#6204,#6214,'2654002',.FLOOR.)
INFO:ImportIFC:Creating object #6284=IfcWallStandardCase('3K8C6GlZfE3QlT3xAYvUWt',#6,'Basic Wall:Concrete - Cast-in-Place - 235:2795778',$,$,#6272,#6276,'2795778')
INFO:ImportIFC:Creating object #6312=IfcWallStandardCase('3K8C6GlZfE3QlT3xAYvUeU',#6,'Basic Wall:Concrete - Cast-in-Place - 255:2796331',$,$,#6300,#6304,'2796331')
INFO:ImportIFC:Creating object #6340=IfcWallStandardCase('3K8C6GlZfE3QlT3xAYvUtO',#6,'Basic Wall:Concrete - Cast-in-Place - 255:2796781',$,$,#6328,#6332,'2796781')
INFO:ImportIFC:Creating object #6364=IfcWallStandardCase('3K8C6GlZfE3QlT3xAYvUpo',#6,'Basic Wall:Concrete - Cast-in-Place - 255:2796999',$,$,#6352,#6356,'2796999')
INFO:ImportIFC:Creating object #6388=IfcWallStandardCase('3K8C6GlZfE3QlT3xAYvVCK',#6,'Basic Wall:Concrete - Cast-in-Place - 235:2798113',$,$,#6376,#6380,'2798113')
INFO:ImportIFC:Creating object #6412=IfcWallStandardCase('3TGLzgck1BcAIvkHAqUuVz',#6,'Basic Wall:Concrete - Cast-in-Place - 360:2798497',$,$,#6400,#6404,'2798497')
INFO:ImportIFC:Creating object #6440=IfcWallStandardCase('3TGLzgck1BcAIvkHAqUu6H',#6,'Basic Wall:Concrete - Cast-in-Place - 360:2799053',$,$,#6428,#6432,'2799053')
INFO:ImportIFC:Creating object #6464=IfcWallStandardCase('3TGLzgck1BcAIvkHAqUu66',#6,'Basic Wall:Concrete - Cast-in-Place - 360:2799066',$,$,#6452,#6456,'2799066')
INFO:ImportIFC:Creating object #6488=IfcWallStandardCase('3TGLzgck1BcAIvkHAqUu6$',#6,'Basic Wall:Concrete - Cast-in-Place - 360:2799075',$,$,#6476,#6480,'2799075')
INFO:ImportIFC:Creating object #6255=IfcSlab('01Icbl$RfFpOj$md1Yy6sg',#6,'Floor:150 BTG:2654099',$,$,#6225,#6254,'2654099',.FLOOR.)
INFO:ImportIFC:Creating object #6512=IfcWallStandardCase('3TGLzgck1BcAIvkHAqUu6m',#6,'Basic Wall:Concrete - Cast-in-Place - 360:2799084',$,$,#6500,#6504,'2799084')
INFO:ImportIFC:Creating object #6560=IfcWallStandardCase('3TGLzgck1BcAIvkHAqUunQ',#6,'Basic Wall:Concrete - Cast-in-Place - 235:2799622',$,$,#6548,#6552,'2799622')
INFO:ImportIFC:Creating object #6536=IfcWallStandardCase('3TGLzgck1BcAIvkHAqUuAH',#6,'Basic Wall:Concrete - Cast-in-Place - 235:2799309',$,$,#6524,#6528,'2799309')
INFO:ImportIFC:Creating object #6608=IfcWallStandardCase('3TGLzgck1BcAIvkHAqUu$9',#6,'Basic Wall:Concrete - Cast-in-Place - 235:2800533',$,$,#6596,#6600,'2800533')
INFO:ImportIFC:Creating object #6653=IfcWall('3TGLzgck1BcAIvkHAqUugz',#6,'Basic Wall:Concrete - Cast-in-Place - 235:2801377',$,$,#6620,#6624,'2801377')
INFO:ImportIFC:Creating object #6584=IfcWallStandardCase('3TGLzgck1BcAIvkHAqUuvR',#6,'Basic Wall:Concrete - Cast-in-Place - 235:2800135',$,$,#6572,#6576,'2800135')
INFO:ImportIFC:Creating object #6700=IfcWallStandardCase('3TGLzgck1BcAIvkHAqU$nG',#6,'Basic Wall:Concrete - Cast-in-Place - 360:2803724',$,$,#6688,#6692,'2803724')
INFO:ImportIFC:Creating object #6676=IfcWallStandardCase('3TGLzgck1BcAIvkHAqU$LB',#6,'Basic Wall:Concrete - Cast-in-Place - 235:2801943',$,$,#6664,#6668,'2801943')
INFO:ImportIFC:Creating object #6752=IfcWallStandardCase('3TGLzgck1BcAIvkHAqU$ux',#6,'Basic Wall:Concrete - Cast-in-Place - 315:2804327',$,$,#6740,#6744,'2804327')
INFO:ImportIFC:Creating object #6724=IfcWallStandardCase('3TGLzgck1BcAIvkHAqU$os',#6,'Basic Wall:Concrete - Cast-in-Place - 315:2803946',$,$,#6712,#6716,'2803946')
INFO:ImportIFC:Creating object #6776=IfcWallStandardCase('3TGLzgck1BcAIvkHAqU$uk',#6,'Basic Wall:Concrete - Cast-in-Place - 315:2804338',$,$,#6764,#6768,'2804338')
INFO:ImportIFC:Creating object #6800=IfcWallStandardCase('3TGLzgck1BcAIvkHAqU$uX',#6,'Basic Wall:Concrete - Cast-in-Place - 315:2804349',$,$,#6788,#6792,'2804349')
INFO:ImportIFC:Creating object #6824=IfcWallStandardCase('3TGLzgck1BcAIvkHAqU_Ns',#6,'Basic Wall:Concrete - Cast-in-Place - 235:2806186',$,$,#6812,#6816,'2806186')
INFO:ImportIFC:Creating object #6848=IfcWallStandardCase('3TGLzgck1BcAIvkHAqU_R9',#6,'Basic Wall:Concrete - Cast-in-Place - 235:2806421',$,$,#6836,#6840,'2806421')
INFO:ImportIFC:Creating object #6896=IfcWallStandardCase('3TGLzgck1BcAIvkHAqU_2V',#6,'Basic Wall:Concrete - Cast-in-Place - 235:2806979',$,$,#6884,#6888,'2806979')
INFO:ImportIFC:Creating object #6872=IfcWallStandardCase('3TGLzgck1BcAIvkHAqU_Vg',#6,'Basic Wall:Concrete - Cast-in-Place - 235:2806710',$,$,#6860,#6864,'2806710')
INFO:ImportIFC:Creating object #6920=IfcWallStandardCase('3TGLzgck1BcAIvkHAqU_4N',#6,'Basic Wall:Concrete - Cast-in-Place - 235:2807115',$,$,#6908,#6912,'2807115')
INFO:ImportIFC:Creating object #6944=IfcWallStandardCase('3TGLzgck1BcAIvkHAqU_D4',#6,'Basic Wall:Concrete - Cast-in-Place - 255:2807576',$,$,#6932,#6936,'2807576')
INFO:ImportIFC:Creating object #6968=IfcWallStandardCase('3TGLzgck1BcAIvkHAqU_Eh',#6,'Basic Wall:Concrete - Cast-in-Place - 255:2807799',$,$,#6956,#6960,'2807799')
INFO:ImportIFC:Creating object #6992=IfcWallStandardCase('3TGLzgck1BcAIvkHAqU_r$',#6,'Basic Wall:Concrete - Cast-in-Place - 235:2808099',$,$,#6980,#6984,'2808099')
INFO:ImportIFC:Creating object #7016=IfcWallStandardCase('3TGLzgck1BcAIvkHAqU_vf',#6,'Basic Wall:Concrete - Cast-in-Place - 235:2808373',$,$,#7004,#7008,'2808373')
INFO:ImportIFC:Creating object #7040=IfcWallStandardCase('3TGLzgck1BcAIvkHAqU_$H',#6,'Basic Wall:Concrete - Cast-in-Place - 235:2808717',$,$,#7028,#7032,'2808717')
INFO:ImportIFC:Creating object #7064=IfcWallStandardCase('3TGLzgck1BcAIvkHAqU_XF',#6,'Basic Wall:Concrete - Cast-in-Place - 235:2808851',$,$,#7052,#7056,'2808851')
INFO:ImportIFC:Creating object #7088=IfcWallStandardCase('3TGLzgck1BcAIvkHAqU_cR',#6,'Basic Wall:Concrete - Cast-in-Place - 235:2809287',$,$,#7076,#7080,'2809287')
INFO:ImportIFC:Creating object #7136=IfcWallStandardCase('3TGLzgck1BcAIvkHAqU_kh',#6,'Basic Wall:Concrete - Cast-in-Place - 235:2809847',$,$,#7124,#7128,'2809847')
INFO:ImportIFC:Creating object #7112=IfcWallStandardCase('3TGLzgck1BcAIvkHAqU_j6',#6,'Basic Wall:Concrete - Cast-in-Place - 235:2809626',$,$,#7100,#7104,'2809626')
INFO:ImportIFC:Creating object #7160=IfcWallStandardCase('3TGLzgck1BcAIvkHAqUzRQ',#6,'Basic Wall:Concrete - Cast-in-Place - 255:2810502',$,$,#7148,#7152,'2810502')
INFO:ImportIFC:Creating object #7222=IfcSlab('3RESZ2oR91geH7xhiMBeE4',#6,'RR pile with Pressure Plate:RD140/10:2884038',$,$,#7201,#7221,'2884038',.BASESLAB.)
INFO:ImportIFC:Creating object #7191=IfcSlab('3RESZ2oR91geH7xhiMANos',#6,'RR pile with Pressure Plate:RD140/10:2883316',$,$,#7170,#7190,'2883316',.BASESLAB.)
INFO:ImportIFC:Creating object #7253=IfcSlab('3RESZ2oR91geH7xhiMBeTd',#6,'RR pile with Pressure Plate:RD140/10:2884901',$,$,#7232,#7252,'2884901',.BASESLAB.)
INFO:ImportIFC:Creating object #7315=IfcSlab('3RESZ2oR91geH7xhiMBfDx',#6,'RR pile with Pressure Plate:RD140/10:2887993',$,$,#7294,#7314,'2887993',.BASESLAB.)
INFO:ImportIFC:Creating object #7346=IfcSlab('3n8VBWUkj2U9HO5tehhmXn',#6,'RR pile with Pressure Plate:RD140/10:2888703',$,$,#7325,#7345,'2888703',.BASESLAB.)
INFO:ImportIFC:Creating object #7377=IfcSlab('3n8VBWUkj2U9HO5tehhmuk',#6,'RR pile with Pressure Plate:RD140/10:2889120',$,$,#7356,#7376,'2889120',.BASESLAB.)
INFO:ImportIFC:Creating object #7406=IfcSlab('3n8VBWUkj2U9HO5tehhmtB',#6,'RR pile with Pressure Plate:RD140/10:2889285',$,$,#7387,#7405,'2889285',.BASESLAB.)
INFO:ImportIFC:Creating object #7434=IfcSlab('3n8VBWUkj2U9HO5tehhmAZ',#6,'RR pile with Pressure Plate:RD140/10:2890029',$,$,#7415,#7433,'2890029',.BASESLAB.)
INFO:ImportIFC:Creating object #7462=IfcSlab('3n8VBWUkj2U9HO5tehhmBr',#6,'RR pile with Pressure Plate:RD140/10:2890107',$,$,#7443,#7461,'2890107',.BASESLAB.)
INFO:ImportIFC:Creating object #7490=IfcSlab('3n8VBWUkj2U9HO5tehhm8n',#6,'RR pile with Pressure Plate:RD140/10:2890175',$,$,#7471,#7489,'2890175',.BASESLAB.)
INFO:ImportIFC:Creating object #7284=IfcSlab('3RESZ2oR91geH7xhiMBeZP',#6,'RR pile with Pressure Plate:RD140/10:2886299',$,$,#7263,#7283,'2886299',.BASESLAB.)
INFO:ImportIFC:Creating object #7551=IfcSlab('1hC1DwmIv5hePyymrFEjEC',#6,'RR pile with Pressure Plate:RD140/10:2890823',$,$,#7530,#7550,'2890823',.BASESLAB.)
INFO:ImportIFC:Creating object #7520=IfcSlab('3n8VBWUkj2U9HO5tehhm4i',#6,'RR pile with Pressure Plate:RD140/10:2890402',$,$,#7499,#7519,'2890402',.BASESLAB.)
INFO:ImportIFC:Creating object #7582=IfcSlab('1hC1DwmIv5hePyymrFEjCQ',#6,'RR pile with Pressure Plate:RD140/10:2890961',$,$,#7561,#7581,'2890961',.BASESLAB.)
INFO:ImportIFC:Creating object #7613=IfcSlab('1hC1DwmIv5hePyymrFEj3L',#6,'RR pile with Pressure Plate:RD140/10:2891550',$,$,#7592,#7612,'2891550',.BASESLAB.)
INFO:ImportIFC:Creating object #7642=IfcSlab('1hC1DwmIv5hePyymrFEk_w',#6,'RR pile with Pressure Plate:RD140/10:2891889',$,$,#7623,#7641,'2891889',.BASESLAB.)
INFO:ImportIFC:Creating object #7670=IfcSlab('1hC1DwmIv5hePyymrFEkxR',#6,'RR pile with Pressure Plate:RD140/10:2892048',$,$,#7651,#7669,'2892048',.BASESLAB.)
INFO:ImportIFC:Creating object #7698=IfcSlab('3du7D3jRjCOenpOtofUmZT',#6,'RR pile with Pressure Plate:RD140/10:2893098',$,$,#7679,#7697,'2893098',.BASESLAB.)
INFO:ImportIFC:Creating object #7728=IfcSlab('3du7D3jRjCOenpOtofUmle',#6,'RR pile with Pressure Plate:RD140/10:2893343',$,$,#7707,#7727,'2893343',.BASESLAB.)
INFO:ImportIFC:Creating object #7758=IfcSlab('3du7D3jRjCOenpOtofUmhK',#6,'RR pile with Pressure Plate:RD140/10:2893603',$,$,#7737,#7757,'2893603',.BASESLAB.)
INFO:ImportIFC:Creating object #7788=IfcSlab('3du7D3jRjCOenpOtofUmf4',#6,'RR pile with Pressure Plate:RD140/10:2893747',$,$,#7767,#7787,'2893747',.BASESLAB.)
INFO:ImportIFC:Creating object #7819=IfcSlab('3du7D3jRjCOenpOtofUmeJ',#6,'RR pile with Pressure Plate:RD140/10:2893796',$,$,#7798,#7818,'2893796',.BASESLAB.)
INFO:ImportIFC:Creating object #7850=IfcSlab('3du7D3jRjCOenpOtofUm1G',#6,'RR pile with Pressure Plate:RD140/10:2895271',$,$,#7829,#7849,'2895271',.BASESLAB.)
INFO:ImportIFC:Creating object #7880=IfcSlab('3du7D3jRjCOenpOtofUm0b',#6,'RR pile with Pressure Plate:RD140/10:2895314',$,$,#7859,#7879,'2895314',.BASESLAB.)
INFO:ImportIFC:Creating object #7910=IfcSlab('3du7D3jRjCOenpOtofUm99',#6,'RR pile with Pressure Plate:RD140/10:2895806',$,$,#7889,#7909,'2895806',.BASESLAB.)
INFO:ImportIFC:Creating object #7941=IfcSlab('1GpqQWs8X3MvNQ69_aP4qC',#6,'RR pile with Pressure Plate:RD140/10:2897528',$,$,#7920,#7940,'2897528',.BASESLAB.)
INFO:ImportIFC:Creating object #7972=IfcSlab('1GpqQWs8X3MvNQ69_aP4pK',#6,'RR pile with Pressure Plate:RD140/10:2897824',$,$,#7951,#7971,'2897824',.BASESLAB.)
INFO:ImportIFC:Creating object #8034=IfcSlab('1GpqQWs8X3MvNQ69_aP4Fk',#6,'RR pile with Pressure Plate:RD140/10:2898074',$,$,#8013,#8033,'2898074',.BASESLAB.)
INFO:ImportIFC:Creating object #8003=IfcSlab('1GpqQWs8X3MvNQ69_aP4oO',#6,'RR pile with Pressure Plate:RD140/10:2897900',$,$,#7982,#8002,'2897900',.BASESLAB.)
INFO:ImportIFC:Creating object #8065=IfcSlab('1GpqQWs8X3MvNQ69_aP4Bf',#6,'RR pile with Pressure Plate:RD140/10:2898333',$,$,#8044,#8064,'2898333',.BASESLAB.)
INFO:ImportIFC:Creating object #8127=IfcSlab('1GpqQWs8X3MvNQ69_aP438',#6,'RR pile with Pressure Plate:RD140/10:2898876',$,$,#8106,#8126,'2898876',.BASESLAB.)
INFO:ImportIFC:Creating object #8096=IfcSlab('1GpqQWs8X3MvNQ69_aP45_',#6,'RR pile with Pressure Plate:RD140/10:2898442',$,$,#8075,#8095,'2898442',.BASESLAB.)
INFO:ImportIFC:Creating object #8158=IfcSlab('1GpqQWs8X3MvNQ69_aP4SL',#6,'RR pile with Pressure Plate:RD140/10:2899041',$,$,#8137,#8157,'2899041',.BASESLAB.)
INFO:ImportIFC:Creating object #8187=IfcSlab('1GpqQWs8X3MvNQ69_aP4Pi',#6,'RR pile with Pressure Plate:RD140/10:2899224',$,$,#8168,#8186,'2899224',.BASESLAB.)
INFO:ImportIFC:Creating object #8217=IfcSlab('1GpqQWs8X3MvNQ69_aP3g4',#6,'RR pile with Pressure Plate:RD140/10:2900464',$,$,#8196,#8216,'2900464',.BASESLAB.)
INFO:ImportIFC:Creating object #8279=IfcSlab('1GpqQWs8X3MvNQ69_aP3qZ',#6,'RR pile with Pressure Plate:RD140/10:2901591',$,$,#8258,#8278,'2901591',.BASESLAB.)
INFO:ImportIFC:Creating object #8248=IfcSlab('1GpqQWs8X3MvNQ69_aP3$s',#6,'RR pile with Pressure Plate:RD140/10:2901122',$,$,#8227,#8247,'2901122',.BASESLAB.)
INFO:ImportIFC:Creating object #8310=IfcSlab('1GpqQWs8X3MvNQ69_aP3sL',#6,'RR pile with Pressure Plate:RD140/10:2901729',$,$,#8289,#8309,'2901729',.BASESLAB.)
INFO:ImportIFC:Creating object #8341=IfcSlab('1GpqQWs8X3MvNQ69_aP3O3',#6,'RR pile with Pressure Plate:RD140/10:2903415',$,$,#8320,#8340,'2903415',.BASESLAB.)
INFO:ImportIFC:Creating object #8370=IfcSlab('1GpqQWs8X3MvNQ69_aP3QL',#6,'RR pile with Pressure Plate:RD140/10:2903521',$,$,#8351,#8369,'2903521',.BASESLAB.)
INFO:ImportIFC:Creating object #8431=IfcSlab('1GpqQWs8X3MvNQ69_aP3Gk',#6,'RR pile with Pressure Plate:RD140/10:2903898',$,$,#8410,#8430,'2903898',.BASESLAB.)
INFO:ImportIFC:Creating object #8400=IfcSlab('1GpqQWs8X3MvNQ69_aP3M4',#6,'RR pile with Pressure Plate:RD140/10:2903792',$,$,#8379,#8399,'2903792',.BASESLAB.)
INFO:ImportIFC:Creating object #8460=IfcSlab('1GpqQWs8X3MvNQ69_aP2cg',#6,'RR pile with Pressure Plate:RD140/10:2904798',$,$,#8441,#8459,'2904798',.BASESLAB.)
INFO:ImportIFC:Creating object #8490=IfcSlab('1GpqQWs8X3MvNQ69_aP2yb',#6,'RR pile with Pressure Plate:RD140/10:2905169',$,$,#8469,#8489,'2905169',.BASESLAB.)
INFO:ImportIFC:Creating object #8549=IfcSlab('1GpqQWs8X3MvNQ69_aP2Bo',#6,'RR pile with Pressure Plate:RD140/10:2906502',$,$,#8528,#8548,'2906502',.BASESLAB.)
INFO:ImportIFC:Creating object #8519=IfcSlab('1GpqQWs8X3MvNQ69_aP2tD',#6,'RR pile with Pressure Plate:RD140/10:2905785',$,$,#8500,#8518,'2905785',.BASESLAB.)
INFO:ImportIFC:Creating object #8577=IfcSlab('1GpqQWs8X3MvNQ69_aP21L',#6,'RR pile with Pressure Plate:RD140/10:2906913',$,$,#8558,#8576,'2906913',.BASESLAB.)
INFO:ImportIFC:Creating object #8607=IfcSlab('1GpqQWs8X3MvNQ69_aP2TL',#6,'RR pile with Pressure Plate:RD140/10:2907169',$,$,#8586,#8606,'2907169',.BASESLAB.)
INFO:ImportIFC:Creating object #8636=IfcSlab('1GpqQWs8X3MvNQ69_aP2RI',#6,'RR pile with Pressure Plate:RD140/10:2907558',$,$,#8617,#8635,'2907558',.BASESLAB.)
INFO:ImportIFC:Creating object #8664=IfcSlab('1GpqQWs8X3MvNQ69_aP2Mo',#6,'RR pile with Pressure Plate:RD140/10:2907846',$,$,#8645,#8663,'2907846',.BASESLAB.)
INFO:ImportIFC:Creating object #8712=IfcSlab('2d2Z9OQurDJwlOUIhLw21O',#6,'Floor:100 BTG:2966356',$,$,#8701,#8711,'2966356',.FLOOR.)
INFO:ImportIFC:Creating object #8692=IfcSlab('1GpqQWs8X3MvNQ69_aP1id',#6,'RR pile with Pressure Plate:RD140/10:2908243',$,$,#8673,#8691,'2908243',.BASESLAB.)
INFO:ImportIFC:Creating object #8741=IfcSlab('2d2Z9OQurDJwlOUIhLw2T4',#6,'RR pile with Pressure Plate:RD140/10:2966600',$,$,#8722,#8740,'2966600',.BASESLAB.)
INFO:ImportIFC:Creating object #5475=IfcSlab('3u7HSm7d91peYOx7Iha1qV',#6,'Floor:100 BTG:2597512',$,$,#5441,#5474,'2597512',.FLOOR.)
INFO:ImportIFC:Creating object #10015=IfcBuildingElementProxy('0liQvotF559AKLbN3k$oIs',#6,'Welda:WELDA 300x300-165 invändig:3138993',$,$,#10014,#10010,'3138993',$)
INFO:ImportIFC:Creating object #10030=IfcBuildingElementProxy('0liQvotF559AKLbN3k$oOv',#6,'Welda:WELDA 300x300-165 invändig:3139390',$,$,#10029,#10025,'3139390',$)
INFO:ImportIFC:Creating object #10042=IfcBuildingElementProxy('0liQvotF559AKLbN3k$oPe',#6,'Welda:WELDA 300x300-165 invändig:3139439',$,$,#10041,#10037,'3139439',$)
INFO:ImportIFC:Creating object #10054=IfcBuildingElementProxy('0liQvotF559AKLbN3k$oQe',#6,'Welda:WELDA 300x300-165 invändig:3139503',$,$,#10053,#10049,'3139503',$)
INFO:ImportIFC:Creating object #10074=IfcWallStandardCase('3cE4fXcRb6D9sJuwD7_362',#6,'Basic Wall:Concrete - Cast-in-Place - 150:3168399',$,$,#10062,#10066,'3168399')
INFO:ImportIFC:Creating object #10101=IfcWallStandardCase('3cE4fXcRb6D9sJuwD7_30S',#6,'Basic Wall:Concrete - Cast-in-Place - 150:3168529',$,$,#10089,#10093,'3168529')
INFO:ImportIFC:Creating object #10125=IfcWallStandardCase('3cE4fXcRb6D9sJuwD7_30V',#6,'Basic Wall:Concrete - Cast-in-Place - 150:3168530',$,$,#10113,#10117,'3168530')
INFO:ImportIFC:Creating object #9825=IfcBuildingElementProxy('0$RtYNfo15W9nqagerlexp',#6,'Welda:WELDA 300x300-165:3043446',$,$,#9824,#9820,'3043446',$)
INFO:ImportIFC:Creating object #9840=IfcBuildingElementProxy('0$RtYNfo15W9nqagerley8',#6,'Welda:WELDA 300x300-165:3043725',$,$,#9839,#9835,'3043725',$)
INFO:ImportIFC:Creating object #9852=IfcBuildingElementProxy('0$RtYNfo15W9nqagerleot',#6,'Welda:WELDA 300x300-165:3043890',$,$,#9851,#9847,'3043890',$)
INFO:ImportIFC:Creating object #9864=IfcBuildingElementProxy('0$RtYNfo15W9nqagerleou',#6,'Welda:WELDA 300x300-165:3043901',$,$,#9863,#9859,'3043901',$)
INFO:ImportIFC:Creating object #9876=IfcBuildingElementProxy('0$RtYNfo15W9nqagerlepD',#6,'Welda:WELDA 300x300-165:3043912',$,$,#9875,#9871,'3043912',$)
INFO:ImportIFC:Creating object #9888=IfcBuildingElementProxy('0$RtYNfo15W9nqagerlepM',#6,'Welda:WELDA 300x300-165:3043923',$,$,#9887,#9883,'3043923',$)
INFO:ImportIFC:Creating object #9900=IfcBuildingElementProxy('0$RtYNfo15W9nqagerlesK',#6,'Welda:WELDA 300x300-165:3044113',$,$,#9899,#9895,'3044113',$)
INFO:ImportIFC:Creating object #9912=IfcBuildingElementProxy('0$RtYNfo15W9nqagerlehE',#6,'Welda:WELDA 300x300-165:3044427',$,$,#9911,#9907,'3044427',$)
INFO:ImportIFC:Creating object #9924=IfcBuildingElementProxy('0$RtYNfo15W9nqagerlehH',#6,'Welda:WELDA 300x300-165:3044436',$,$,#9923,#9919,'3044436',$)
INFO:ImportIFC:Creating object #9936=IfcBuildingElementProxy('0$RtYNfo15W9nqagerlehO',#6,'Welda:WELDA 300x300-165:3044445',$,$,#9935,#9931,'3044445',$)
INFO:ImportIFC:Creating object #10146=IfcSlab('26LkqnWpbCvRoBsHuGgEtp',#6,'Floor:200 BTG:3169975',$,$,#10135,#10145,'3169975',.FLOOR.)
INFO:ImportIFC:Creating object #10167=IfcSlab('26LkqnWpbCvRoBsHuGgD8z',#6,'Floor:200 BTG:3170681',$,$,#10156,#10166,'3170681',.FLOOR.)
INFO:ImportIFC:Creating object #10215=IfcWallStandardCase('2sDBeaUyXDLeJH4a7Be5x6',#6,'Basic Wall:Concrete - Cast-in-Place - 200:3173935',$,$,#10203,#10207,'3173935')
INFO:ImportIFC:Creating object #10191=IfcWallStandardCase('3DdC$kV0P3qgwlsTMA3gUx',#6,'Basic Wall:Concrete - Cast-in-Place - 200:3173557',$,$,#10179,#10183,'3173557')
INFO:ImportIFC:Creating object #10263=IfcSlab('2QFUWnyNbFNQSPyBozqONK',#6,'Floor:200 BTG:3261054',$,$,#10249,#10262,'3261054',.FLOOR.)
INFO:ImportIFC:Creating object #10239=IfcWallStandardCase('2mVBUjHAz7ChtC5HZbHqCv',#6,'Basic Wall:Concrete - Cast-in-Place - 150:3191350',$,$,#10227,#10231,'3191350')
INFO:ImportIFC:Creating object #418=IfcSlab('22Qf$m7qHD0hM1fd6LNieU',#6,'Floor:Concrete - Cast-in-Place - 200:1607726',$,$,#311,#417,'1607726',.FLOOR.)
INFO:ImportIFC:Creating object #9733=IfcBuildingElementProxy('3kbFmF4MH4KfNDRl5Rs5Xi',#6,'PSB group:8xPSB-10/160-3/331:2976189',$,$,#9732,#9728,'2976189',$)
INFO:ImportIFC:Creating object #10287=IfcWallStandardCase('2QFUWnyNbFNQSPyBozqO99',#6,'Basic Wall:Concrete - Cast-in-Place - 120:3261923',$,$,#10275,#10279,'3261923')
INFO:ImportIFC:Creating object #6088=IfcAnnotation('01Icbl$RfFpOj$md1Yy6un',#6,'Model Lines:2653192',$,$,#6072,#6086)
INFO:ImportIFC:Creating object #54=IfcBuildingStorey('3adfCpgMzF4eaVp1jlOR4V',#6,'PLAN 16',$,$,#53,$,'PLAN 16',.ELEMENT.,42519.99999999994)
INFO:ImportIFC:Creating object #34=IfcBuildingStorey('0Nv1MkV6PCfgKgMyZEhNXd',#6,'PLAN 11',$,$,#33,$,'PLAN 11',.ELEMENT.,27520.00000000026)
INFO:ImportIFC:Creating object #38=IfcBuildingStorey('3MF1NPWfHAjA1o$xSBfZDg',#6,'PLAN 12',$,$,#37,$,'PLAN 12',.ELEMENT.,30319.99999999871)
INFO:ImportIFC:Creating object #42=IfcBuildingStorey('1ONfzxsYjB7uTz72mS9pCn',#6,'PLAN 13',$,$,#41,$,'PLAN 13',.ELEMENT.,33120.00000000026)
INFO:ImportIFC:Creating object #46=IfcBuildingStorey('1ONfzxsYjB7uTz72mS9pCu',#6,'PLAN 14',$,$,#45,$,'PLAN 14',.ELEMENT.,35920.00000000026)
INFO:ImportIFC:Creating object #50=IfcBuildingStorey('1ONfzxsYjB7uTz72mS9pIO',#6,'PLAN 15',$,$,#49,$,'PLAN 15',.ELEMENT.,38720.00000000026)
INFO:ImportIFC:Creating object #22=IfcBuilding('2rE1cFQurCf8n7WoYumwsu',#6,'',$,$,#21,$,'',.ELEMENT.,$,$,#19)
INFO:ImportIFC:Creating object #57=IfcSite('2rE1cFQurCf8n7WoYumwsx',#6,'Default',$,$,#56,$,$,.ELEMENT.,(42,24,53,508911),(-71,-15,-29,-58837),0.,$,$)
INFO:ImportIFC:Creating object #26=IfcBuildingStorey('1ONfzxsYjB7uTz72mS9pHB',#6,'Plan 09',$,$,#25,$,'Plan 09',.ELEMENT.,19020.)
INFO:ImportIFC:Creating object #30=IfcBuildingStorey('3MF1NPWfHAjA1o$xSBfZCz',#6,'PLAN 10',$,$,#29,$,'PLAN 10',.ELEMENT.,22319.999999999996)
INFO:ImportIFC:Creating object #6288=IfcWallType('3K8C6GlZfE3QlT3xAYvUc4',#6,'Basic Wall:Concrete - Cast-in-Place - 235',$,$,$,$,'2795697',$,.STANDARD.)
INFO:ImportIFC:Creating object #10007=IfcBuildingElementProxyType('0liQvotF559AKLbN3k$oam',#6,'Welda:WELDA 300x300-165 invändig',$,$,(#10022),(#10006),'3139639',$,.NOTDEFINED.)
INFO:ImportIFC:Creating object #6416=IfcWallType('1vm5Iemq56sRvVLWhCLg5j',#6,'Basic Wall:Concrete - Cast-in-Place - 360',$,$,$,$,'3019991',$,.STANDARD.)
INFO:ImportIFC:Creating object #6059=IfcSlabType('0oJkaNwLzEHucGR9RgBy3c',#6,'Floor:280 BTG',$,$,$,$,'2682848',$,.FLOOR.)
INFO:ImportIFC:Creating object #2319=IfcWallType('1qcvbNWYT0He9_0uBi_HHe',#6,'Basic Wall:Concrete - Cast-in-Place - 412',$,$,$,$,'3085448',$,.STANDARD.)
INFO:ImportIFC:Creating object #597=IfcSlabType('2W9iUIrLP7xQWljilRVfK5',#6,'RR pile with Pressure Plate:RD140/10',$,$,$,$,'1676196',$,.BASESLAB.)
INFO:ImportIFC:Creating object #6316=IfcWallType('3K8C6GlZfE3QlT3xAYvUlI',#6,'Basic Wall:Concrete - Cast-in-Place - 255',$,$,$,$,'2796263',$,.STANDARD.)
INFO:ImportIFC:Creating object #10291=IfcWallType('0RhD8vHcH4z9qVQKrIIS27',#6,'Basic Wall:Concrete - Cast-in-Place - 120',$,$,$,$,'1203952',$,.STANDARD.)
INFO:ImportIFC:Creating object #2349=IfcSlabType('0elcjjBqT2WuSfhpvTmG$T',#6,'Floor:500 BTG',$,$,$,$,'1660718',$,.FLOOR.)
INFO:ImportIFC:Creating object #4476=IfcSlabType('2optMPCh583eJUrYS1XSuE',#6,'Floor:265 BTG',$,$,$,$,'2118562',$,.FLOOR.)
INFO:ImportIFC:Creating object #4628=IfcSlabType('1lV$H8koL1ThgNcsLUcvpq',#6,'Floor:200 BTG',$,$,$,$,'1042477',$,.FLOOR.)
INFO:ImportIFC:Creating object #9811=IfcBuildingElementProxyType('0$RtYNfo15W9nqagerlex6',#6,'Welda:WELDA 300x300-165',$,$,(#9832),(#9810),'3043395',$,.NOTDEFINED.)
INFO:ImportIFC:Creating object #511=IfcSlabType('3Ur97l8tb2hvscQW6NfvwP',#6,'Floor:Concrete - Cast-in-Place - 200',$,$,$,$,'56006',$,.FLOOR.)
INFO:ImportIFC:Creating object #5498=IfcSlabType('2CuZC4bor7uvnT2e1UeJ4k',#6,'Floor:100 BTG',$,$,$,$,'1622578',$,.FLOOR.)
INFO:ImportIFC:Creating object #6728=IfcWallType('1vm5Iemq56sRvVLWhCLgFv',#6,'Basic Wall:Concrete - Cast-in-Place - 315',$,$,$,$,'3020355',$,.STANDARD.)
INFO:ImportIFC:Creating object #10078=IfcWallType('0zAQyGfQj7mgGjK8aC8x4E',#6,'Basic Wall:Concrete - Cast-in-Place - 150',$,$,$,$,'60865',$,.STANDARD.)
INFO:ImportIFC:Creating object #2499=IfcSlabType('0F9t5p45X9Vf$Klq95QZJ0',#6,'Floor:550 BTG',$,$,$,$,'1626888',$,.FLOOR.)
INFO:ImportIFC:Creating object #2381=IfcWallType('0zAQyGfQj7mgGjK8aC8x4C',#6,'Basic Wall:Concrete - Cast-in-Place - 200',$,$,$,$,'60867',$,.STANDARD.)
INFO:ImportIFC:Creating object #287=IfcSlabType('22Qf$m7qHD0hM1fd6LNjQK',#6,'Floor:600 BTG',$,$,$,$,'1610916',$,.FLOOR.)
INFO:ImportIFC:Creating object #6256=IfcSlabType('01Icbl$RfFpOj$md1Yy6sU',#6,'Floor:150 BTG',$,$,$,$,'2654119',$,.FLOOR.)
INFO:ImportIFC:Creating object #9717=IfcBuildingElementProxyType('3kbFmF4MH4KfNDRl5Rs4xG',#6,'PSB group:8xPSB-10/160-3/331',$,$,(#9740),(#9716),'2980933',$,.NOTDEFINED.)
INFO:ImportIFC:Creating object #3874=IfcSlabType('1JGRULYwvA9ez$E2wjdWMq',#6,'Floor:Concrete - Cast-in-Place - 150',$,$,$,$,'493406',$,.FLOOR.)
INFO:ImportIFC:Creating object #2402=IfcSlabType('1cHwC47F18mB_F9n9W$INT',#6,'Floor:250 BTG',$,$,$,$,'1790302',$,.FLOOR.)
INFO:ImportIFC:Creating object #560=IfcSlabType('1GpqQWs8X3MvNQ69_aP1Wv',#6,'Floor:650 BTG',$,$,$,$,'2909005',$,.FLOOR.)
INFO:ImportIFC:Creating object #6037=IfcWallType('1Qm8M6QFL9gBqZjv03DQXf',#6,'Basic Wall:Concrete - Cast-in-Place - 300',$,$,$,$,'1988137',$,.STANDARD.)
INFO:ImportIFC:Import finished in 1.52 seconds
DEBUG:git.util:sys.platform='linux', git_executable='git'
DEBUG:git.util:sys.platform='linux', git_executable='git'
INFO:ImportIFC:Starting import
INFO:ImportIFC:loading file /home/diana/BIM/releases/upstream-0.9.0/smoketest/K15-copy.ifc
INFO:ImportIFC:Creating object #18=IfcProject('2rE1cFQurCf8n7WoYumwsv',#6,'10108',$,$,'RACKARBERGET TORGET','STATUS',(#13),#10728)
INFO:ImportIFC:Creating object #559=IfcSlab('22Qf$m7qHD0hM1fd6LNihv',#6,'Floor:650 BTG:1607881',$,$,#548,#558,'1607881',.FLOOR.)
INFO:ImportIFC:Creating object #596=IfcSlab('22Qf$m7qHD0hM1fd6LNikJ',#6,'RR pile with Pressure Plate:RD140/10:1608099',$,$,#573,#595,'1608099',.BASESLAB.)
INFO:ImportIFC:Creating object #286=IfcSlab('22Qf$m7qHD0hM1fd6LNiT3',#6,'Floor:600 BTG:1607027',$,$,#59,#285,'1607027',.FLOOR.)
INFO:ImportIFC:Creating object #651=IfcSlab('22Qf$m7qHD0hM1fd6LNimQ',#6,'Floor:650 BTG:1609258',$,$,#640,#650,'1609258',.FLOOR.)
INFO:ImportIFC:Creating object #631=IfcSlab('22Qf$m7qHD0hM1fd6LNibA',#6,'RR pile with Pressure Plate:RD140/10:1608570',$,$,#612,#630,'1608570',.BASESLAB.)
INFO:ImportIFC:Creating object #680=IfcSlab('22Qf$m7qHD0hM1fd6LNim0',#6,'RR pile with Pressure Plate:RD140/10:1609264',$,$,#661,#679,'1609264',.BASESLAB.)
INFO:ImportIFC:Creating object #728=IfcSlab('22Qf$m7qHD0hM1fd6LNinA',#6,'Floor:650 BTG:1609338',$,$,#717,#727,'1609338',.FLOOR.)
INFO:ImportIFC:Creating object #708=IfcSlab('22Qf$m7qHD0hM1fd6LNim1',#6,'RR pile with Pressure Plate:RD140/10:1609265',$,$,#689,#707,'1609265',.BASESLAB.)
INFO:ImportIFC:Creating object #785=IfcSlab('22Qf$m7qHD0hM1fd6LNion',#6,'RR pile with Pressure Plate:RD140/10:1609345',$,$,#766,#784,'1609345',.BASESLAB.)
INFO:ImportIFC:Creating object #757=IfcSlab('22Qf$m7qHD0hM1fd6LNiom',#6,'RR pile with Pressure Plate:RD140/10:1609344',$,$,#738,#756,'1609344',.BASESLAB.)
INFO:ImportIFC:Creating object #805=IfcSlab('22Qf$m7qHD0hM1fd6LNioX',#6,'Floor:650 BTG:1609361',$,$,#794,#804,'1609361',.FLOOR.)
INFO:ImportIFC:Creating object #834=IfcSlab('22Qf$m7qHD0hM1fd6LNiod',#6,'RR pile with Pressure Plate:RD140/10:1609367',$,$,#815,#833,'1609367',.BASESLAB.)
INFO:ImportIFC:Creating object #882=IfcSlab('22Qf$m7qHD0hM1fd6LNipl',#6,'Floor:650 BTG:1609439',$,$,#871,#881,'1609439',.FLOOR.)
INFO:ImportIFC:Creating object #862=IfcSlab('22Qf$m7qHD0hM1fd6LNioe',#6,'RR pile with Pressure Plate:RD140/10:1609368',$,$,#843,#861,'1609368',.BASESLAB.)
INFO:ImportIFC:Creating object #911=IfcSlab('22Qf$m7qHD0hM1fd6LNipL',#6,'RR pile with Pressure Plate:RD140/10:1609445',$,$,#892,#910,'1609445',.BASESLAB.)
INFO:ImportIFC:Creating object #939=IfcSlab('22Qf$m7qHD0hM1fd6LNipM',#6,'RR pile with Pressure Plate:RD140/10:1609446',$,$,#920,#938,'1609446',.BASESLAB.)
INFO:ImportIFC:Creating object #959=IfcSlab('22Qf$m7qHD0hM1fd6LNiqN',#6,'Floor:650 BTG:1609511',$,$,#948,#958,'1609511',.FLOOR.)
INFO:ImportIFC:Creating object #1036=IfcSlab('22Qf$m7qHD0hM1fd6LNisv',#6,'Floor:650 BTG:1609609',$,$,#1025,#1035,'1609609',.FLOOR.)
INFO:ImportIFC:Creating object #1016=IfcSlab('22Qf$m7qHD0hM1fd6LNiqU',#6,'RR pile with Pressure Plate:RD140/10:1609518',$,$,#997,#1015,'1609518',.BASESLAB.)
INFO:ImportIFC:Creating object #988=IfcSlab('22Qf$m7qHD0hM1fd6LNiqT',#6,'RR pile with Pressure Plate:RD140/10:1609517',$,$,#969,#987,'1609517',.BASESLAB.)
INFO:ImportIFC:Creating object #1113=IfcSlab('22Qf$m7qHD0hM1fd6LNisk',#6,'Floor:650 BTG:1609630',$,$,#1102,#1112,'1609630',.FLOOR.)
INFO:ImportIFC:Creating object #1065=IfcSlab('22Qf$m7qHD0hM1fd6LNis$',#6,'RR pile with Pressure Plate:RD140/10:1609615',$,$,#1046,#1064,'1609615',.BASESLAB.)
INFO:ImportIFC:Creating object #1093=IfcSlab('22Qf$m7qHD0hM1fd6LNisW',#6,'RR pile with Pressure Plate:RD140/10:1609616',$,$,#1074,#1092,'1609616',.BASESLAB.)
INFO:ImportIFC:Creating object #1142=IfcSlab('22Qf$m7qHD0hM1fd6LNisK',#6,'RR pile with Pressure Plate:RD140/10:1609636',$,$,#1123,#1141,'1609636',.BASESLAB.)
INFO:ImportIFC:Creating object #1190=IfcSlab('22Qf$m7qHD0hM1fd6LNis5',#6,'Floor:650 BTG:1609653',$,$,#1179,#1189,'1609653',.FLOOR.)
INFO:ImportIFC:Creating object #1170=IfcSlab('22Qf$m7qHD0hM1fd6LNisL',#6,'RR pile with Pressure Plate:RD140/10:1609637',$,$,#1151,#1169,'1609637',.BASESLAB.)
INFO:ImportIFC:Creating object #1247=IfcSlab('22Qf$m7qHD0hM1fd6LNisC',#6,'RR pile with Pressure Plate:RD140/10:1609660',$,$,#1228,#1246,'1609660',.BASESLAB.)
INFO:ImportIFC:Creating object #1267=IfcSlab('22Qf$m7qHD0hM1fd6LNit_',#6,'Floor:650 BTG:1609678',$,$,#1256,#1266,'1609678',.FLOOR.)
INFO:ImportIFC:Creating object #1219=IfcSlab('22Qf$m7qHD0hM1fd6LNisB',#6,'RR pile with Pressure Plate:RD140/10:1609659',$,$,#1200,#1218,'1609659',.BASESLAB.)
INFO:ImportIFC:Creating object #1324=IfcSlab('22Qf$m7qHD0hM1fd6LNitb',#6,'RR pile with Pressure Plate:RD140/10:1609685',$,$,#1305,#1323,'1609685',.BASESLAB.)
INFO:ImportIFC:Creating object #1296=IfcSlab('22Qf$m7qHD0hM1fd6LNita',#6,'RR pile with Pressure Plate:RD140/10:1609684',$,$,#1277,#1295,'1609684',.BASESLAB.)
INFO:ImportIFC:Creating object #1344=IfcSlab('22Qf$m7qHD0hM1fd6LNitP',#6,'Floor:650 BTG:1609705',$,$,#1333,#1343,'1609705',.FLOOR.)
INFO:ImportIFC:Creating object #1373=IfcSlab('22Qf$m7qHD0hM1fd6LNitV',#6,'RR pile with Pressure Plate:RD140/10:1609711',$,$,#1354,#1372,'1609711',.BASESLAB.)
INFO:ImportIFC:Creating object #1421=IfcSlab('22Qf$m7qHD0hM1fd6LNitE',#6,'Floor:650 BTG:1609726',$,$,#1410,#1420,'1609726',.FLOOR.)
INFO:ImportIFC:Creating object #1401=IfcSlab('22Qf$m7qHD0hM1fd6LNit0',#6,'RR pile with Pressure Plate:RD140/10:1609712',$,$,#1382,#1400,'1609712',.BASESLAB.)
INFO:ImportIFC:Creating object #1498=IfcSlab('22Qf$m7qHD0hM1fd6LNj8b',#6,'Floor:650 BTG:1609749',$,$,#1487,#1497,'1609749',.FLOOR.)
INFO:ImportIFC:Creating object #1478=IfcSlab('22Qf$m7qHD0hM1fd6LNj8r',#6,'RR pile with Pressure Plate:RD140/10:1609733',$,$,#1459,#1477,'1609733',.BASESLAB.)
INFO:ImportIFC:Creating object #1555=IfcSlab('22Qf$m7qHD0hM1fd6LNj8i',#6,'RR pile with Pressure Plate:RD140/10:1609756',$,$,#1536,#1554,'1609756',.BASESLAB.)
INFO:ImportIFC:Creating object #1450=IfcSlab('22Qf$m7qHD0hM1fd6LNj8q',#6,'RR pile with Pressure Plate:RD140/10:1609732',$,$,#1431,#1449,'1609732',.BASESLAB.)
INFO:ImportIFC:Creating object #1575=IfcSlab('22Qf$m7qHD0hM1fd6LNj8U',#6,'Floor:650 BTG:1609774',$,$,#1564,#1574,'1609774',.FLOOR.)
INFO:ImportIFC:Creating object #1604=IfcSlab('22Qf$m7qHD0hM1fd6LNj84',#6,'RR pile with Pressure Plate:RD140/10:1609780',$,$,#1585,#1603,'1609780',.BASESLAB.)
INFO:ImportIFC:Creating object #1652=IfcSlab('22Qf$m7qHD0hM1fd6LNj9p',#6,'Floor:650 BTG:1609795',$,$,#1641,#1651,'1609795',.FLOOR.)
INFO:ImportIFC:Creating object #1632=IfcSlab('22Qf$m7qHD0hM1fd6LNj85',#6,'RR pile with Pressure Plate:RD140/10:1609781',$,$,#1613,#1631,'1609781',.BASESLAB.)
INFO:ImportIFC:Creating object #1681=IfcSlab('22Qf$m7qHD0hM1fd6LNj9v',#6,'RR pile with Pressure Plate:RD140/10:1609801',$,$,#1662,#1680,'1609801',.BASESLAB.)
INFO:ImportIFC:Creating object #1527=IfcSlab('22Qf$m7qHD0hM1fd6LNj8h',#6,'RR pile with Pressure Plate:RD140/10:1609755',$,$,#1508,#1526,'1609755',.BASESLAB.)
INFO:ImportIFC:Creating object #1729=IfcSlab('22Qf$m7qHD0hM1fd6LNjFa',#6,'Floor:650 BTG:1610196',$,$,#1718,#1728,'1610196',.FLOOR.)
INFO:ImportIFC:Creating object #1709=IfcSlab('22Qf$m7qHD0hM1fd6LNj9w',#6,'RR pile with Pressure Plate:RD140/10:1609802',$,$,#1690,#1708,'1609802',.BASESLAB.)
INFO:ImportIFC:Creating object #1806=IfcSlab('22Qf$m7qHD0hM1fd6LNjPr',#6,'Floor:650 BTG:1610821',$,$,#1795,#1805,'1610821',.FLOOR.)
INFO:ImportIFC:Creating object #1786=IfcSlab('22Qf$m7qHD0hM1fd6LNjFh',#6,'RR pile with Pressure Plate:RD140/10:1610203',$,$,#1767,#1785,'1610203',.BASESLAB.)
INFO:ImportIFC:Creating object #1863=IfcSlab('22Qf$m7qHD0hM1fd6LNjPy',#6,'RR pile with Pressure Plate:RD140/10:1610828',$,$,#1844,#1862,'1610828',.BASESLAB.)
INFO:ImportIFC:Creating object #1883=IfcSlab('22Qf$m7qHD0hM1fd6LNje8',#6,'Floor:650 BTG:1611832',$,$,#1872,#1882,'1611832',.FLOOR.)
INFO:ImportIFC:Creating object #1758=IfcSlab('22Qf$m7qHD0hM1fd6LNjFg',#6,'RR pile with Pressure Plate:RD140/10:1610202',$,$,#1739,#1757,'1610202',.BASESLAB.)
INFO:ImportIFC:Creating object #1835=IfcSlab('22Qf$m7qHD0hM1fd6LNjPx',#6,'RR pile with Pressure Plate:RD140/10:1610827',$,$,#1816,#1834,'1610827',.BASESLAB.)
INFO:ImportIFC:Creating object #1960=IfcSlab('1MtA$wfTnE89QqC8Eo6JWM',#6,'Floor:650 BTG:1612922',$,$,#1949,#1959,'1612922',.FLOOR.)
INFO:ImportIFC:Creating object #1912=IfcSlab('22Qf$m7qHD0hM1fd6LNjeE',#6,'RR pile with Pressure Plate:RD140/10:1611838',$,$,#1893,#1911,'1611838',.BASESLAB.)
INFO:ImportIFC:Creating object #1940=IfcSlab('22Qf$m7qHD0hM1fd6LNjeF',#6,'RR pile with Pressure Plate:RD140/10:1611839',$,$,#1921,#1939,'1611839',.BASESLAB.)
INFO:ImportIFC:Creating object #2037=IfcSlab('1MtA$wfTnE89QqC8Eo6Jb_',#6,'Floor:650 BTG:1613074',$,$,#2026,#2036,'1613074',.FLOOR.)
INFO:ImportIFC:Creating object #1989=IfcSlab('1MtA$wfTnE89QqC8Eo6JZi',#6,'RR pile with Pressure Plate:RD140/10:1612928',$,$,#1970,#1988,'1612928',.BASESLAB.)
INFO:ImportIFC:Creating object #2017=IfcSlab('1MtA$wfTnE89QqC8Eo6JZj',#6,'RR pile with Pressure Plate:RD140/10:1612929',$,$,#1998,#2016,'1612929',.BASESLAB.)
INFO:ImportIFC:Creating object #2066=IfcSlab('1MtA$wfTnE89QqC8Eo6Jbq',#6,'RR pile with Pressure Plate:RD140/10:1613080',$,$,#2047,#2065,'1613080',.BASESLAB.)
INFO:ImportIFC:Creating object #2114=IfcSlab('1MtA$wfTnE89QqC8Eo6Jdm',#6,'Floor:650 BTG:1613212',$,$,#2103,#2113,'1613212',.FLOOR.)
INFO:ImportIFC:Creating object #2143=IfcSlab('1MtA$wfTnE89QqC8Eo6JdE',#6,'RR pile with Pressure Plate:RD140/10:1613218',$,$,#2124,#2142,'1613218',.BASESLAB.)
INFO:ImportIFC:Creating object #2094=IfcSlab('1MtA$wfTnE89QqC8Eo6Jbr',#6,'RR pile with Pressure Plate:RD140/10:1613081',$,$,#2075,#2093,'1613081',.BASESLAB.)
INFO:ImportIFC:Creating object #2171=IfcSlab('1MtA$wfTnE89QqC8Eo6JdF',#6,'RR pile with Pressure Plate:RD140/10:1613219',$,$,#2152,#2170,'1613219',.BASESLAB.)
INFO:ImportIFC:Creating object #2191=IfcSlab('1MtA$wfTnE89QqC8Eo6JdV',#6,'Floor:650 BTG:1613235',$,$,#2180,#2190,'1613235',.FLOOR.)
INFO:ImportIFC:Creating object #2220=IfcSlab('1MtA$wfTnE89QqC8Eo6JdL',#6,'RR pile with Pressure Plate:RD140/10:1613241',$,$,#2201,#2219,'1613241',.BASESLAB.)
INFO:ImportIFC:Creating object #2248=IfcSlab('1MtA$wfTnE89QqC8Eo6JdM',#6,'RR pile with Pressure Plate:RD140/10:1613242',$,$,#2229,#2247,'1613242',.BASESLAB.)
INFO:ImportIFC:Creating object #2316=IfcWall('0vnaqzM3X1993q3wmO1SFC',#6,'Basic Wall:Concrete - Cast-in-Place - 412:1618544',$,$,#2259,#2264,'1618544')
INFO:ImportIFC:Creating object #2348=IfcSlab('2TpkYqaPTCqhVRlCXguJqL',#6,'Floor:500 BTG:1623642',$,$,#2330,#2347,'1623642',.FLOOR.)
INFO:ImportIFC:Creating object #2429=IfcWallStandardCase('3U976yoxP4kAVQbLmq$_qf',#6,'Basic Wall:Concrete - Cast-in-Place - 200:1624438',$,$,#2417,#2421,'1624438')
INFO:ImportIFC:Creating object #2377=IfcWallStandardCase('3U976yoxP4kAVQbLmq$_qo',#6,'Basic Wall:Concrete - Cast-in-Place - 200:1624429',$,$,#2364,#2368,'1624429')
INFO:ImportIFC:Creating object #2401=IfcSlab('3U976yoxP4kAVQbLmq$_ql',#6,'Floor:250 BTG:1624432',$,$,#2390,#2400,'1624432',.FLOOR.)
INFO:ImportIFC:Creating object #2453=IfcWallStandardCase('3U976yoxP4kAVQbLmq$_qe',#6,'Basic Wall:Concrete - Cast-in-Place - 200:1624439',$,$,#2441,#2445,'1624439')
INFO:ImportIFC:Creating object #2498=IfcSlab('0F9t5p45X9Vf$Klq95QZJD',#6,'Floor:550 BTG:1626885',$,$,#2487,#2497,'1626885',.FLOOR.)
INFO:ImportIFC:Creating object #2477=IfcWallStandardCase('3U976yoxP4kAVQbLmq$_tB',#6,'Basic Wall:Concrete - Cast-in-Place - 200:1624468',$,$,#2465,#2469,'1624468')
INFO:ImportIFC:Creating object #2551=IfcSlab('3IXkosVlr2wuA56b_H17D4',#6,'Floor:650 BTG:1628477',$,$,#2540,#2550,'1628477',.FLOOR.)
INFO:ImportIFC:Creating object #2580=IfcSlab('3IXkosVlr2wuA56b_H17Cw',#6,'RR pile with Pressure Plate:RD140/10:1628483',$,$,#2561,#2579,'1628483',.BASESLAB.)
INFO:ImportIFC:Creating object #2628=IfcSlab('3IXkosVlr2wuA56b_H17Cn',#6,'Floor:650 BTG:1628488',$,$,#2617,#2627,'1628488',.FLOOR.)
INFO:ImportIFC:Creating object #2531=IfcSlab('0F9t5p45X9Vf$Klq95QZBK',#6,'RR pile with Pressure Plate:RD140/10:1627420',$,$,#2512,#2530,'1627420',.BASESLAB.)
INFO:ImportIFC:Creating object #2608=IfcSlab('3IXkosVlr2wuA56b_H17Cz',#6,'RR pile with Pressure Plate:RD140/10:1628484',$,$,#2589,#2607,'1628484',.BASESLAB.)
INFO:ImportIFC:Creating object #2705=IfcSlab('3IXkosVlr2wuA56b_H17CD',#6,'Floor:650 BTG:1628532',$,$,#2694,#2704,'1628532',.FLOOR.)
INFO:ImportIFC:Creating object #2685=IfcSlab('3IXkosVlr2wuA56b_H17Cs',#6,'RR pile with Pressure Plate:RD140/10:1628495',$,$,#2666,#2684,'1628495',.BASESLAB.)
INFO:ImportIFC:Creating object #2734=IfcSlab('3IXkosVlr2wuA56b_H17C3',#6,'RR pile with Pressure Plate:RD140/10:1628538',$,$,#2715,#2733,'1628538',.BASESLAB.)
INFO:ImportIFC:Creating object #2657=IfcSlab('3IXkosVlr2wuA56b_H17Ct',#6,'RR pile with Pressure Plate:RD140/10:1628494',$,$,#2638,#2656,'1628494',.BASESLAB.)
INFO:ImportIFC:Creating object #2782=IfcSlab('3IXkosVlr2wuA56b_H17Fi',#6,'Floor:650 BTG:1628565',$,$,#2771,#2781,'1628565',.FLOOR.)
INFO:ImportIFC:Creating object #2762=IfcSlab('3IXkosVlr2wuA56b_H17C2',#6,'RR pile with Pressure Plate:RD140/10:1628539',$,$,#2743,#2761,'1628539',.BASESLAB.)
INFO:ImportIFC:Creating object #2859=IfcSlab('3IXkosVlr2wuA56b_H17FP',#6,'Floor:650 BTG:1628576',$,$,#2848,#2858,'1628576',.FLOOR.)
INFO:ImportIFC:Creating object #2811=IfcSlab('3IXkosVlr2wuA56b_H17FY',#6,'RR pile with Pressure Plate:RD140/10:1628571',$,$,#2792,#2810,'1628571',.BASESLAB.)
INFO:ImportIFC:Creating object #2839=IfcSlab('3IXkosVlr2wuA56b_H17Fb',#6,'RR pile with Pressure Plate:RD140/10:1628572',$,$,#2820,#2838,'1628572',.BASESLAB.)
INFO:ImportIFC:Creating object #2936=IfcSlab('3IXkosVlr2wuA56b_H17FI',#6,'Floor:650 BTG:1628587',$,$,#2925,#2935,'1628587',.FLOOR.)
INFO:ImportIFC:Creating object #2916=IfcSlab('3IXkosVlr2wuA56b_H17FU',#6,'RR pile with Pressure Plate:RD140/10:1628583',$,$,#2897,#2915,'1628583',.BASESLAB.)
INFO:ImportIFC:Creating object #2888=IfcSlab('3IXkosVlr2wuA56b_H17FV',#6,'RR pile with Pressure Plate:RD140/10:1628582',$,$,#2869,#2887,'1628582',.BASESLAB.)
INFO:ImportIFC:Creating object #2965=IfcSlab('3IXkosVlr2wuA56b_H17F8',#6,'RR pile with Pressure Plate:RD140/10:1628593',$,$,#2946,#2964,'1628593',.BASESLAB.)
INFO:ImportIFC:Creating object #3013=IfcSlab('3IXkosVlr2wuA56b_H17Eu',#6,'Floor:650 BTG:1628609',$,$,#3002,#3012,'1628609',.FLOOR.)
INFO:ImportIFC:Creating object #2993=IfcSlab('3IXkosVlr2wuA56b_H17FB',#6,'RR pile with Pressure Plate:RD140/10:1628594',$,$,#2974,#2992,'1628594',.BASESLAB.)
INFO:ImportIFC:Creating object #3042=IfcSlab('3IXkosVlr2wuA56b_H17E_',#6,'RR pile with Pressure Plate:RD140/10:1628615',$,$,#3023,#3041,'1628615',.BASESLAB.)
INFO:ImportIFC:Creating object #3090=IfcSlab('3IXkosVlr2wuA56b_H17Er',#6,'Floor:650 BTG:1628620',$,$,#3079,#3089,'1628620',.FLOOR.)
INFO:ImportIFC:Creating object #3070=IfcSlab('3IXkosVlr2wuA56b_H17En',#6,'RR pile with Pressure Plate:RD140/10:1628616',$,$,#3051,#3069,'1628616',.BASESLAB.)
INFO:ImportIFC:Creating object #3119=IfcSlab('3IXkosVlr2wuA56b_H17Eh',#6,'RR pile with Pressure Plate:RD140/10:1628626',$,$,#3100,#3118,'1628626',.BASESLAB.)
INFO:ImportIFC:Creating object #3167=IfcSlab('3IXkosVlr2wuA56b_H170I',#6,'Floor:550 BTG:1628779',$,$,#3156,#3166,'1628779',.FLOOR.)
INFO:ImportIFC:Creating object #3147=IfcSlab('3IXkosVlr2wuA56b_H17Eg',#6,'RR pile with Pressure Plate:RD140/10:1628627',$,$,#3128,#3146,'1628627',.BASESLAB.)
INFO:ImportIFC:Creating object #3216=IfcSlab('3IXkosVlr2wuA56b_H1706',#6,'Floor:550 BTG:1628799',$,$,#3205,#3215,'1628799',.FLOOR.)
INFO:ImportIFC:Creating object #3265=IfcSlab('3IXkosVlr2wuA56b_H173g',#6,'Floor:550 BTG:1628819',$,$,#3254,#3264,'1628819',.FLOOR.)
INFO:ImportIFC:Creating object #3196=IfcSlab('3IXkosVlr2wuA56b_H1708',#6,'RR pile with Pressure Plate:RD140/10:1628785',$,$,#3177,#3195,'1628785',.BASESLAB.)
INFO:ImportIFC:Creating object #3314=IfcSlab('3IXkosVlr2wuA56b_H172I',#6,'Floor:550 BTG:1628907',$,$,#3303,#3313,'1628907',.FLOOR.)
INFO:ImportIFC:Creating object #3245=IfcSlab('3IXkosVlr2wuA56b_H173y',#6,'RR pile with Pressure Plate:RD140/10:1628805',$,$,#3226,#3244,'1628805',.BASESLAB.)
INFO:ImportIFC:Creating object #3294=IfcSlab('3IXkosVlr2wuA56b_H173W',#6,'RR pile with Pressure Plate:RD140/10:1628825',$,$,#3275,#3293,'1628825',.BASESLAB.)
INFO:ImportIFC:Creating object #3363=IfcSlab('25R6qIJ7HCRAqxNnHbcXCo',#6,'Floor:650 BTG:1629005',$,$,#3352,#3362,'1629005',.FLOOR.)
INFO:ImportIFC:Creating object #3392=IfcSlab('25R6qIJ7HCRAqxNnHbcXCi',#6,'RR pile with Pressure Plate:RD140/10:1629011',$,$,#3373,#3391,'1629011',.BASESLAB.)
INFO:ImportIFC:Creating object #3343=IfcSlab('3IXkosVlr2wuA56b_H1728',#6,'RR pile with Pressure Plate:RD140/10:1628913',$,$,#3324,#3342,'1628913',.BASESLAB.)
INFO:ImportIFC:Creating object #3420=IfcSlab('25R6qIJ7HCRAqxNnHbcXCh',#6,'RR pile with Pressure Plate:RD140/10:1629012',$,$,#3401,#3419,'1629012',.BASESLAB.)
INFO:ImportIFC:Creating object #3450=IfcSlab('309$ipA4H7Nec9AVcxMgFV',#6,'RR pile with Pressure Plate:RD140/10:1632081',$,$,#3429,#3449,'1632081',.BASESLAB.)
INFO:ImportIFC:Creating object #3479=IfcSlab('1QPOUNVTb3XwCFwF4fpr4h',#6,'RR pile with Pressure Plate:RD140/10:1637161',$,$,#3460,#3478,'1637161',.BASESLAB.)
INFO:ImportIFC:Creating object #3507=IfcSlab('1QPOUNVTb3XwCFwF4fprQO',#6,'RR pile with Pressure Plate:RD140/10:1637530',$,$,#3488,#3506,'1637530',.BASESLAB.)
INFO:ImportIFC:Creating object #3563=IfcSlab('1QPOUNVTb3XwCFwF4fprUy',#6,'RR pile with Pressure Plate:RD140/10:1637822',$,$,#3544,#3562,'1637822',.BASESLAB.)
INFO:ImportIFC:Creating object #3592=IfcSlab('0lEd2Iu$94IQY13zZOhXm5',#6,'Floor:500 BTG:1638230',$,$,#3572,#3591,'1638230',.FLOOR.)
INFO:ImportIFC:Creating object #3535=IfcSlab('1QPOUNVTb3XwCFwF4fprSD',#6,'RR pile with Pressure Plate:RD140/10:1637647',$,$,#3516,#3534,'1637647',.BASESLAB.)
INFO:ImportIFC:Creating object #3623=IfcSlab('0z95fqNuj3bx7HTx6Xs7iP',#6,'RR pile with Pressure Plate:RD140/10:1642157',$,$,#3602,#3622,'1642157',.BASESLAB.)
INFO:ImportIFC:Creating object #3652=IfcSlab('0z95fqNuj3bx7HTx6Xs6Mt',#6,'RR pile with Pressure Plate:RD140/10:1642499',$,$,#3633,#3651,'1642499',.BASESLAB.)
INFO:ImportIFC:Creating object #3682=IfcSlab('0z95fqNuj3bx7HTx6Xs6LG',#6,'RR pile with Pressure Plate:RD140/10:1642724',$,$,#3661,#3681,'1642724',.BASESLAB.)
INFO:ImportIFC:Creating object #3738=IfcSlab('0z95fqNuj3bx7HTx6Xs6Uu',#6,'RR pile with Pressure Plate:RD140/10:1643020',$,$,#3719,#3737,'1643020',.BASESLAB.)
INFO:ImportIFC:Creating object #3794=IfcSlab('1pYdUfaX9FtQcqpUiHo8RL',#6,'RR pile with Pressure Plate:RD140/10:1654809',$,$,#3775,#3793,'1654809',.BASESLAB.)
INFO:ImportIFC:Creating object #3710=IfcSlab('0z95fqNuj3bx7HTx6Xs6JE',#6,'RR pile with Pressure Plate:RD140/10:1642874',$,$,#3691,#3709,'1642874',.BASESLAB.)
INFO:ImportIFC:Creating object #3766=IfcSlab('0z95fqNuj3bx7HTx6Xs6Sy',#6,'RR pile with Pressure Plate:RD140/10:1643144',$,$,#3747,#3765,'1643144',.BASESLAB.)
INFO:ImportIFC:Creating object #3873=IfcSlab('0elcjjBqT2WuSfhpvTmG7h',#6,'Floor:Concrete - Cast-in-Place - 150:1661208',$,$,#3857,#3872,'1661208',.FLOOR.)
INFO:ImportIFC:Creating object #3901=IfcWallStandardCase('0Dl2Km$jXE1hKGR8r6jn0o',#6,'Basic Wall:Concrete - Cast-in-Place - 200:1667205',$,$,#3889,#3893,'1667205')
INFO:ImportIFC:Creating object #3848=IfcSlab('0elcjjBqT2WuSfhpvTmG$O',#6,'Floor:500 BTG:1660715',$,$,#3803,#3847,'1660715',.FLOOR.)
INFO:ImportIFC:Creating object #3925=IfcWallStandardCase('0Dl2Km$jXE1hKGR8r6jn0n',#6,'Basic Wall:Concrete - Cast-in-Place - 200:1667206',$,$,#3913,#3917,'1667206')
INFO:ImportIFC:Creating object #3949=IfcWallStandardCase('0Dl2Km$jXE1hKGR8r6jn0m',#6,'Basic Wall:Concrete - Cast-in-Place - 200:1667207',$,$,#3937,#3941,'1667207')
INFO:ImportIFC:Creating object #4021=IfcWallStandardCase('0Dl2Km$jXE1hKGR8r6jn0Z',#6,'Basic Wall:Concrete - Cast-in-Place - 200:1667220',$,$,#4009,#4013,'1667220')
INFO:ImportIFC:Creating object #3973=IfcWallStandardCase('0Dl2Km$jXE1hKGR8r6jn0$',#6,'Basic Wall:Concrete - Cast-in-Place - 200:1667208',$,$,#3961,#3965,'1667208')
INFO:ImportIFC:Creating object #4045=IfcWallStandardCase('0Dl2Km$jXE1hKGR8r6jn0Y',#6,'Basic Wall:Concrete - Cast-in-Place - 200:1667221',$,$,#4033,#4037,'1667221')
INFO:ImportIFC:Creating object #3997=IfcWallStandardCase('0Dl2Km$jXE1hKGR8r6jn0a',#6,'Basic Wall:Concrete - Cast-in-Place - 200:1667219',$,$,#3985,#3989,'1667219')
INFO:ImportIFC:Creating object #4106=IfcWallStandardCase('0Dl2Km$jXE1hKGR8r6jn0Q',#6,'Basic Wall:Concrete - Cast-in-Place - 200:1667245',$,$,#4094,#4098,'1667245')
INFO:ImportIFC:Creating object #4082=IfcSlab('0Dl2Km$jXE1hKGR8r6jn0l',#6,'Floor:Concrete - Cast-in-Place - 200:1667224',$,$,#4055,#4081,'1667224',.FLOOR.)
INFO:ImportIFC:Creating object #4154=IfcWallStandardCase('0Dl2Km$jXE1hKGR8r6jnQa',#6,'Basic Wall:Concrete - Cast-in-Place - 200:1668627',$,$,#4142,#4146,'1668627')
INFO:ImportIFC:Creating object #4130=IfcWallStandardCase('0Dl2Km$jXE1hKGR8r6jnCC',#6,'Basic Wall:Concrete - Cast-in-Place - 200:1668027',$,$,#4118,#4122,'1668027')
INFO:ImportIFC:Creating object #4178=IfcWallStandardCase('0Dl2Km$jXE1hKGR8r6jnTM',#6,'Basic Wall:Concrete - Cast-in-Place - 200:1669089',$,$,#4166,#4170,'1669089')
INFO:ImportIFC:Creating object #4263=IfcSlab('2W9iUIrLP7xQWljilRVfwS',#6,'RR pile with Pressure Plate:RD140/10:1677373',$,$,#4244,#4262,'1677373',.BASESLAB.)
INFO:ImportIFC:Creating object #4207=IfcSlab('2W9iUIrLP7xQWljilRVfAP',#6,'RR pile with Pressure Plate:RD140/10:1676344',$,$,#4188,#4206,'1676344',.BASESLAB.)
INFO:ImportIFC:Creating object #4235=IfcSlab('2W9iUIrLP7xQWljilRVf7o',#6,'RR pile with Pressure Plate:RD140/10:1677139',$,$,#4216,#4234,'1677139',.BASESLAB.)
INFO:ImportIFC:Creating object #4348=IfcWallStandardCase('2G336sV9rCvAEY_NVepGuz',#6,'Basic Wall:Concrete - Cast-in-Place - 200:1687963',$,$,#4336,#4340,'1687963')
INFO:ImportIFC:Creating object #4372=IfcWallStandardCase('2G336sV9rCvAEY_NVepGv3',#6,'Basic Wall:Concrete - Cast-in-Place - 200:1688037',$,$,#4360,#4364,'1688037')
INFO:ImportIFC:Creating object #4475=IfcSlab('3E_iZLL3H2vvVGDBOlHi1S',#6,'Floor:265 BTG:1688330',$,$,#4382,#4474,'1688330',.FLOOR.)
INFO:ImportIFC:Creating object #4502=IfcWallStandardCase('3E_iZLL3H2vvVGDBOlHiMF',#6,'Basic Wall:Concrete - Cast-in-Place - 200:1689305',$,$,#4490,#4494,'1689305')
INFO:ImportIFC:Creating object #4580=IfcSlab('3E_iZLL3H2vvVGDBOlHiMZ',#6,'Floor:265 BTG:1689333',$,$,#4512,#4579,'1689333',.FLOOR.)
INFO:ImportIFC:Creating object #4603=IfcSlab('3E_iZLL3H2vvVGDBOlHikr',#6,'Floor:265 BTG:1689827',$,$,#4589,#4602,'1689827',.FLOOR.)
INFO:ImportIFC:Creating object #4627=IfcSlab('3E_iZLL3H2vvVGDBOlHi$7',#6,'Floor:200 BTG:1690769',$,$,#4613,#4626,'1690769',.FLOOR.)
INFO:ImportIFC:Creating object #4660=IfcWallStandardCase('1Bln_veFj7puNDSsr8lEvN',#6,'Basic Wall:Concrete - Cast-in-Place - 200:1693045',$,$,#4643,#4647,'1693045')
INFO:ImportIFC:Creating object #4688=IfcWallStandardCase('1Bln_veFj7puNDSsr8lEvP',#6,'Basic Wall:Concrete - Cast-in-Place - 200:1693051',$,$,#4672,#4676,'1693051')
INFO:ImportIFC:Creating object #4716=IfcWallStandardCase('1Bln_veFj7puNDSsr8lEwW',#6,'Basic Wall:Concrete - Cast-in-Place - 200:1693058',$,$,#4700,#4704,'1693058')
INFO:ImportIFC:Creating object #4792=IfcSlab('1Bln_veFj7puNDSsr8lEts',#6,'Floor:200 BTG:1693396',$,$,#4778,#4791,'1693396',.FLOOR.)
INFO:ImportIFC:Creating object #4816=IfcSlab('1Bln_veFj7puNDSsr8lEmX',#6,'Floor:265 BTG:1693443',$,$,#4802,#4815,'1693443',.FLOOR.)
INFO:ImportIFC:Creating object #4840=IfcSlab('1Bln_veFj7puNDSsr8lEm6',#6,'Floor:265 BTG:1693476',$,$,#4826,#4839,'1693476',.FLOOR.)
INFO:ImportIFC:Creating object #4864=IfcWallStandardCase('15AI333QL7C918c1wk5uAx',#6,'Basic Wall:Concrete - Cast-in-Place - 200:1802941',$,$,#4852,#4856,'1802941')
INFO:ImportIFC:Creating object #4893=IfcSlab('32M627M150O9dqKzk0$dgu',#6,'RR pile with Pressure Plate:RD140/10:1966131',$,$,#4874,#4892,'1966131',.BASESLAB.)
INFO:ImportIFC:Creating object #4923=IfcSlab('2wsE$64bfAxOtyS9ts4Wo7',#6,'RR pile with Pressure Plate:RD140/10:1980282',$,$,#4902,#4922,'1980282',.BASESLAB.)
INFO:ImportIFC:Creating object #4954=IfcSlab('2wsE$64bfAxOtyS9ts4W5B',#6,'RR pile with Pressure Plate:RD140/10:1981110',$,$,#4933,#4953,'1981110',.BASESLAB.)
INFO:ImportIFC:Creating object #4985=IfcSlab('1Qm8M6QFL9gBqZjv03DRXL',#6,'RR pile with Pressure Plate:RD140/10:1984021',$,$,#4964,#4984,'1984021',.BASESLAB.)
INFO:ImportIFC:Creating object #5016=IfcSlab('0Qtshb6E1EWPi4a9CLXdXj',#6,'RR pile with Pressure Plate:RD140/10:2025338',$,$,#4995,#5015,'2025338',.BASESLAB.)
INFO:ImportIFC:Creating object #5036=IfcSlab('2optMPCh583eJUrYS1XSuw',#6,'Floor:650 BTG:2118550',$,$,#5025,#5035,'2118550',.FLOOR.)
INFO:ImportIFC:Creating object #5065=IfcSlab('2optMPCh583eJUrYS1XSum',#6,'RR pile with Pressure Plate:RD140/10:2118556',$,$,#5046,#5064,'2118556',.BASESLAB.)
INFO:ImportIFC:Creating object #5093=IfcSlab('2optMPCh583eJUrYS1XSun',#6,'RR pile with Pressure Plate:RD140/10:2118557',$,$,#5074,#5092,'2118557',.BASESLAB.)
INFO:ImportIFC:Creating object #5113=IfcSlab('2optMPCh583eJUrYS1XSvM',#6,'Floor:650 BTG:2118650',$,$,#5102,#5112,'2118650',.FLOOR.)
INFO:ImportIFC:Creating object #5142=IfcSlab('2optMPCh583eJUrYS1XSci',#6,'RR pile with Pressure Plate:RD140/10:2118656',$,$,#5123,#5141,'2118656',.BASESLAB.)
INFO:ImportIFC:Creating object #5170=IfcSlab('2optMPCh583eJUrYS1XScj',#6,'RR pile with Pressure Plate:RD140/10:2118657',$,$,#5151,#5169,'2118657',.BASESLAB.)
INFO:ImportIFC:Creating object #5190=IfcSlab('2optMPCh583eJUrYS1XSWl',#6,'Floor:650 BTG:2119043',$,$,#5179,#5189,'2119043',.FLOOR.)
INFO:ImportIFC:Creating object #4286=IfcWallStandardCase('2G336sV9rCvAEY_NVepG_X',#6,'Basic Wall:Concrete - Cast-in-Place - 200:1687559',$,$,#4274,#4278,'1687559')
INFO:ImportIFC:Creating object #5247=IfcSlab('2optMPCh583eJUrYS1XSWc',#6,'RR pile with Pressure Plate:RD140/10:2119050',$,$,#5228,#5246,'2119050',.BASESLAB.)
INFO:ImportIFC:Creating object #5267=IfcSlab('2optMPCh583eJUrYS1XSX3',#6,'Floor:650 BTG:2119151',$,$,#5256,#5266,'2119151',.FLOOR.)
INFO:ImportIFC:Creating object #5219=IfcSlab('2optMPCh583eJUrYS1XSWb',#6,'RR pile with Pressure Plate:RD140/10:2119049',$,$,#5200,#5218,'2119049',.BASESLAB.)
INFO:ImportIFC:Creating object #5296=IfcSlab('2optMPCh583eJUrYS1XSXP',#6,'RR pile with Pressure Plate:RD140/10:2119157',$,$,#5277,#5295,'2119157',.BASESLAB.)
INFO:ImportIFC:Creating object #5344=IfcSlab('2optMPCh583eJUrYS1XSi5',#6,'Floor:650 BTG:2119337',$,$,#5333,#5343,'2119337',.FLOOR.)
INFO:ImportIFC:Creating object #5324=IfcSlab('2optMPCh583eJUrYS1XSXQ',#6,'RR pile with Pressure Plate:RD140/10:2119158',$,$,#5305,#5323,'2119158',.BASESLAB.)
INFO:ImportIFC:Creating object #5373=IfcSlab('2optMPCh583eJUrYS1XSi3',#6,'RR pile with Pressure Plate:RD140/10:2119343',$,$,#5354,#5372,'2119343',.BASESLAB.)
INFO:ImportIFC:Creating object #5401=IfcSlab('2optMPCh583eJUrYS1XSiS',#6,'RR pile with Pressure Plate:RD140/10:2119344',$,$,#5382,#5400,'2119344',.BASESLAB.)
INFO:ImportIFC:Creating object #5431=IfcSlab('0XSQ7nlrv2SOLJnqA$n6UU',#6,'RR pile with Pressure Plate:RD140/10:2263637',$,$,#5410,#5430,'2263637',.BASESLAB.)
INFO:ImportIFC:Creating object #5526=IfcSlab('3rxOTX6O16R8Y381PrfeAB',#6,'Floor:650 BTG:2611757',$,$,#5515,#5525,'2611757',.FLOOR.)
INFO:ImportIFC:Creating object #5555=IfcSlab('3rxOTX6O16R8Y381PrfeAL',#6,'RR pile with Pressure Plate:RD140/10:2611763',$,$,#5536,#5554,'2611763',.BASESLAB.)
INFO:ImportIFC:Creating object #5583=IfcSlab('3rxOTX6O16R8Y381PrfeAI',#6,'RR pile with Pressure Plate:RD140/10:2611764',$,$,#5564,#5582,'2611764',.BASESLAB.)
INFO:ImportIFC:Creating object #5603=IfcSlab('3rxOTX6O16R8Y381PrfeCh',#6,'Floor:650 BTG:2612109',$,$,#5592,#5602,'2612109',.FLOOR.)
INFO:ImportIFC:Creating object #4747=IfcWallStandardCase('1Bln_veFj7puNDSsr8lEwg',#6,'Basic Wall:Concrete - Cast-in-Place - 200:1693064',$,$,#4728,#4732,'1693064')
INFO:ImportIFC:Creating object #5660=IfcSlab('3rxOTX6O16R8Y381PrfeCo',#6,'RR pile with Pressure Plate:RD140/10:2612116',$,$,#5641,#5659,'2612116',.BASESLAB.)
INFO:ImportIFC:Creating object #5680=IfcSlab('3rxOTX6O16R8Y381PrfeJX',#6,'Floor:650 BTG:2612295',$,$,#5669,#5679,'2612295',.FLOOR.)
INFO:ImportIFC:Creating object #5632=IfcSlab('3rxOTX6O16R8Y381PrfeCr',#6,'RR pile with Pressure Plate:RD140/10:2612115',$,$,#5613,#5631,'2612115',.BASESLAB.)
INFO:ImportIFC:Creating object #5709=IfcSlab('3rxOTX6O16R8Y381PrfeJh',#6,'RR pile with Pressure Plate:RD140/10:2612301',$,$,#5690,#5708,'2612301',.BASESLAB.)
INFO:ImportIFC:Creating object #5737=IfcSlab('3rxOTX6O16R8Y381PrfeJe',#6,'RR pile with Pressure Plate:RD140/10:2612302',$,$,#5718,#5736,'2612302',.BASESLAB.)
INFO:ImportIFC:Creating object #5757=IfcSlab('1IzND9vID1TxKyM4ksLu$1',#6,'Floor:650 BTG:2614588',$,$,#5746,#5756,'2614588',.FLOOR.)
INFO:ImportIFC:Creating object #5814=IfcSlab('1IzND9vID1TxKyM4ksLu__',#6,'RR pile with Pressure Plate:RD140/10:2614595',$,$,#5795,#5813,'2614595',.BASESLAB.)
INFO:ImportIFC:Creating object #5786=IfcSlab('1IzND9vID1TxKyM4ksLu_$',#6,'RR pile with Pressure Plate:RD140/10:2614594',$,$,#5767,#5785,'2614594',.BASESLAB.)
INFO:ImportIFC:Creating object #5862=IfcSlab('3sn7W$0ePC2ev$$yCd5HvZ',#6,'Floor:100 BTG:2619762',$,$,#5851,#5861,'2619762',.FLOOR.)
INFO:ImportIFC:Creating object #5842=IfcSlab('3sn7W$0ePC2ev$$yCd5Hv_',#6,'RR pile with Pressure Plate:RD140/10:2619759',$,$,#5823,#5841,'2619759',.BASESLAB.)
INFO:ImportIFC:Creating object #5891=IfcSlab('3sn7W$0ePC2ev$$yCd5Hw7',#6,'RR pile with Pressure Plate:RD140/10:2619798',$,$,#5872,#5890,'2619798',.BASESLAB.)
INFO:ImportIFC:Creating object #5911=IfcSlab('3sn7W$0ePC2ev$$yCd5Hw8',#6,'Floor:100 BTG:2619801',$,$,#5900,#5910,'2619801',.FLOOR.)
INFO:ImportIFC:Creating object #5960=IfcSlab('3sn7W$0ePC2ev$$yCd5HxH',#6,'Floor:100 BTG:2619840',$,$,#5949,#5959,'2619840',.FLOOR.)
INFO:ImportIFC:Creating object #5940=IfcSlab('3sn7W$0ePC2ev$$yCd5Hwi',#6,'RR pile with Pressure Plate:RD140/10:2619837',$,$,#5921,#5939,'2619837',.BASESLAB.)
INFO:ImportIFC:Creating object #5989=IfcSlab('3sn7W$0ePC2ev$$yCd5Hxr',#6,'RR pile with Pressure Plate:RD140/10:2619876',$,$,#5970,#5988,'2619876',.BASESLAB.)
INFO:ImportIFC:Creating object #6009=IfcSlab('3sn7W$0ePC2ev$$yCd5Hxs',#6,'Floor:100 BTG:2619879',$,$,#5998,#6008,'2619879',.FLOOR.)
INFO:ImportIFC:Creating object #6033=IfcWallStandardCase('2GJ687PRH0mw5XoMlivwnw',#6,'Basic Wall:Concrete - Cast-in-Place - 300:2649525',$,$,#6021,#6025,'2649525')
INFO:ImportIFC:Creating object #6058=IfcSlab('01Icbl$RfFpOj$md1Yy6iq',#6,'Floor:280 BTG:2652429',$,$,#6047,#6057,'2652429',.FLOOR.)
INFO:ImportIFC:Creating object #6104=IfcWallStandardCase('01Icbl$RfFpOj$md1Yy6oU',#6,'Basic Wall:Concrete - Cast-in-Place - 300:2653863',$,$,#6092,#6096,'2653863')
INFO:ImportIFC:Creating object #6149=IfcWallStandardCase('01Icbl$RfFpOj$md1Yy6qj',#6,'Basic Wall:Concrete - Cast-in-Place - 300:2653972',$,$,#6137,#6141,'2653972')
INFO:ImportIFC:Creating object #6125=IfcSlab('01Icbl$RfFpOj$md1Yy6oJ',#6,'Floor:280 BTG:2653866',$,$,#6114,#6124,'2653866',.FLOOR.)
INFO:ImportIFC:Creating object #6170=IfcSlab('01Icbl$RfFpOj$md1Yy6qk',#6,'Floor:280 BTG:2653975',$,$,#6159,#6169,'2653975',.FLOOR.)
INFO:ImportIFC:Creating object #6194=IfcWallStandardCase('01Icbl$RfFpOj$md1Yy6qM',#6,'Basic Wall:Concrete - Cast-in-Place - 300:2653999',$,$,#6182,#6186,'2653999')
INFO:ImportIFC:Creating object #6215=IfcSlab('01Icbl$RfFpOj$md1Yy6qB',#6,'Floor:280 BTG:2654002',$,$,#6204,#6214,'2654002',.FLOOR.)
INFO:ImportIFC:Creating object #6284=IfcWallStandardCase('3K8C6GlZfE3QlT3xAYvUWt',#6,'Basic Wall:Concrete - Cast-in-Place - 235:2795778',$,$,#6272,#6276,'2795778')
INFO:ImportIFC:Creating object #6312=IfcWallStandardCase('3K8C6GlZfE3QlT3xAYvUeU',#6,'Basic Wall:Concrete - Cast-in-Place - 255:2796331',$,$,#6300,#6304,'2796331')
INFO:ImportIFC:Creating object #6340=IfcWallStandardCase('3K8C6GlZfE3QlT3xAYvUtO',#6,'Basic Wall:Concrete - Cast-in-Place - 255:2796781',$,$,#6328,#6332,'2796781')
INFO:ImportIFC:Creating object #6364=IfcWallStandardCase('3K8C6GlZfE3QlT3xAYvUpo',#6,'Basic Wall:Concrete - Cast-in-Place - 255:2796999',$,$,#6352,#6356,'2796999')
INFO:ImportIFC:Creating object #6388=IfcWallStandardCase('3K8C6GlZfE3QlT3xAYvVCK',#6,'Basic Wall:Concrete - Cast-in-Place - 235:2798113',$,$,#6376,#6380,'2798113')
INFO:ImportIFC:Creating object #6412=IfcWallStandardCase('3TGLzgck1BcAIvkHAqUuVz',#6,'Basic Wall:Concrete - Cast-in-Place - 360:2798497',$,$,#6400,#6404,'2798497')
INFO:ImportIFC:Creating object #6440=IfcWallStandardCase('3TGLzgck1BcAIvkHAqUu6H',#6,'Basic Wall:Concrete - Cast-in-Place - 360:2799053',$,$,#6428,#6432,'2799053')
INFO:ImportIFC:Creating object #6464=IfcWallStandardCase('3TGLzgck1BcAIvkHAqUu66',#6,'Basic Wall:Concrete - Cast-in-Place - 360:2799066',$,$,#6452,#6456,'2799066')
INFO:ImportIFC:Creating object #6488=IfcWallStandardCase('3TGLzgck1BcAIvkHAqUu6$',#6,'Basic Wall:Concrete - Cast-in-Place - 360:2799075',$,$,#6476,#6480,'2799075')
INFO:ImportIFC:Creating object #6512=IfcWallStandardCase('3TGLzgck1BcAIvkHAqUu6m',#6,'Basic Wall:Concrete - Cast-in-Place - 360:2799084',$,$,#6500,#6504,'2799084')
INFO:ImportIFC:Creating object #6536=IfcWallStandardCase('3TGLzgck1BcAIvkHAqUuAH',#6,'Basic Wall:Concrete - Cast-in-Place - 235:2799309',$,$,#6524,#6528,'2799309')
INFO:ImportIFC:Creating object #6560=IfcWallStandardCase('3TGLzgck1BcAIvkHAqUunQ',#6,'Basic Wall:Concrete - Cast-in-Place - 235:2799622',$,$,#6548,#6552,'2799622')
INFO:ImportIFC:Creating object #6584=IfcWallStandardCase('3TGLzgck1BcAIvkHAqUuvR',#6,'Basic Wall:Concrete - Cast-in-Place - 235:2800135',$,$,#6572,#6576,'2800135')
INFO:ImportIFC:Creating object #6608=IfcWallStandardCase('3TGLzgck1BcAIvkHAqUu$9',#6,'Basic Wall:Concrete - Cast-in-Place - 235:2800533',$,$,#6596,#6600,'2800533')
INFO:ImportIFC:Creating object #6653=IfcWall('3TGLzgck1BcAIvkHAqUugz',#6,'Basic Wall:Concrete - Cast-in-Place - 235:2801377',$,$,#6620,#6624,'2801377')
INFO:ImportIFC:Creating object #6676=IfcWallStandardCase('3TGLzgck1BcAIvkHAqU$LB',#6,'Basic Wall:Concrete - Cast-in-Place - 235:2801943',$,$,#6664,#6668,'2801943')
INFO:ImportIFC:Creating object #6700=IfcWallStandardCase('3TGLzgck1BcAIvkHAqU$nG',#6,'Basic Wall:Concrete - Cast-in-Place - 360:2803724',$,$,#6688,#6692,'2803724')
INFO:ImportIFC:Creating object #6724=IfcWallStandardCase('3TGLzgck1BcAIvkHAqU$os',#6,'Basic Wall:Concrete - Cast-in-Place - 315:2803946',$,$,#6712,#6716,'2803946')
INFO:ImportIFC:Creating object #6752=IfcWallStandardCase('3TGLzgck1BcAIvkHAqU$ux',#6,'Basic Wall:Concrete - Cast-in-Place - 315:2804327',$,$,#6740,#6744,'2804327')
INFO:ImportIFC:Creating object #6776=IfcWallStandardCase('3TGLzgck1BcAIvkHAqU$uk',#6,'Basic Wall:Concrete - Cast-in-Place - 315:2804338',$,$,#6764,#6768,'2804338')
INFO:ImportIFC:Creating object #6800=IfcWallStandardCase('3TGLzgck1BcAIvkHAqU$uX',#6,'Basic Wall:Concrete - Cast-in-Place - 315:2804349',$,$,#6788,#6792,'2804349')
INFO:ImportIFC:Creating object #6824=IfcWallStandardCase('3TGLzgck1BcAIvkHAqU_Ns',#6,'Basic Wall:Concrete - Cast-in-Place - 235:2806186',$,$,#6812,#6816,'2806186')
INFO:ImportIFC:Creating object #6848=IfcWallStandardCase('3TGLzgck1BcAIvkHAqU_R9',#6,'Basic Wall:Concrete - Cast-in-Place - 235:2806421',$,$,#6836,#6840,'2806421')
INFO:ImportIFC:Creating object #6872=IfcWallStandardCase('3TGLzgck1BcAIvkHAqU_Vg',#6,'Basic Wall:Concrete - Cast-in-Place - 235:2806710',$,$,#6860,#6864,'2806710')
INFO:ImportIFC:Creating object #6896=IfcWallStandardCase('3TGLzgck1BcAIvkHAqU_2V',#6,'Basic Wall:Concrete - Cast-in-Place - 235:2806979',$,$,#6884,#6888,'2806979')
INFO:ImportIFC:Creating object #6920=IfcWallStandardCase('3TGLzgck1BcAIvkHAqU_4N',#6,'Basic Wall:Concrete - Cast-in-Place - 235:2807115',$,$,#6908,#6912,'2807115')
INFO:ImportIFC:Creating object #6944=IfcWallStandardCase('3TGLzgck1BcAIvkHAqU_D4',#6,'Basic Wall:Concrete - Cast-in-Place - 255:2807576',$,$,#6932,#6936,'2807576')
INFO:ImportIFC:Creating object #6968=IfcWallStandardCase('3TGLzgck1BcAIvkHAqU_Eh',#6,'Basic Wall:Concrete - Cast-in-Place - 255:2807799',$,$,#6956,#6960,'2807799')
INFO:ImportIFC:Creating object #6992=IfcWallStandardCase('3TGLzgck1BcAIvkHAqU_r$',#6,'Basic Wall:Concrete - Cast-in-Place - 235:2808099',$,$,#6980,#6984,'2808099')
INFO:ImportIFC:Creating object #7016=IfcWallStandardCase('3TGLzgck1BcAIvkHAqU_vf',#6,'Basic Wall:Concrete - Cast-in-Place - 235:2808373',$,$,#7004,#7008,'2808373')
INFO:ImportIFC:Creating object #7040=IfcWallStandardCase('3TGLzgck1BcAIvkHAqU_$H',#6,'Basic Wall:Concrete - Cast-in-Place - 235:2808717',$,$,#7028,#7032,'2808717')
INFO:ImportIFC:Creating object #7064=IfcWallStandardCase('3TGLzgck1BcAIvkHAqU_XF',#6,'Basic Wall:Concrete - Cast-in-Place - 235:2808851',$,$,#7052,#7056,'2808851')
INFO:ImportIFC:Creating object #7088=IfcWallStandardCase('3TGLzgck1BcAIvkHAqU_cR',#6,'Basic Wall:Concrete - Cast-in-Place - 235:2809287',$,$,#7076,#7080,'2809287')
INFO:ImportIFC:Creating object #7112=IfcWallStandardCase('3TGLzgck1BcAIvkHAqU_j6',#6,'Basic Wall:Concrete - Cast-in-Place - 235:2809626',$,$,#7100,#7104,'2809626')
INFO:ImportIFC:Creating object #6255=IfcSlab('01Icbl$RfFpOj$md1Yy6sg',#6,'Floor:150 BTG:2654099',$,$,#6225,#6254,'2654099',.FLOOR.)
INFO:ImportIFC:Creating object #7136=IfcWallStandardCase('3TGLzgck1BcAIvkHAqU_kh',#6,'Basic Wall:Concrete - Cast-in-Place - 235:2809847',$,$,#7124,#7128,'2809847')
INFO:ImportIFC:Creating object #7160=IfcWallStandardCase('3TGLzgck1BcAIvkHAqUzRQ',#6,'Basic Wall:Concrete - Cast-in-Place - 255:2810502',$,$,#7148,#7152,'2810502')
INFO:ImportIFC:Creating object #7191=IfcSlab('3RESZ2oR91geH7xhiMANos',#6,'RR pile with Pressure Plate:RD140/10:2883316',$,$,#7170,#7190,'2883316',.BASESLAB.)
INFO:ImportIFC:Creating object #7222=IfcSlab('3RESZ2oR91geH7xhiMBeE4',#6,'RR pile with Pressure Plate:RD140/10:2884038',$,$,#7201,#7221,'2884038',.BASESLAB.)
INFO:ImportIFC:Creating object #7253=IfcSlab('3RESZ2oR91geH7xhiMBeTd',#6,'RR pile with Pressure Plate:RD140/10:2884901',$,$,#7232,#7252,'2884901',.BASESLAB.)
INFO:ImportIFC:Creating object #7284=IfcSlab('3RESZ2oR91geH7xhiMBeZP',#6,'RR pile with Pressure Plate:RD140/10:2886299',$,$,#7263,#7283,'2886299',.BASESLAB.)
INFO:ImportIFC:Creating object #7315=IfcSlab('3RESZ2oR91geH7xhiMBfDx',#6,'RR pile with Pressure Plate:RD140/10:2887993',$,$,#7294,#7314,'2887993',.BASESLAB.)
INFO:ImportIFC:Creating object #7346=IfcSlab('3n8VBWUkj2U9HO5tehhmXn',#6,'RR pile with Pressure Plate:RD140/10:2888703',$,$,#7325,#7345,'2888703',.BASESLAB.)
INFO:ImportIFC:Creating object #7406=IfcSlab('3n8VBWUkj2U9HO5tehhmtB',#6,'RR pile with Pressure Plate:RD140/10:2889285',$,$,#7387,#7405,'2889285',.BASESLAB.)
INFO:ImportIFC:Creating object #7377=IfcSlab('3n8VBWUkj2U9HO5tehhmuk',#6,'RR pile with Pressure Plate:RD140/10:2889120',$,$,#7356,#7376,'2889120',.BASESLAB.)
INFO:ImportIFC:Creating object #7434=IfcSlab('3n8VBWUkj2U9HO5tehhmAZ',#6,'RR pile with Pressure Plate:RD140/10:2890029',$,$,#7415,#7433,'2890029',.BASESLAB.)
INFO:ImportIFC:Creating object #7490=IfcSlab('3n8VBWUkj2U9HO5tehhm8n',#6,'RR pile with Pressure Plate:RD140/10:2890175',$,$,#7471,#7489,'2890175',.BASESLAB.)
INFO:ImportIFC:Creating object #7462=IfcSlab('3n8VBWUkj2U9HO5tehhmBr',#6,'RR pile with Pressure Plate:RD140/10:2890107',$,$,#7443,#7461,'2890107',.BASESLAB.)
INFO:ImportIFC:Creating object #7520=IfcSlab('3n8VBWUkj2U9HO5tehhm4i',#6,'RR pile with Pressure Plate:RD140/10:2890402',$,$,#7499,#7519,'2890402',.BASESLAB.)
INFO:ImportIFC:Creating object #7582=IfcSlab('1hC1DwmIv5hePyymrFEjCQ',#6,'RR pile with Pressure Plate:RD140/10:2890961',$,$,#7561,#7581,'2890961',.BASESLAB.)
INFO:ImportIFC:Creating object #7613=IfcSlab('1hC1DwmIv5hePyymrFEj3L',#6,'RR pile with Pressure Plate:RD140/10:2891550',$,$,#7592,#7612,'2891550',.BASESLAB.)
INFO:ImportIFC:Creating object #7551=IfcSlab('1hC1DwmIv5hePyymrFEjEC',#6,'RR pile with Pressure Plate:RD140/10:2890823',$,$,#7530,#7550,'2890823',.BASESLAB.)
INFO:ImportIFC:Creating object #7642=IfcSlab('1hC1DwmIv5hePyymrFEk_w',#6,'RR pile with Pressure Plate:RD140/10:2891889',$,$,#7623,#7641,'2891889',.BASESLAB.)
INFO:ImportIFC:Creating object #7670=IfcSlab('1hC1DwmIv5hePyymrFEkxR',#6,'RR pile with Pressure Plate:RD140/10:2892048',$,$,#7651,#7669,'2892048',.BASESLAB.)
INFO:ImportIFC:Creating object #7698=IfcSlab('3du7D3jRjCOenpOtofUmZT',#6,'RR pile with Pressure Plate:RD140/10:2893098',$,$,#7679,#7697,'2893098',.BASESLAB.)
INFO:ImportIFC:Creating object #7758=IfcSlab('3du7D3jRjCOenpOtofUmhK',#6,'RR pile with Pressure Plate:RD140/10:2893603',$,$,#7737,#7757,'2893603',.BASESLAB.)
INFO:ImportIFC:Creating object #7728=IfcSlab('3du7D3jRjCOenpOtofUmle',#6,'RR pile with Pressure Plate:RD140/10:2893343',$,$,#7707,#7727,'2893343',.BASESLAB.)
INFO:ImportIFC:Creating object #7788=IfcSlab('3du7D3jRjCOenpOtofUmf4',#6,'RR pile with Pressure Plate:RD140/10:2893747',$,$,#7767,#7787,'2893747',.BASESLAB.)
INFO:ImportIFC:Creating object #7819=IfcSlab('3du7D3jRjCOenpOtofUmeJ',#6,'RR pile with Pressure Plate:RD140/10:2893796',$,$,#7798,#7818,'2893796',.BASESLAB.)
INFO:ImportIFC:Creating object #7880=IfcSlab('3du7D3jRjCOenpOtofUm0b',#6,'RR pile with Pressure Plate:RD140/10:2895314',$,$,#7859,#7879,'2895314',.BASESLAB.)
INFO:ImportIFC:Creating object #7850=IfcSlab('3du7D3jRjCOenpOtofUm1G',#6,'RR pile with Pressure Plate:RD140/10:2895271',$,$,#7829,#7849,'2895271',.BASESLAB.)
INFO:ImportIFC:Creating object #7941=IfcSlab('1GpqQWs8X3MvNQ69_aP4qC',#6,'RR pile with Pressure Plate:RD140/10:2897528',$,$,#7920,#7940,'2897528',.BASESLAB.)
INFO:ImportIFC:Creating object #7910=IfcSlab('3du7D3jRjCOenpOtofUm99',#6,'RR pile with Pressure Plate:RD140/10:2895806',$,$,#7889,#7909,'2895806',.BASESLAB.)
INFO:ImportIFC:Creating object #7972=IfcSlab('1GpqQWs8X3MvNQ69_aP4pK',#6,'RR pile with Pressure Plate:RD140/10:2897824',$,$,#7951,#7971,'2897824',.BASESLAB.)
INFO:ImportIFC:Creating object #8003=IfcSlab('1GpqQWs8X3MvNQ69_aP4oO',#6,'RR pile with Pressure Plate:RD140/10:2897900',$,$,#7982,#8002,'2897900',.BASESLAB.)
INFO:ImportIFC:Creating object #8034=IfcSlab('1GpqQWs8X3MvNQ69_aP4Fk',#6,'RR pile with Pressure Plate:RD140/10:2898074',$,$,#8013,#8033,'2898074',.BASESLAB.)
INFO:ImportIFC:Creating object #8065=IfcSlab('1GpqQWs8X3MvNQ69_aP4Bf',#6,'RR pile with Pressure Plate:RD140/10:2898333',$,$,#8044,#8064,'2898333',.BASESLAB.)
INFO:ImportIFC:Creating object #8096=IfcSlab('1GpqQWs8X3MvNQ69_aP45_',#6,'RR pile with Pressure Plate:RD140/10:2898442',$,$,#8075,#8095,'2898442',.BASESLAB.)
INFO:ImportIFC:Creating object #8127=IfcSlab('1GpqQWs8X3MvNQ69_aP438',#6,'RR pile with Pressure Plate:RD140/10:2898876',$,$,#8106,#8126,'2898876',.BASESLAB.)
INFO:ImportIFC:Creating object #8187=IfcSlab('1GpqQWs8X3MvNQ69_aP4Pi',#6,'RR pile with Pressure Plate:RD140/10:2899224',$,$,#8168,#8186,'2899224',.BASESLAB.)
INFO:ImportIFC:Creating object #8217=IfcSlab('1GpqQWs8X3MvNQ69_aP3g4',#6,'RR pile with Pressure Plate:RD140/10:2900464',$,$,#8196,#8216,'2900464',.BASESLAB.)
INFO:ImportIFC:Creating object #8248=IfcSlab('1GpqQWs8X3MvNQ69_aP3$s',#6,'RR pile with Pressure Plate:RD140/10:2901122',$,$,#8227,#8247,'2901122',.BASESLAB.)
INFO:ImportIFC:Creating object #8279=IfcSlab('1GpqQWs8X3MvNQ69_aP3qZ',#6,'RR pile with Pressure Plate:RD140/10:2901591',$,$,#8258,#8278,'2901591',.BASESLAB.)
INFO:ImportIFC:Creating object #8310=IfcSlab('1GpqQWs8X3MvNQ69_aP3sL',#6,'RR pile with Pressure Plate:RD140/10:2901729',$,$,#8289,#8309,'2901729',.BASESLAB.)
INFO:ImportIFC:Creating object #8341=IfcSlab('1GpqQWs8X3MvNQ69_aP3O3',#6,'RR pile with Pressure Plate:RD140/10:2903415',$,$,#8320,#8340,'2903415',.BASESLAB.)
INFO:ImportIFC:Creating object #8370=IfcSlab('1GpqQWs8X3MvNQ69_aP3QL',#6,'RR pile with Pressure Plate:RD140/10:2903521',$,$,#8351,#8369,'2903521',.BASESLAB.)
INFO:ImportIFC:Creating object #8400=IfcSlab('1GpqQWs8X3MvNQ69_aP3M4',#6,'RR pile with Pressure Plate:RD140/10:2903792',$,$,#8379,#8399,'2903792',.BASESLAB.)
INFO:ImportIFC:Creating object #8431=IfcSlab('1GpqQWs8X3MvNQ69_aP3Gk',#6,'RR pile with Pressure Plate:RD140/10:2903898',$,$,#8410,#8430,'2903898',.BASESLAB.)
INFO:ImportIFC:Creating object #8460=IfcSlab('1GpqQWs8X3MvNQ69_aP2cg',#6,'RR pile with Pressure Plate:RD140/10:2904798',$,$,#8441,#8459,'2904798',.BASESLAB.)
INFO:ImportIFC:Creating object #8158=IfcSlab('1GpqQWs8X3MvNQ69_aP4SL',#6,'RR pile with Pressure Plate:RD140/10:2899041',$,$,#8137,#8157,'2899041',.BASESLAB.)
INFO:ImportIFC:Creating object #8490=IfcSlab('1GpqQWs8X3MvNQ69_aP2yb',#6,'RR pile with Pressure Plate:RD140/10:2905169',$,$,#8469,#8489,'2905169',.BASESLAB.)
INFO:ImportIFC:Creating object #8519=IfcSlab('1GpqQWs8X3MvNQ69_aP2tD',#6,'RR pile with Pressure Plate:RD140/10:2905785',$,$,#8500,#8518,'2905785',.BASESLAB.)
INFO:ImportIFC:Creating object #8549=IfcSlab('1GpqQWs8X3MvNQ69_aP2Bo',#6,'RR pile with Pressure Plate:RD140/10:2906502',$,$,#8528,#8548,'2906502',.BASESLAB.)
INFO:ImportIFC:Creating object #8577=IfcSlab('1GpqQWs8X3MvNQ69_aP21L',#6,'RR pile with Pressure Plate:RD140/10:2906913',$,$,#8558,#8576,'2906913',.BASESLAB.)
INFO:ImportIFC:Creating object #8636=IfcSlab('1GpqQWs8X3MvNQ69_aP2RI',#6,'RR pile with Pressure Plate:RD140/10:2907558',$,$,#8617,#8635,'2907558',.BASESLAB.)
INFO:ImportIFC:Creating object #8607=IfcSlab('1GpqQWs8X3MvNQ69_aP2TL',#6,'RR pile with Pressure Plate:RD140/10:2907169',$,$,#8586,#8606,'2907169',.BASESLAB.)
INFO:ImportIFC:Creating object #8692=IfcSlab('1GpqQWs8X3MvNQ69_aP1id',#6,'RR pile with Pressure Plate:RD140/10:2908243',$,$,#8673,#8691,'2908243',.BASESLAB.)
INFO:ImportIFC:Creating object #8712=IfcSlab('2d2Z9OQurDJwlOUIhLw21O',#6,'Floor:100 BTG:2966356',$,$,#8701,#8711,'2966356',.FLOOR.)
INFO:ImportIFC:Creating object #8664=IfcSlab('1GpqQWs8X3MvNQ69_aP2Mo',#6,'RR pile with Pressure Plate:RD140/10:2907846',$,$,#8645,#8663,'2907846',.BASESLAB.)
INFO:ImportIFC:Creating object #8741=IfcSlab('2d2Z9OQurDJwlOUIhLw2T4',#6,'RR pile with Pressure Plate:RD140/10:2966600',$,$,#8722,#8740,'2966600',.BASESLAB.)
INFO:ImportIFC:Creating object #5475=IfcSlab('3u7HSm7d91peYOx7Iha1qV',#6,'Floor:100 BTG:2597512',$,$,#5441,#5474,'2597512',.FLOOR.)
INFO:ImportIFC:Creating object #9825=IfcBuildingElementProxy('0$RtYNfo15W9nqagerlexp',#6,'Welda:WELDA 300x300-165:3043446',$,$,#9824,#9820,'3043446',$)
INFO:ImportIFC:Creating object #9840=IfcBuildingElementProxy('0$RtYNfo15W9nqagerley8',#6,'Welda:WELDA 300x300-165:3043725',$,$,#9839,#9835,'3043725',$)
INFO:ImportIFC:Creating object #9852=IfcBuildingElementProxy('0$RtYNfo15W9nqagerleot',#6,'Welda:WELDA 300x300-165:3043890',$,$,#9851,#9847,'3043890',$)
INFO:ImportIFC:Creating object #9864=IfcBuildingElementProxy('0$RtYNfo15W9nqagerleou',#6,'Welda:WELDA 300x300-165:3043901',$,$,#9863,#9859,'3043901',$)
INFO:ImportIFC:Creating object #9876=IfcBuildingElementProxy('0$RtYNfo15W9nqagerlepD',#6,'Welda:WELDA 300x300-165:3043912',$,$,#9875,#9871,'3043912',$)
INFO:ImportIFC:Creating object #9888=IfcBuildingElementProxy('0$RtYNfo15W9nqagerlepM',#6,'Welda:WELDA 300x300-165:3043923',$,$,#9887,#9883,'3043923',$)
INFO:ImportIFC:Creating object #9900=IfcBuildingElementProxy('0$RtYNfo15W9nqagerlesK',#6,'Welda:WELDA 300x300-165:3044113',$,$,#9899,#9895,'3044113',$)
INFO:ImportIFC:Creating object #9912=IfcBuildingElementProxy('0$RtYNfo15W9nqagerlehE',#6,'Welda:WELDA 300x300-165:3044427',$,$,#9911,#9907,'3044427',$)
INFO:ImportIFC:Creating object #9924=IfcBuildingElementProxy('0$RtYNfo15W9nqagerlehH',#6,'Welda:WELDA 300x300-165:3044436',$,$,#9923,#9919,'3044436',$)
INFO:ImportIFC:Creating object #9936=IfcBuildingElementProxy('0$RtYNfo15W9nqagerlehO',#6,'Welda:WELDA 300x300-165:3044445',$,$,#9935,#9931,'3044445',$)
INFO:ImportIFC:Creating object #10074=IfcWallStandardCase('3cE4fXcRb6D9sJuwD7_362',#6,'Basic Wall:Concrete - Cast-in-Place - 150:3168399',$,$,#10062,#10066,'3168399')
INFO:ImportIFC:Creating object #10101=IfcWallStandardCase('3cE4fXcRb6D9sJuwD7_30S',#6,'Basic Wall:Concrete - Cast-in-Place - 150:3168529',$,$,#10089,#10093,'3168529')
INFO:ImportIFC:Creating object #10125=IfcWallStandardCase('3cE4fXcRb6D9sJuwD7_30V',#6,'Basic Wall:Concrete - Cast-in-Place - 150:3168530',$,$,#10113,#10117,'3168530')
INFO:ImportIFC:Creating object #10146=IfcSlab('26LkqnWpbCvRoBsHuGgEtp',#6,'Floor:200 BTG:3169975',$,$,#10135,#10145,'3169975',.FLOOR.)
INFO:ImportIFC:Creating object #10167=IfcSlab('26LkqnWpbCvRoBsHuGgD8z',#6,'Floor:200 BTG:3170681',$,$,#10156,#10166,'3170681',.FLOOR.)
INFO:ImportIFC:Creating object #10191=IfcWallStandardCase('3DdC$kV0P3qgwlsTMA3gUx',#6,'Basic Wall:Concrete - Cast-in-Place - 200:3173557',$,$,#10179,#10183,'3173557')
INFO:ImportIFC:Creating object #10215=IfcWallStandardCase('2sDBeaUyXDLeJH4a7Be5x6',#6,'Basic Wall:Concrete - Cast-in-Place - 200:3173935',$,$,#10203,#10207,'3173935')
INFO:ImportIFC:Creating object #10239=IfcWallStandardCase('2mVBUjHAz7ChtC5HZbHqCv',#6,'Basic Wall:Concrete - Cast-in-Place - 150:3191350',$,$,#10227,#10231,'3191350')
INFO:ImportIFC:Creating object #10263=IfcSlab('2QFUWnyNbFNQSPyBozqONK',#6,'Floor:200 BTG:3261054',$,$,#10249,#10262,'3261054',.FLOOR.)
INFO:ImportIFC:Creating object #9733=IfcBuildingElementProxy('3kbFmF4MH4KfNDRl5Rs5Xi',#6,'PSB group:8xPSB-10/160-3/331:2976189',$,$,#9732,#9728,'2976189',$)
INFO:ImportIFC:Creating object #418=IfcSlab('22Qf$m7qHD0hM1fd6LNieU',#6,'Floor:Concrete - Cast-in-Place - 200:1607726',$,$,#311,#417,'1607726',.FLOOR.)
INFO:ImportIFC:Creating object #10015=IfcBuildingElementProxy('0liQvotF559AKLbN3k$oIs',#6,'Welda:WELDA 300x300-165 invändig:3138993',$,$,#10014,#10010,'3138993',$)
INFO:ImportIFC:Creating object #10030=IfcBuildingElementProxy('0liQvotF559AKLbN3k$oOv',#6,'Welda:WELDA 300x300-165 invändig:3139390',$,$,#10029,#10025,'3139390',$)
INFO:ImportIFC:Creating object #10042=IfcBuildingElementProxy('0liQvotF559AKLbN3k$oPe',#6,'Welda:WELDA 300x300-165 invändig:3139439',$,$,#10041,#10037,'3139439',$)
INFO:ImportIFC:Creating object #10054=IfcBuildingElementProxy('0liQvotF559AKLbN3k$oQe',#6,'Welda:WELDA 300x300-165 invändig:3139503',$,$,#10053,#10049,'3139503',$)
INFO:ImportIFC:Creating object #10287=IfcWallStandardCase('2QFUWnyNbFNQSPyBozqO99',#6,'Basic Wall:Concrete - Cast-in-Place - 120:3261923',$,$,#10275,#10279,'3261923')
INFO:ImportIFC:Creating object #6088=IfcAnnotation('01Icbl$RfFpOj$md1Yy6un',#6,'Model Lines:2653192',$,$,#6072,#6086)
INFO:ImportIFC:Creating object #54=IfcBuildingStorey('3adfCpgMzF4eaVp1jlOR4V',#6,'PLAN 16',$,$,#53,$,'PLAN 16',.ELEMENT.,42519.99999999994)
INFO:ImportIFC:Creating object #34=IfcBuildingStorey('0Nv1MkV6PCfgKgMyZEhNXd',#6,'PLAN 11',$,$,#33,$,'PLAN 11',.ELEMENT.,27520.00000000026)
INFO:ImportIFC:Creating object #38=IfcBuildingStorey('3MF1NPWfHAjA1o$xSBfZDg',#6,'PLAN 12',$,$,#37,$,'PLAN 12',.ELEMENT.,30319.99999999871)
INFO:ImportIFC:Creating object #42=IfcBuildingStorey('1ONfzxsYjB7uTz72mS9pCn',#6,'PLAN 13',$,$,#41,$,'PLAN 13',.ELEMENT.,33120.00000000026)
INFO:ImportIFC:Creating object #46=IfcBuildingStorey('1ONfzxsYjB7uTz72mS9pCu',#6,'PLAN 14',$,$,#45,$,'PLAN 14',.ELEMENT.,35920.00000000026)
INFO:ImportIFC:Creating object #50=IfcBuildingStorey('1ONfzxsYjB7uTz72mS9pIO',#6,'PLAN 15',$,$,#49,$,'PLAN 15',.ELEMENT.,38720.00000000026)
INFO:ImportIFC:Creating object #22=IfcBuilding('2rE1cFQurCf8n7WoYumwsu',#6,'',$,$,#21,$,'',.ELEMENT.,$,$,#19)
INFO:ImportIFC:Creating object #57=IfcSite('2rE1cFQurCf8n7WoYumwsx',#6,'Default',$,$,#56,$,$,.ELEMENT.,(42,24,53,508911),(-71,-15,-29,-58837),0.,$,$)
INFO:ImportIFC:Creating object #26=IfcBuildingStorey('1ONfzxsYjB7uTz72mS9pHB',#6,'Plan 09',$,$,#25,$,'Plan 09',.ELEMENT.,19020.)
INFO:ImportIFC:Creating object #30=IfcBuildingStorey('3MF1NPWfHAjA1o$xSBfZCz',#6,'PLAN 10',$,$,#29,$,'PLAN 10',.ELEMENT.,22319.999999999996)
INFO:ImportIFC:Creating object #6288=IfcWallType('3K8C6GlZfE3QlT3xAYvUc4',#6,'Basic Wall:Concrete - Cast-in-Place - 235',$,$,$,$,'2795697',$,.STANDARD.)
INFO:ImportIFC:Creating object #10007=IfcBuildingElementProxyType('0liQvotF559AKLbN3k$oam',#6,'Welda:WELDA 300x300-165 invändig',$,$,(#10022),(#10006),'3139639',$,.NOTDEFINED.)
INFO:ImportIFC:Creating object #6416=IfcWallType('1vm5Iemq56sRvVLWhCLg5j',#6,'Basic Wall:Concrete - Cast-in-Place - 360',$,$,$,$,'3019991',$,.STANDARD.)
INFO:ImportIFC:Creating object #6059=IfcSlabType('0oJkaNwLzEHucGR9RgBy3c',#6,'Floor:280 BTG',$,$,$,$,'2682848',$,.FLOOR.)
INFO:ImportIFC:Creating object #2319=IfcWallType('1qcvbNWYT0He9_0uBi_HHe',#6,'Basic Wall:Concrete - Cast-in-Place - 412',$,$,$,$,'3085448',$,.STANDARD.)
INFO:ImportIFC:Creating object #597=IfcSlabType('2W9iUIrLP7xQWljilRVfK5',#6,'RR pile with Pressure Plate:RD140/10',$,$,$,$,'1676196',$,.BASESLAB.)
INFO:ImportIFC:Creating object #6316=IfcWallType('3K8C6GlZfE3QlT3xAYvUlI',#6,'Basic Wall:Concrete - Cast-in-Place - 255',$,$,$,$,'2796263',$,.STANDARD.)
INFO:ImportIFC:Creating object #10291=IfcWallType('0RhD8vHcH4z9qVQKrIIS27',#6,'Basic Wall:Concrete - Cast-in-Place - 120',$,$,$,$,'1203952',$,.STANDARD.)
INFO:ImportIFC:Creating object #2349=IfcSlabType('0elcjjBqT2WuSfhpvTmG$T',#6,'Floor:500 BTG',$,$,$,$,'1660718',$,.FLOOR.)
INFO:ImportIFC:Creating object #4476=IfcSlabType('2optMPCh583eJUrYS1XSuE',#6,'Floor:265 BTG',$,$,$,$,'2118562',$,.FLOOR.)
INFO:ImportIFC:Creating object #4628=IfcSlabType('1lV$H8koL1ThgNcsLUcvpq',#6,'Floor:200 BTG',$,$,$,$,'1042477',$,.FLOOR.)
INFO:ImportIFC:Creating object #9811=IfcBuildingElementProxyType('0$RtYNfo15W9nqagerlex6',#6,'Welda:WELDA 300x300-165',$,$,(#9832),(#9810),'3043395',$,.NOTDEFINED.)
INFO:ImportIFC:Creating object #511=IfcSlabType('3Ur97l8tb2hvscQW6NfvwP',#6,'Floor:Concrete - Cast-in-Place - 200',$,$,$,$,'56006',$,.FLOOR.)
INFO:ImportIFC:Creating object #5498=IfcSlabType('2CuZC4bor7uvnT2e1UeJ4k',#6,'Floor:100 BTG',$,$,$,$,'1622578',$,.FLOOR.)
INFO:ImportIFC:Creating object #6728=IfcWallType('1vm5Iemq56sRvVLWhCLgFv',#6,'Basic Wall:Concrete - Cast-in-Place - 315',$,$,$,$,'3020355',$,.STANDARD.)
INFO:ImportIFC:Creating object #10078=IfcWallType('0zAQyGfQj7mgGjK8aC8x4E',#6,'Basic Wall:Concrete - Cast-in-Place - 150',$,$,$,$,'60865',$,.STANDARD.)
INFO:ImportIFC:Creating object #2499=IfcSlabType('0F9t5p45X9Vf$Klq95QZJ0',#6,'Floor:550 BTG',$,$,$,$,'1626888',$,.FLOOR.)
INFO:ImportIFC:Creating object #2381=IfcWallType('0zAQyGfQj7mgGjK8aC8x4C',#6,'Basic Wall:Concrete - Cast-in-Place - 200',$,$,$,$,'60867',$,.STANDARD.)
INFO:ImportIFC:Creating object #287=IfcSlabType('22Qf$m7qHD0hM1fd6LNjQK',#6,'Floor:600 BTG',$,$,$,$,'1610916',$,.FLOOR.)
INFO:ImportIFC:Creating object #6256=IfcSlabType('01Icbl$RfFpOj$md1Yy6sU',#6,'Floor:150 BTG',$,$,$,$,'2654119',$,.FLOOR.)
INFO:ImportIFC:Creating object #9717=IfcBuildingElementProxyType('3kbFmF4MH4KfNDRl5Rs4xG',#6,'PSB group:8xPSB-10/160-3/331',$,$,(#9740),(#9716),'2980933',$,.NOTDEFINED.)
INFO:ImportIFC:Creating object #3874=IfcSlabType('1JGRULYwvA9ez$E2wjdWMq',#6,'Floor:Concrete - Cast-in-Place - 150',$,$,$,$,'493406',$,.FLOOR.)
INFO:ImportIFC:Creating object #2402=IfcSlabType('1cHwC47F18mB_F9n9W$INT',#6,'Floor:250 BTG',$,$,$,$,'1790302',$,.FLOOR.)
INFO:ImportIFC:Creating object #560=IfcSlabType('1GpqQWs8X3MvNQ69_aP1Wv',#6,'Floor:650 BTG',$,$,$,$,'2909005',$,.FLOOR.)
INFO:ImportIFC:Creating object #6037=IfcWallType('1Qm8M6QFL9gBqZjv03DQXf',#6,'Basic Wall:Concrete - Cast-in-Place - 300',$,$,$,$,'1988137',$,.STANDARD.)
INFO:ImportIFC:Import finished in 1.53 seconds
DEBUG:git.util:sys.platform='linux', git_executable='git'
DEBUG:git.util:sys.platform='linux', git_executable='git'
DEBUG:git.util:sys.platform='linux', git_executable='git'
DEBUG:git.util:sys.platform='linux', git_executable='git'
